crafted,AllOutJay,Artorvian,Ash298,Blondskunk,BrokenPixelSK,HughBone,ImGP,Jagiero,JustinL94,KingZee,PuffingFishHQ,squaremario,This_is_KB,ThisIsDoom,tinkfro,WhiteFyr,total,avg,min,max
acacia_boat,0,0,0,0,1,0,1,0,0,0,0,0,0,0,0,0,2,0.13,0 (tie),1 (tie)
acacia_button,1,5,0,0,0,0,0,0,0,0,8,0,24,0,0,0,38,2.38,0 (tie),24 (This_is_KB)
acacia_chest_boat,0,0,0,0,0,0,1,0,0,0,0,0,0,0,0,0,1,0.06,0 (tie),1 (ImGP)
acacia_fence,0,9,0,3,0,0,0,0,0,0,0,0,0,0,24,0,36,2.25,0 (tie),24 (tinkfro)
acacia_fence_gate,0,0,87,8,0,0,0,0,0,0,0,0,0,4,6,0,105,6.56,0 (tie),87 (Ash298)
acacia_hanging_sign,0,0,0,12,0,0,0,0,0,0,0,0,0,0,0,0,12,0.75,0 (tie),12 (Blondskunk)
acacia_planks,1,132,180,328,12,0,20,0,0,0,1248,0,40,236,692,0,2889,180.56,0 (tie),1248 (PuffingFishHQ)
acacia_sign,0,0,0,9,0,0,0,0,0,0,0,0,0,0,12,0,21,1.31,0 (tie),12 (tinkfro)
acacia_slab,0,18,0,36,0,0,0,0,0,0,6,0,0,0,0,0,60,3.75,0 (tie),36 (Blondskunk)
acacia_stairs,1,0,0,16,0,0,0,0,0,0,88,0,0,0,24,0,129,8.06,0 (tie),88 (PuffingFishHQ)
acacia_trapdoor,0,36,0,48,0,0,0,0,0,0,0,0,0,0,588,0,672,42.00,0 (tie),588 (tinkfro)
acacia_wood,0,0,0,0,0,0,0,0,0,0,180,0,0,0,0,0,180,11.25,0 (tie),180 (PuffingFishHQ)
activator_rail,0,0,0,0,0,6,0,0,0,0,12,0,0,0,0,0,18,1.13,0 (tie),12 (PuffingFishHQ)
air,0,0,0,0,0,0,0,0,0,0,0,0,0,0,0,0,0,0.00,0 (tie),0 (tie)
amethyst_block,0,11,0,0,0,0,0,0,0,0,0,0,0,4,0,0,15,0.94,0 (tie),11 (Artorvian)
andesite,0,0,0,0,0,0,0,0,0,0,628,0,32,0,0,0,660,41.25,0 (tie),628 (PuffingFishHQ)
andesite_slab,0,0,186,228,0,24,0,0,0,144,66,0,64,12,164,24,912,57.00,0 (tie),228 (Blondskunk)
andesite_stairs,0,0,56,16,0,0,0,0,0,20,0,0,0,26,0,0,118,7.38,0 (tie),56 (Ash298)
andesite_wall,0,0,102,60,0,294,0,0,0,1,66,0,73,16,372,18,1002,62.63,0 (tie),372 (tinkfro)
anvil,65,8,1,93,1,16,1,3,4,1,62,0,6,6,14,27,308,19.25,0 (squaremario),93 (Blondskunk)
apple,0,0,0,0,0,0,0,0,0,0,384,0,0,0,0,0,384,24.00,0 (tie),384 (PuffingFishHQ)
armor_stand,0,0,0,2,7,0,0,0,4,0,129,0,10,6,8,224,390,24.38,0 (tie),224 (WhiteFyr)
arrow,0,0,0,0,0,0,0,8,0,0,9344,0,0,0,0,0,9352,584.50,0 (tie),9344 (PuffingFishHQ)
baked_potato,0,968,1095,1035,18,28,0,0,0,0,52,0,0,0,18,1504,4718,294.88,0 (tie),1504 (WhiteFyr)
bamboo_block,8,0,0,0,0,0,0,0,0,1,140,0,0,0,72,0,221,13.81,0 (tie),140 (PuffingFishHQ)
bamboo_chest_raft,0,0,0,0,0,0,0,0,0,0,1,0,0,0,0,0,1,0.06,0 (tie),1 (PuffingFishHQ)
bamboo_mosaic,0,0,0,0,0,0,0,0,0,0,76,0,0,0,0,0,76,4.75,0 (tie),76 (PuffingFishHQ)
bamboo_mosaic_slab,0,0,0,0,0,0,0,0,0,0,86,0,0,0,0,0,86,5.38,0 (tie),86 (PuffingFishHQ)
bamboo_planks,16,0,0,0,0,0,0,0,0,0,286,0,0,0,134,0,436,27.25,0 (tie),286 (PuffingFishHQ)
bamboo_pressure_plate,0,0,0,0,0,0,0,0,0,0,1,0,0,0,0,0,1,0.06,0 (tie),1 (PuffingFishHQ)
bamboo_raft,0,0,0,0,0,0,0,0,0,0,5,0,0,0,0,0,5,0.31,0 (tie),5 (PuffingFishHQ)
bamboo_sign,3,0,0,0,0,0,0,0,0,0,0,0,0,0,0,0,3,0.19,0 (tie),3 (AllOutJay)
bamboo_slab,0,0,0,0,0,0,0,0,0,0,378,0,0,0,0,0,378,23.63,0 (tie),378 (PuffingFishHQ)
bamboo_trapdoor,0,0,0,0,0,0,0,0,0,0,0,0,0,0,96,0,96,6.00,0 (tie),96 (tinkfro)
barrel,66,118,87,350,58,12,0,0,19,32,325,0,192,113,168,393,1933,120.81,0 (tie),393 (WhiteFyr)
beacon,0,0,0,1,0,0,0,1,0,0,1,0,1,0,1,1,6,0.38,0 (tie),1 (tie)
beehive,26,20,0,5,13,0,0,0,0,0,9,0,0,16,117,0,206,12.88,0 (tie),117 (tinkfro)
beetroot_soup,0,3,0,0,0,0,0,0,0,0,0,0,0,0,0,0,3,0.19,0 (tie),3 (Artorvian)
bell,0,0,0,0,0,0,0,0,0,0,48,0,0,0,0,0,48,3.00,0 (tie),48 (PuffingFishHQ)
birch_boat,0,1,0,0,0,0,0,1,0,2,15,0,1,0,0,0,20,1.25,0 (tie),15 (PuffingFishHQ)
birch_button,0,0,0,0,0,0,1,0,0,0,0,0,0,0,17,0,18,1.13,0 (tie),17 (tinkfro)
birch_chest_boat,0,1,0,0,0,0,0,1,0,0,0,0,0,0,0,0,2,0.13,0 (tie),1 (tie)
birch_door,0,3,0,0,0,0,0,0,0,0,6,0,0,0,3,0,12,0.75,0 (tie),6 (PuffingFishHQ)
birch_fence,0,12,0,24,0,24,0,0,0,0,18,0,27,0,12,0,117,7.31,0 (tie),27 (This_is_KB)
birch_fence_gate,0,0,0,0,0,0,0,0,0,0,1,0,1,0,0,0,2,0.13,0 (tie),1 (tie)
birch_planks,0,540,268,808,44,332,144,44,28,88,5812,28,776,96,548,216,9772,610.75,0 (AllOutJay),5812 (PuffingFishHQ)
birch_pressure_plate,0,0,0,0,0,0,0,0,0,0,0,0,0,0,24,0,24,1.50,0 (tie),24 (tinkfro)
birch_sign,0,114,0,3,0,42,21,0,0,9,9,0,3,0,15,0,216,13.50,0 (tie),114 (Artorvian)
birch_slab,0,18,0,192,0,0,0,0,0,0,474,0,66,6,0,0,756,47.25,0 (tie),474 (PuffingFishHQ)
birch_stairs,0,0,0,16,8,0,0,0,0,0,200,0,0,16,32,0,272,17.00,0 (tie),200 (PuffingFishHQ)
birch_trapdoor,0,24,0,12,0,24,48,0,0,0,132,0,0,12,264,0,516,32.25,0 (tie),264 (tinkfro)
birch_wood,0,0,1108,0,0,12,0,0,0,0,148,0,0,0,0,0,1268,79.25,0 (tie),1108 (Ash298)
black_banner,0,27,0,0,2,0,0,0,0,0,0,0,14,0,0,3,46,2.88,0 (tie),27 (Artorvian)
black_bed,0,1,1,0,0,2,0,0,0,0,0,0,6,4,1,0,15,0.94,0 (tie),6 (This_is_KB)
black_candle,0,14,0,0,0,0,0,0,0,0,0,0,63,0,0,0,77,4.81,0 (tie),63 (This_is_KB)
black_carpet,0,0,252,0,3,12,0,36,0,0,0,0,90,30,6,24,453,28.31,0 (tie),252 (Ash298)
black_concrete_powder,0,0,0,0,0,32,0,2456,0,0,536,0,608,0,160,112,3904,244.00,0 (tie),2456 (Jagiero)
black_dye,37,364,0,69,2,117,0,307,7,3,661,0,916,29,186,132,2830,176.88,0 (tie),916 (This_is_KB)
black_glazed_terracotta,0,0,0,0,0,0,0,0,0,0,61,0,8,0,0,0,69,4.31,0 (tie),61 (PuffingFishHQ)
black_shulker_box,0,0,0,0,0,0,0,0,0,0,1,0,37,0,0,0,38,2.38,0 (tie),37 (This_is_KB)
black_stained_glass,32,8,0,0,0,384,0,0,0,0,272,0,96,0,408,32,1232,77.00,0 (tie),408 (tinkfro)
black_stained_glass_pane,32,16,0,0,0,0,0,0,0,0,16,0,0,0,32,0,96,6.00,0 (tie),32 (tie)
black_terracotta,0,376,0,24,0,0,0,0,0,0,0,0,8,0,80,384,872,54.50,0 (tie),384 (WhiteFyr)
black_wool,0,175,0,0,0,0,0,0,0,0,0,0,12,6,17,49,259,16.19,0 (tie),175 (Artorvian)
blackstone_slab,0,0,0,14,0,0,0,66,0,0,0,0,0,0,0,0,80,5.00,0 (tie),66 (Jagiero)
blackstone_stairs,0,0,0,24,0,0,0,0,0,0,0,0,24,0,0,0,48,3.00,0 (tie),24 (tie)
blackstone_wall,0,0,0,0,0,2,0,0,0,36,0,0,6,0,0,0,44,2.75,0 (tie),36 (KingZee)
blast_furnace,16,0,0,3,0,0,0,12,2,103,11,0,16,2,104,2,271,16.94,0 (tie),104 (tinkfro)
blaze_powder,32,0,0,16,0,20,0,10,4,0,148,0,14,4,28,20,296,18.50,0 (tie),148 (PuffingFishHQ)
blue_banner,0,0,0,0,2,0,0,0,0,0,0,0,0,0,0,0,2,0.13,0 (tie),2 (BrokenPixelSK)
blue_bed,0,0,0,4,0,0,0,0,0,0,0,0,0,0,0,0,4,0.25,0 (tie),4 (Blondskunk)
blue_candle,0,0,0,2,0,0,0,0,0,0,0,0,0,0,0,0,2,0.13,0 (tie),2 (Blondskunk)
blue_carpet,0,0,0,39,3,0,0,0,0,0,0,0,0,0,0,0,42,2.63,0 (tie),39 (Blondskunk)
blue_concrete_powder,16,0,0,0,0,0,0,0,0,0,8,0,128,0,16,0,168,10.50,0 (tie),128 (This_is_KB)
blue_dye,45,2,0,485,22,57,0,0,1,2,139,0,122,95,100,8,1078,67.38,0 (tie),485 (Blondskunk)
blue_glazed_terracotta,0,0,0,1,0,0,0,0,0,0,0,0,0,0,0,0,1,0.06,0 (tie),1 (Blondskunk)
blue_ice,0,0,0,0,0,0,0,0,0,0,0,0,0,0,8,0,8,0.50,0 (tie),8 (tinkfro)
blue_shulker_box,2,0,0,0,0,0,0,0,1,1,2,0,0,0,0,1,7,0.44,0 (tie),2 (tie)
blue_stained_glass,0,0,0,128,0,0,0,0,0,0,176,0,168,24,0,0,496,31.00,0 (tie),176 (PuffingFishHQ)
blue_stained_glass_pane,0,0,0,336,0,0,0,0,0,0,0,0,504,72,0,0,912,57.00,0 (tie),504 (This_is_KB)
blue_terracotta,0,0,0,40,0,320,0,0,0,0,0,0,0,0,0,0,360,22.50,0 (tie),320 (HughBone)
blue_wool,0,0,0,6,0,0,0,0,0,0,0,0,0,0,0,0,6,0.38,0 (tie),6 (Blondskunk)
bone_block,0,1157,101,0,0,0,0,0,49,0,886,0,73,440,434,0,3140,196.25,0 (tie),1157 (Artorvian)
bone_meal,441,11649,5736,7521,192,252,198,3269,672,426,15562,0,13584,6563,8913,4152,79130,4945.63,0 (squaremario),15562 (PuffingFishHQ)
book,64,9,0,224,60,48,0,112,131,121,261,0,164,491,213,70,1968,123.00,0 (tie),491 (ThisIsDoom)
bookshelf,1,22,0,55,59,49,0,29,55,21,1338,0,32,100,112,1,1874,117.13,0 (tie),1338 (PuffingFishHQ)
bow,6,111,8,48,30,94,0,16,14,0,556,0,7,105,5,27,1027,64.19,0 (tie),556 (PuffingFishHQ)
bowl,0,4,0,0,0,0,0,0,0,0,0,0,0,4,0,0,8,0.50,0 (tie),4 (tie)
bread,39,72,11,14,335,41,82,0,10,21,446,0,220,99,350,116,1856,116.00,0 (tie),446 (PuffingFishHQ)
brewing_stand,0,0,0,1,3,1,0,1,0,0,26,0,0,0,8,1,41,2.56,0 (tie),26 (PuffingFishHQ)
brick,160,1090,292,496,64,0,0,0,252,0,29232,0,1749,796,5940,19,40090,2505.63,0 (tie),29232 (PuffingFishHQ)
brick_slab,0,2,12,0,0,0,0,0,12,0,802,0,4,2,10,0,844,52.75,0 (tie),802 (PuffingFishHQ)
brick_stairs,0,8,32,17,0,0,0,0,16,0,914,0,4,10,16,0,1017,63.56,0 (tie),914 (PuffingFishHQ)
brick_wall,0,8,0,12,0,0,0,0,0,0,408,0,0,0,6,0,434,27.13,0 (tie),408 (PuffingFishHQ)
bricks,0,1204,184,68,16,0,0,0,32,0,28044,0,1440,676,4640,0,36304,2269.00,0 (tie),28044 (PuffingFishHQ)
brown_banner,0,0,0,0,2,16,0,0,0,0,0,0,0,0,0,0,18,1.13,0 (tie),16 (HughBone)
brown_bed,0,0,0,0,0,0,0,0,0,0,0,0,0,0,3,0,3,0.19,0 (tie),3 (tinkfro)
brown_candle,0,0,0,16,0,0,0,0,0,0,0,0,0,1,0,0,17,1.06,0 (tie),16 (Blondskunk)
brown_carpet,0,45,0,12,6,24,0,0,0,0,0,0,0,6,0,0,93,5.81,0 (tie),45 (Artorvian)
brown_concrete_powder,0,0,0,728,0,0,0,512,0,0,0,0,640,0,0,0,1880,117.50,0 (tie),728 (Blondskunk)
brown_dye,4,38,0,113,3,11,0,64,0,0,6,0,102,5,3,9,358,22.38,0 (tie),113 (Blondskunk)
brown_glazed_terracotta,0,0,0,0,0,0,0,0,0,0,12,0,0,0,0,0,12,0.75,0 (tie),12 (PuffingFishHQ)
brown_shulker_box,3,0,0,1,0,0,0,0,0,0,6,0,2,0,0,0,12,0.75,0 (tie),6 (PuffingFishHQ)
brown_stained_glass,0,0,0,0,0,0,0,0,0,0,0,0,0,0,0,64,64,4.00,0 (tie),64 (WhiteFyr)
brown_stained_glass_pane,0,0,0,0,0,0,0,0,0,0,0,0,0,0,0,64,64,4.00,0 (tie),64 (WhiteFyr)
brown_terracotta,0,64,0,0,0,0,0,0,0,0,12,0,0,0,0,0,76,4.75,0 (tie),64 (Artorvian)
brown_wool,0,30,0,0,2,0,0,0,0,0,0,0,0,4,9,0,45,2.81,0 (tie),30 (Artorvian)
brush,0,0,0,6,0,0,0,0,0,0,0,0,0,0,0,0,6,0.38,0 (tie),6 (Blondskunk)
bucket,1,6,1,54,1,64,1,20,11,1,222,1,22,12,64,100,581,36.31,1 (tie),222 (PuffingFishHQ)
cake,0,0,0,8,0,0,0,0,0,0,0,0,1,0,8,0,17,1.06,0 (tie),8 (tie)
campfire,0,46,3,35,3,2,0,24,3,1,29,0,5,16,120,0,287,17.94,0 (tie),120 (tinkfro)
candle,0,84,0,481,16,0,0,0,0,0,0,0,75,56,0,0,712,44.50,0 (tie),481 (Blondskunk)
carrot_on_a_stick,1,0,1,0,0,0,0,0,0,1,0,0,3,0,0,0,6,0.38,0 (tie),3 (This_is_KB)
cartography_table,0,0,0,3,1,0,0,0,0,0,0,0,0,1,1,0,6,0.38,0 (tie),3 (Blondskunk)
cauldron,0,2,0,91,3,0,1,0,0,0,59,0,24,3,72,64,319,19.94,0 (tie),91 (Blondskunk)
chain,10,90,0,244,26,0,14,532,0,2,843,0,137,137,736,28,2799,174.94,0 (tie),843 (PuffingFishHQ)
chainmail_boots,0,2,0,0,0,0,0,0,2,0,0,0,0,1,0,0,5,0.31,0 (tie),2 (tie)
chainmail_chestplate,0,2,0,0,0,0,0,0,1,0,23,0,0,2,0,0,28,1.75,0 (tie),23 (PuffingFishHQ)
chainmail_helmet,0,3,0,0,0,0,0,0,1,0,0,0,0,3,0,0,7,0.44,0 (tie),3 (tie)
chainmail_leggings,0,0,0,0,0,0,0,0,1,0,13,0,0,2,0,0,16,1.00,0 (tie),13 (PuffingFishHQ)
charcoal,0,832,0,0,48,0,6,0,392,4,1155,0,437,56,0,0,2930,183.13,0 (tie),1155 (PuffingFishHQ)
cherry_boat,0,0,0,1,0,0,0,0,0,0,1,0,49,0,0,0,51,3.19,0 (tie),49 (This_is_KB)
cherry_button,0,0,0,12,0,0,0,0,0,0,0,0,73,0,0,0,85,5.31,0 (tie),73 (This_is_KB)
cherry_fence,0,0,0,0,0,0,0,0,0,0,0,0,60,0,0,0,60,3.75,0 (tie),60 (This_is_KB)
cherry_fence_gate,0,0,0,0,0,0,0,0,0,0,0,0,2,0,0,0,2,0.13,0 (tie),2 (This_is_KB)
cherry_hanging_sign,0,0,0,0,0,0,0,0,0,0,0,0,6,0,0,0,6,0.38,0 (tie),6 (This_is_KB)
cherry_planks,0,0,0,32,0,0,0,0,0,0,264,0,608,0,0,0,904,56.50,0 (tie),608 (This_is_KB)
cherry_pressure_plate,0,0,0,0,0,0,0,0,0,0,0,0,1,0,0,0,1,0.06,0 (tie),1 (This_is_KB)
cherry_sapling,0,0,0,0,0,0,0,0,0,0,1,0,0,0,0,0,1,0.06,0 (tie),1 (PuffingFishHQ)
cherry_sign,0,0,0,0,0,0,0,0,0,0,0,0,16,0,0,0,16,1.00,0 (tie),16 (This_is_KB)
cherry_slab,0,0,0,0,0,0,0,0,0,0,0,0,66,0,0,0,66,4.13,0 (tie),66 (This_is_KB)
cherry_stairs,0,0,0,0,0,0,0,0,0,0,0,0,210,0,0,0,210,13.13,0 (tie),210 (This_is_KB)
cherry_trapdoor,0,0,0,12,0,0,0,0,0,0,0,0,160,0,0,0,172,10.75,0 (tie),160 (This_is_KB)
cherry_wood,0,0,0,28,0,0,0,0,0,0,0,0,0,0,0,0,28,1.75,0 (tie),28 (Blondskunk)
chest,17,94,179,238,233,251,30,640,40,74,4430,2,872,22,293,435,7850,490.63,2 (squaremario),4430 (PuffingFishHQ)
chest_minecart,0,0,0,0,2,0,0,0,0,0,3,0,0,0,1,0,6,0.38,0 (tie),3 (PuffingFishHQ)
chiseled_bookshelf,0,0,0,14,0,0,0,0,0,0,203,0,76,0,0,0,293,18.31,0 (tie),203 (PuffingFishHQ)
chiseled_deepslate,0,0,0,12,0,0,0,0,0,0,0,0,0,2,0,0,14,0.88,0 (tie),12 (Blondskunk)
chiseled_polished_blackstone,0,0,0,0,0,0,0,16,0,0,0,0,0,0,0,0,16,1.00,0 (tie),16 (Jagiero)
chiseled_quartz_block,0,0,0,7,0,0,0,0,0,0,0,0,0,0,0,0,7,0.44,0 (tie),7 (Blondskunk)
chiseled_sandstone,0,0,0,0,0,0,0,0,0,0,5,0,0,0,0,0,5,0.31,0 (tie),5 (PuffingFishHQ)
chiseled_stone_bricks,0,0,0,20,0,0,0,0,0,0,1063,0,72,0,13,0,1168,73.00,0 (tie),1063 (PuffingFishHQ)
chiseled_tuff,0,0,0,0,0,0,0,0,0,0,64,0,1,0,0,0,65,4.06,0 (tie),64 (PuffingFishHQ)
chiseled_tuff_bricks,0,0,0,0,0,0,0,0,0,0,1,0,0,0,0,0,1,0.06,0 (tie),1 (PuffingFishHQ)
clay,0,540,484,132,0,0,0,0,0,0,0,0,8,137,75,0,1376,86.00,0 (tie),540 (Artorvian)
clock,0,0,0,1,0,0,0,1,0,0,69,0,0,0,0,0,71,4.44,0 (tie),69 (PuffingFishHQ)
coal,117,27,0,18,0,679,90,0,0,0,504,0,0,432,1278,1917,5062,316.38,0 (tie),1917 (WhiteFyr)
coal_block,14,3,0,2,0,80,33,0,0,0,49,0,0,63,166,1128,1538,96.13,0 (tie),1128 (WhiteFyr)
coarse_dirt,12,84,416,416,56,152,312,128,0,0,660,0,832,32,716,1160,4976,311.00,0 (tie),1160 (WhiteFyr)
coast_armor_trim_smithing_template,0,0,0,2,0,0,0,0,0,0,0,0,0,0,0,0,2,0.13,0 (tie),2 (Blondskunk)
cobbled_deepslate_slab,0,0,12,10,0,0,0,106,0,0,0,0,46,58,14,0,246,15.38,0 (tie),106 (Jagiero)
cobbled_deepslate_stairs,0,0,80,0,0,0,0,66,0,0,0,0,158,5,0,0,309,19.31,0 (tie),158 (This_is_KB)
cobbled_deepslate_wall,0,0,498,34,0,0,0,12,0,0,6,0,80,0,0,0,630,39.38,0 (tie),498 (Ash298)
cobblestone_slab,0,6,252,1092,6,18,0,76,0,20,588,0,4,0,222,96,2380,148.75,0 (tie),1092 (Blondskunk)
cobblestone_stairs,0,0,72,288,0,24,0,0,224,20,64,0,61,120,24,64,961,60.06,0 (tie),288 (Blondskunk)
cobblestone_wall,0,0,102,84,25,84,0,6,0,1,72,0,0,0,23,6,403,25.19,0 (tie),102 (Ash298)
comparator,0,16,9,2,1,6,0,21,2,8,453,0,0,0,11,0,529,33.06,0 (tie),453 (PuffingFishHQ)
compass,0,0,0,3,1,0,0,0,0,0,57,0,0,4,4,0,69,4.31,0 (tie),57 (PuffingFishHQ)
composter,0,1,7,2,11,0,0,1,3,0,240,0,20,14,1,2,302,18.88,0 (tie),240 (PuffingFishHQ)
conduit,0,0,1,0,0,0,0,1,0,0,0,0,0,0,2,0,4,0.25,0 (tie),2 (tinkfro)
cooked_beef,219,113,0,236,130,193,273,655,511,364,599,8,294,1262,240,77,5174,323.38,0 (Ash298),1262 (ThisIsDoom)
cooked_chicken,7,0,0,0,0,4,0,2,5,0,10,1,0,2,1,0,32,2.00,0 (tie),10 (PuffingFishHQ)
cooked_mutton,30,150,0,0,55,135,77,1,52,0,88,0,0,0,192,66,846,52.88,0 (tie),192 (tinkfro)
cooked_porkchop,24,47,0,0,45,193,160,24,25,0,13,32,0,96,302,152,1113,69.56,0 (tie),302 (tinkfro)
cooked_salmon,66,0,0,0,0,0,0,0,68,0,0,0,0,0,1,0,135,8.44,0 (tie),68 (JustinL94)
cookie,0,0,0,0,0,0,0,0,0,0,918,0,0,0,216,0,1134,70.88,0 (tie),918 (PuffingFishHQ)
copper_block,0,57,0,216,54,1,0,0,179,447,466,0,16,406,30,15,1887,117.94,0 (tie),466 (PuffingFishHQ)
copper_bulb,0,0,0,36,0,0,0,0,0,0,0,0,0,0,0,0,36,2.25,0 (tie),36 (Blondskunk)
copper_grate,0,0,0,16,0,0,0,0,0,0,0,0,0,0,0,0,16,1.00,0 (tie),16 (Blondskunk)
copper_ingot,0,560,0,3395,67,6,29,1238,1539,3666,4350,0,265,4060,79,192,19446,1215.38,0 (tie),4350 (PuffingFishHQ)
copper_trapdoor,0,0,0,5,0,0,0,0,0,0,0,0,0,0,0,0,5,0.31,0 (tie),5 (Blondskunk)
cracked_deepslate_bricks,0,0,0,0,0,0,0,24,0,0,0,0,38,4,0,0,66,4.13,0 (tie),38 (This_is_KB)
cracked_stone_bricks,0,0,0,0,0,200,0,0,0,28,0,0,0,0,0,0,228,14.25,0 (tie),200 (HughBone)
crafter,5,0,0,1,0,0,0,0,0,0,2,0,0,0,0,0,8,0.50,0 (tie),5 (AllOutJay)
crafting_table,17,11,42,24,14,29,10,11,32,9,121,7,20,8,55,14,424,26.50,7 (squaremario),121 (PuffingFishHQ)
crimson_button,0,0,0,0,0,0,0,0,0,0,0,0,64,0,0,0,64,4.00,0 (tie),64 (This_is_KB)
crimson_hanging_sign,0,0,0,6,0,0,0,0,0,0,0,0,0,0,0,0,6,0.38,0 (tie),6 (Blondskunk)
crimson_planks,0,64,0,12,148,200,16,0,0,0,188,0,108,28,364,0,1128,70.50,0 (tie),364 (tinkfro)
crimson_sign,0,0,0,6,0,0,0,0,0,0,0,0,0,0,36,0,42,2.63,0 (tie),36 (tinkfro)
crimson_slab,0,0,0,0,0,24,0,0,0,0,0,0,0,0,24,0,48,3.00,0 (tie),24 (tie)
crimson_stairs,0,16,0,0,0,8,0,0,0,0,0,0,0,0,0,0,24,1.50,0 (tie),16 (Artorvian)
crimson_trapdoor,0,24,0,0,0,0,0,0,0,0,0,0,0,0,456,0,480,30.00,0 (tie),456 (tinkfro)
crossbow,0,0,0,4,0,0,0,0,0,0,388,0,0,0,0,0,392,24.50,0 (tie),388 (PuffingFishHQ)
cut_copper,0,20,0,28,0,0,0,0,0,8,0,0,0,0,0,0,56,3.50,0 (tie),28 (Blondskunk)
cut_copper_slab,0,0,0,0,0,0,0,0,0,8,0,0,0,0,0,0,8,0.50,0 (tie),8 (KingZee)
cut_copper_stairs,0,4,0,24,0,0,0,0,0,28,0,0,0,20,0,0,76,4.75,0 (tie),28 (KingZee)
cut_sandstone,0,0,0,0,0,0,0,0,0,0,7028,0,0,0,0,0,7028,439.25,0 (tie),7028 (PuffingFishHQ)
cut_sandstone_slab,0,0,0,0,0,0,0,0,0,0,616,0,0,0,0,0,616,38.50,0 (tie),616 (PuffingFishHQ)
cyan_banner,0,0,0,32,4,0,0,0,0,0,0,0,0,0,0,0,36,2.25,0 (tie),32 (Blondskunk)
cyan_bed,0,0,0,2,1,0,0,0,0,0,0,0,0,0,0,0,3,0.19,0 (tie),2 (Blondskunk)
cyan_candle,0,0,0,20,0,0,0,0,0,0,0,0,0,0,0,0,20,1.25,0 (tie),20 (Blondskunk)
cyan_carpet,0,0,0,162,6,0,0,0,0,0,0,0,21,12,6,15,222,13.88,0 (tie),162 (Blondskunk)
cyan_concrete_powder,0,0,0,72,0,0,0,0,0,0,0,0,256,0,80,0,408,25.50,0 (tie),256 (This_is_KB)
cyan_dye,32,0,0,60,2,10,0,0,0,0,86,0,130,116,118,0,554,34.63,0 (tie),130 (This_is_KB)
cyan_glazed_terracotta,0,0,0,0,0,0,0,0,0,0,185,0,0,0,16,0,201,12.56,0 (tie),185 (PuffingFishHQ)
cyan_shulker_box,0,0,0,1,0,0,0,0,0,0,0,0,1,0,0,0,2,0.13,0 (tie),1 (tie)
cyan_stained_glass,0,0,0,96,0,0,0,0,0,0,160,0,0,0,0,0,256,16.00,0 (tie),160 (PuffingFishHQ)
cyan_terracotta,576,0,0,0,0,0,0,0,0,0,0,0,576,912,824,0,2888,180.50,0 (tie),912 (ThisIsDoom)
cyan_wool,0,0,0,0,0,0,0,0,0,0,0,0,15,0,0,0,15,0.94,0 (tie),15 (This_is_KB)
dark_oak_boat,0,0,0,0,1,0,0,1,3,0,2,0,0,1,2,0,10,0.63,0 (tie),3 (JustinL94)
dark_oak_button,0,9,13,98,0,0,0,0,0,0,9,0,0,2,73,0,204,12.75,0 (tie),98 (Blondskunk)
dark_oak_chest_boat,0,0,0,0,1,0,0,0,0,0,1,0,0,1,1,0,4,0.25,0 (tie),1 (tie)
dark_oak_door,0,9,0,9,0,0,0,0,0,0,0,0,9,15,27,0,69,4.31,0 (tie),27 (tinkfro)
dark_oak_fence,0,63,135,414,27,0,30,0,18,57,12,0,195,36,57,0,1044,65.25,0 (tie),414 (Blondskunk)
dark_oak_fence_gate,0,107,0,18,29,0,18,3,0,0,0,0,2,5,28,0,210,13.13,0 (tie),107 (Artorvian)
dark_oak_hanging_sign,0,0,0,54,0,0,0,0,0,0,6,0,0,0,0,0,60,3.75,0 (tie),54 (Blondskunk)
dark_oak_planks,0,2432,892,3820,2584,20,296,1040,492,964,7408,16,1348,5983,1572,340,29207,1825.44,0 (AllOutJay),7408 (PuffingFishHQ)
dark_oak_pressure_plate,0,0,0,0,0,0,0,0,0,6,2,0,0,0,1,0,9,0.56,0 (tie),6 (KingZee)
dark_oak_sign,0,6,0,147,18,0,0,0,3,0,148,0,12,51,87,12,484,30.25,0 (tie),148 (PuffingFishHQ)
dark_oak_slab,0,360,42,800,210,24,36,72,132,126,1686,0,222,156,438,126,4430,276.88,0 (tie),1686 (PuffingFishHQ)
dark_oak_stairs,0,776,24,1000,16,8,80,0,16,8,352,0,48,200,56,80,2664,166.50,0 (tie),1000 (Blondskunk)
dark_oak_trapdoor,0,588,48,960,72,0,36,60,12,12,828,0,84,252,336,48,3336,208.50,0 (tie),960 (Blondskunk)
dark_oak_wood,0,416,16,300,0,0,0,4,0,0,300,0,4,0,4,0,1044,65.25,0 (tie),416 (Artorvian)
dark_prismarine,0,0,0,0,0,0,0,0,0,0,321,0,0,0,0,0,321,20.06,0 (tie),321 (PuffingFishHQ)
dark_prismarine_slab,0,0,0,0,0,0,0,0,0,0,134,0,0,0,0,0,134,8.38,0 (tie),134 (PuffingFishHQ)
dark_prismarine_stairs,0,0,0,0,0,0,0,0,0,0,64,0,0,0,0,0,64,4.00,0 (tie),64 (PuffingFishHQ)
daylight_detector,0,6,0,0,4,0,0,0,0,0,0,0,0,1,0,0,11,0.69,0 (tie),6 (Artorvian)
decorated_pot,12,0,0,34,0,0,0,0,0,0,157,0,0,0,40,0,243,15.19,0 (tie),157 (PuffingFishHQ)
deepslate,0,0,0,0,0,0,0,111,0,0,0,0,12,0,0,0,123,7.69,0 (tie),111 (Jagiero)
deepslate_brick_slab,0,0,82,60,0,0,0,120,66,0,6,0,136,18,1024,54,1566,97.88,0 (tie),1024 (tinkfro)
deepslate_brick_stairs,0,0,184,1536,0,0,0,112,32,0,0,0,40,22,344,9,2279,142.44,0 (tie),1536 (Blondskunk)
deepslate_brick_wall,0,0,120,0,0,0,0,15,0,0,0,0,0,0,27,0,162,10.13,0 (tie),120 (Ash298)
deepslate_bricks,0,0,1052,1974,0,0,0,64,452,0,2304,0,50,9,0,256,6161,385.06,0 (tie),2304 (PuffingFishHQ)
deepslate_tile_slab,0,0,0,1692,0,0,0,0,96,0,2298,0,122,138,0,0,4346,271.63,0 (tie),2298 (PuffingFishHQ)
deepslate_tile_stairs,0,0,0,0,0,0,0,16,88,0,0,0,71,67,0,0,242,15.13,0 (tie),88 (JustinL94)
deepslate_tile_wall,0,0,0,18,0,0,0,0,0,0,240,0,12,1,0,0,271,16.94,0 (tie),240 (PuffingFishHQ)
deepslate_tiles,0,0,0,756,0,0,0,0,336,0,1581,0,53,1,0,0,2727,170.44,0 (tie),1581 (PuffingFishHQ)
detector_rail,0,0,0,0,0,0,0,0,0,0,78,0,0,0,0,0,78,4.88,0 (tie),78 (PuffingFishHQ)
diamond,27,27,81,630,0,198,0,198,63,0,324,0,9,0,135,315,2007,125.44,0 (tie),630 (Blondskunk)
diamond_axe,1,5,2,7,1,2,2,2,1,1,20,0,4,1,1,2,52,3.25,0 (squaremario),20 (PuffingFishHQ)
diamond_block,11,3,9,98,0,28,0,51,26,0,25,0,1,0,180,81,513,32.06,0 (tie),180 (tinkfro)
diamond_boots,1,2,3,2,1,3,0,6,3,1,9,0,3,1,1,1,37,2.31,0 (tie),9 (PuffingFishHQ)
diamond_chestplate,1,1,4,1,1,1,0,1,2,0,6,0,2,1,1,1,23,1.44,0 (tie),6 (PuffingFishHQ)
diamond_helmet,1,2,3,2,1,2,0,0,2,0,7,0,2,1,0,1,24,1.50,0 (tie),7 (PuffingFishHQ)
diamond_hoe,1,2,0,1,0,1,1,11,1,0,12,0,1,1,0,1,33,2.06,0 (tie),12 (PuffingFishHQ)
diamond_leggings,1,1,2,4,1,1,0,1,1,0,7,0,2,1,1,1,24,1.50,0 (tie),7 (PuffingFishHQ)
diamond_pickaxe,2,2,7,9,2,7,4,16,6,3,16,1,5,2,2,4,88,5.50,1 (squaremario),16 (tie)
diamond_shovel,1,1,3,5,1,2,2,3,3,1,43,0,5,2,1,1,74,4.63,0 (squaremario),43 (PuffingFishHQ)
diamond_sword,1,2,4,5,1,2,0,6,4,1,9,0,2,1,1,1,40,2.50,0 (tie),9 (PuffingFishHQ)
diorite,0,0,0,0,0,0,0,0,0,0,6,0,0,0,0,0,6,0.38,0 (tie),6 (PuffingFishHQ)
diorite_slab,0,218,36,48,0,0,66,0,0,0,0,0,4,0,20,24,416,26.00,0 (tie),218 (Artorvian)
diorite_stairs,0,64,56,40,0,0,40,0,0,0,0,0,0,0,0,8,208,13.00,0 (tie),64 (Artorvian)
diorite_wall,0,90,84,24,0,0,0,0,0,0,6,0,38,0,6,36,284,17.75,0 (tie),90 (Artorvian)
dispenser,0,18,8,8,19,105,0,20,9,8,171,0,2,0,25,0,393,24.56,0 (tie),171 (PuffingFishHQ)
dried_kelp,0,0,0,0,0,0,0,0,0,0,33,0,1,0,72,0,106,6.63,0 (tie),72 (tinkfro)
dried_kelp_block,0,0,1202,0,0,0,0,0,0,0,1168,0,0,20,42,0,2432,152.00,0 (tie),1202 (Ash298)
dripstone_block,0,0,64,0,0,17,0,0,0,0,348,0,0,0,4,0,433,27.06,0 (tie),348 (PuffingFishHQ)
dropper,5,0,2,2,0,103,0,26,18,1,159,0,0,0,29,0,345,21.56,0 (tie),159 (PuffingFishHQ)
dune_armor_trim_smithing_template,0,0,0,10,0,0,0,0,0,0,0,0,0,0,0,0,10,0.63,0 (tie),10 (Blondskunk)
emerald,440,0,0,0,0,81,0,783,1513,0,102578,0,3495,822,9705,68,119485,7467.81,0 (tie),102578 (PuffingFishHQ)
emerald_block,0,0,0,0,0,0,0,55,1065,0,23928,0,112,0,239,5,25404,1587.75,0 (tie),23928 (PuffingFishHQ)
enchanted_book,12,0,1,0,0,0,0,13,46,0,2343,0,20,28,84,4,2551,159.44,0 (tie),2343 (PuffingFishHQ)
enchanting_table,0,1,0,1,1,0,0,1,1,0,2,0,0,1,0,0,8,0.50,0 (tie),2 (PuffingFishHQ)
end_crystal,0,0,0,0,0,0,0,0,0,0,4,0,0,0,0,0,4,0.25,0 (tie),4 (PuffingFishHQ)
end_rod,192,0,0,12,0,96,0,0,0,0,92,0,20,0,0,0,412,25.75,0 (tie),192 (AllOutJay)
end_stone_brick_slab,0,0,0,0,0,0,0,0,0,0,120,0,0,0,0,0,120,7.50,0 (tie),120 (PuffingFishHQ)
end_stone_bricks,0,0,0,0,0,0,0,0,0,0,124,0,0,0,384,0,508,31.75,0 (tie),384 (tinkfro)
ender_chest,15,0,0,13,0,11,1,4,1,0,21,0,10,2,14,11,103,6.44,0 (tie),21 (PuffingFishHQ)
ender_eye,30,0,0,15,0,19,1,4,1,0,37,0,10,3,21,11,152,9.50,0 (tie),37 (PuffingFishHQ)
exposed_copper,0,0,0,4,0,0,0,0,0,0,0,0,0,0,0,0,4,0.25,0 (tie),4 (Blondskunk)
exposed_copper_grate,0,0,0,16,0,0,0,0,0,0,0,0,0,0,0,0,16,1.00,0 (tie),16 (Blondskunk)
fermented_spider_eye,0,0,0,0,0,0,0,1,0,0,6,0,1,0,0,0,8,0.50,0 (tie),6 (PuffingFishHQ)
firework_rocket,1728,0,0,0,0,0,0,1276,1146,0,4032,0,0,0,50252,0,58434,3652.13,0 (tie),50252 (tinkfro)
fishing_rod,7,0,2,1,0,0,0,0,0,1,5,0,8,1,5,0,30,1.88,0 (tie),8 (This_is_KB)
fletching_table,0,0,0,6,1,0,0,0,0,0,16,0,0,0,0,0,23,1.44,0 (tie),16 (PuffingFishHQ)
flint_and_steel,1,0,1,5,1,2,0,5,1,0,20,0,2,2,4,3,47,2.94,0 (tie),20 (PuffingFishHQ)
flower_pot,0,12,12,100,9,0,0,0,8,0,75,0,29,39,118,4,406,25.38,0 (tie),118 (tinkfro)
furnace,34,24,6,21,16,20,8,28,7,106,218,4,61,23,146,17,739,46.19,4 (squaremario),218 (PuffingFishHQ)
furnace_minecart,0,0,0,0,0,3,0,0,0,0,2,0,0,0,1,0,6,0.38,0 (tie),3 (HughBone)
glass,40,592,166,2721,21,136,80,2589,540,192,9484,0,1138,798,1524,518,20539,1283.69,0 (squaremario),9484 (PuffingFishHQ)
glass_bottle,0,273,60,12,0,24,0,15,30,0,1518,0,69,0,21,12,2034,127.13,0 (tie),1518 (PuffingFishHQ)
glass_pane,0,0,0,0,0,48,48,0,0,0,32,0,528,256,544,0,1456,91.00,0 (tie),544 (tinkfro)
glistering_melon_slice,0,0,0,0,0,1,0,0,0,0,135,0,5,0,0,0,141,8.81,0 (tie),135 (PuffingFishHQ)
glow_item_frame,0,0,0,11,0,0,0,0,0,0,4,0,0,0,8,0,23,1.44,0 (tie),11 (Blondskunk)
glowstone,0,0,0,0,20,0,0,0,3,0,1325,0,0,32,0,0,1380,86.25,0 (tie),1325 (PuffingFishHQ)
gold_block,9,24,0,4,0,29,0,68,24,0,72,0,0,40,93,0,363,22.69,0 (tie),93 (tinkfro)
gold_ingot,86,233,54,380,13,283,76,762,219,168,1939,0,47,293,676,156,5385,336.56,0 (squaremario),1939 (PuffingFishHQ)
gold_nugget,531,81,0,45,18,801,0,9,9,0,72,0,90,0,0,0,1656,103.50,0 (tie),801 (HughBone)
golden_apple,2,0,0,22,0,0,0,0,0,0,3,0,17,0,0,5,49,3.06,0 (tie),22 (Blondskunk)
golden_boots,0,11,0,1,1,0,0,0,3,0,0,0,1,19,0,0,36,2.25,0 (tie),19 (ThisIsDoom)
golden_carrot,66,9,66,3,0,98,0,1,231,0,4089,0,5,0,942,0,5510,344.38,0 (tie),4089 (PuffingFishHQ)
golden_chestplate,0,5,0,1,0,0,0,0,0,0,0,0,0,13,0,2,21,1.31,0 (tie),13 (ThisIsDoom)
golden_helmet,0,5,0,1,0,0,0,5,0,0,1,0,3,5,0,2,22,1.38,0 (tie),5 (tie)
golden_leggings,0,8,0,3,0,0,0,0,0,0,0,0,1,16,0,2,30,1.88,0 (tie),16 (ThisIsDoom)
golden_shovel,0,0,0,0,0,0,0,1,0,0,0,0,0,0,0,0,1,0.06,0 (tie),1 (Jagiero)
granite,0,0,0,0,0,0,0,0,0,0,2,0,0,0,0,0,2,0.13,0 (tie),2 (PuffingFishHQ)
granite_slab,0,0,0,0,0,12,0,0,0,0,0,0,6,0,60,0,78,4.88,0 (tie),60 (tinkfro)
granite_stairs,0,0,8,8,0,0,0,0,0,0,0,0,4,0,0,0,20,1.25,0 (tie),8 (tie)
granite_wall,0,6,6,6,0,0,0,0,0,0,18,0,0,0,24,0,60,3.75,0 (tie),24 (tinkfro)
gray_banner,0,0,0,0,2,0,0,0,0,0,0,0,0,0,0,0,2,0.13,0 (tie),2 (BrokenPixelSK)
gray_carpet,0,15,0,12,6,0,0,0,18,0,27,0,6,36,9,27,156,9.75,0 (tie),36 (ThisIsDoom)
gray_concrete_powder,200,24,0,272,0,0,0,0,0,0,0,0,6944,0,16,0,7456,466.00,0 (tie),6944 (This_is_KB)
gray_dye,30,74,0,2,2,84,0,0,14,6,250,0,1076,46,18,24,1626,101.63,0 (tie),1076 (This_is_KB)
gray_glazed_terracotta,0,0,0,0,0,0,0,0,0,0,0,0,0,72,0,0,72,4.50,0 (tie),72 (ThisIsDoom)
gray_shulker_box,5,0,0,0,0,0,0,0,0,0,6,0,1,0,4,0,16,1.00,0 (tie),6 (PuffingFishHQ)
gray_stained_glass,0,0,0,0,0,512,0,0,0,48,88,0,0,0,0,0,648,40.50,0 (tie),512 (HughBone)
gray_stained_glass_pane,0,0,0,0,0,0,0,0,0,16,0,0,0,80,144,0,240,15.00,0 (tie),144 (tinkfro)
gray_terracotta,0,24,0,0,0,0,0,0,0,0,0,0,0,72,0,0,96,6.00,0 (tie),72 (ThisIsDoom)
gray_wool,0,10,0,0,0,1,0,0,14,0,20,0,4,4,10,18,81,5.06,0 (tie),20 (PuffingFishHQ)
green_banner,0,23,0,0,2,0,0,0,0,0,1,0,0,0,0,0,26,1.63,0 (tie),23 (Artorvian)
green_bed,0,0,0,0,0,0,0,0,0,0,4,0,0,0,0,0,4,0.25,0 (tie),4 (PuffingFishHQ)
green_candle,0,0,0,0,0,0,0,0,0,0,0,0,0,2,0,0,2,0.13,0 (tie),2 (ThisIsDoom)
green_carpet,0,0,0,45,6,0,0,0,0,0,0,0,27,0,12,0,90,5.63,0 (tie),45 (Blondskunk)
green_concrete_powder,0,0,0,120,8,0,0,0,0,0,248,0,24,0,0,0,400,25.00,0 (tie),248 (PuffingFishHQ)
green_dye,1,12,0,246,0,5,0,0,0,0,213,0,82,61,19,0,639,39.94,0 (tie),246 (Blondskunk)
green_shulker_box,2,0,0,0,0,0,0,0,0,0,1,0,0,0,0,0,3,0.19,0 (tie),2 (AllOutJay)
green_stained_glass,0,0,0,0,0,0,0,0,0,0,0,0,88,0,0,192,280,17.50,0 (tie),192 (WhiteFyr)
green_stained_glass_pane,0,0,0,16,0,0,0,0,0,0,0,0,224,0,0,192,432,27.00,0 (tie),224 (This_is_KB)
green_terracotta,0,0,0,144,0,0,0,0,0,0,272,0,176,0,792,0,1384,86.50,0 (tie),792 (tinkfro)
green_wool,0,94,0,0,0,0,0,0,0,0,0,0,0,0,23,0,117,7.31,0 (tie),94 (Artorvian)
grindstone,10,3,0,10,2,0,2,38,2,128,6,0,0,6,1,0,208,13.00,0 (tie),128 (KingZee)
hay_block,9,24,11,101,119,63,21,6,10,0,147,0,32,749,57,307,1656,103.50,0 (tie),749 (ThisIsDoom)
heavy_weighted_pressure_plate,0,0,0,10,0,0,0,0,0,0,0,0,4,0,20,0,34,2.13,0 (tie),20 (tinkfro)
honey_block,0,78,0,1,0,0,0,0,0,0,459,0,0,0,4,0,542,33.88,0 (tie),459 (PuffingFishHQ)
honeycomb_block,0,3074,0,0,0,0,0,0,0,0,88,0,0,1,0,0,3163,197.69,0 (tie),3074 (Artorvian)
hopper,0,42,85,47,69,78,0,120,10,22,2238,0,20,10,189,20,2950,184.38,0 (tie),2238 (PuffingFishHQ)
hopper_minecart,0,0,8,2,19,13,0,3,0,0,497,0,0,1,8,0,551,34.44,0 (tie),497 (PuffingFishHQ)
ice,0,0,0,0,0,0,0,0,0,0,448,0,0,0,0,0,448,28.00,0 (tie),448 (PuffingFishHQ)
iron_axe,4,12,15,3,13,11,1,3,16,4,34,1,5,9,3,6,140,8.75,1 (tie),34 (PuffingFishHQ)
iron_bars,16,64,48,16,0,48,64,448,64,0,288,0,320,96,2784,0,4256,266.00,0 (tie),2784 (tinkfro)
iron_block,385,66,3,57,3,121,66,68,351,3,10757,0,187,106,1427,25935,39535,2470.94,0 (squaremario),25935 (WhiteFyr)
iron_boots,2,3,1,4,1,4,1,1,1,0,19,4,3,1,5,110,160,10.00,0 (KingZee),110 (WhiteFyr)
iron_chestplate,3,4,1,4,1,8,1,1,1,0,11,4,2,2,5,110,158,9.88,0 (KingZee),110 (WhiteFyr)
iron_door,0,3,0,0,0,3,3,36,0,0,6,0,12,3,18,0,84,5.25,0 (tie),36 (Jagiero)
iron_helmet,2,4,2,3,1,5,1,0,1,0,8,4,1,1,4,110,147,9.19,0 (tie),110 (WhiteFyr)
iron_hoe,0,1,2,3,4,2,0,4,1,0,2,0,1,0,3,0,23,1.44,0 (tie),4 (tie)
iron_ingot,815,987,325,3208,476,2278,723,3095,2165,1442,8916,59,2882,1580,6935,2236,38122,2382.63,59 (squaremario),8916 (PuffingFishHQ)
iron_leggings,2,4,2,3,1,4,1,1,1,0,18,3,1,2,5,110,158,9.88,0 (KingZee),110 (WhiteFyr)
iron_nugget,108,810,117,3066,441,387,63,5193,72,54,4446,0,1656,1326,2248,1548,21535,1345.94,0 (squaremario),5193 (Jagiero)
iron_pickaxe,11,27,9,3,19,22,3,21,3,11,13,3,44,28,5,9,231,14.44,3 (tie),44 (This_is_KB)
iron_shovel,6,11,19,9,22,7,0,7,2,1,15,0,14,10,7,3,133,8.31,0 (tie),22 (BrokenPixelSK)
iron_sword,5,4,5,2,7,6,1,5,4,1,13,3,3,7,12,4,82,5.13,1 (tie),13 (PuffingFishHQ)
iron_trapdoor,105,41,3,43,5,5,0,0,0,124,148,0,18,0,823,0,1315,82.19,0 (tie),823 (tinkfro)
item_frame,0,0,0,24,22,30,0,33,0,0,124,0,381,14,19,0,647,40.44,0 (tie),381 (This_is_KB)
jack_o_lantern,0,192,0,0,0,0,0,0,0,0,96,0,0,0,0,0,288,18.00,0 (tie),192 (Artorvian)
jukebox,1,0,1,2,0,0,0,0,0,0,1,0,1,0,0,0,6,0.38,0 (tie),2 (Blondskunk)
jungle_boat,0,0,0,0,0,0,0,1,0,0,3,0,0,0,0,0,4,0.25,0 (tie),3 (PuffingFishHQ)
jungle_button,0,0,0,0,0,0,0,0,0,0,7,0,37,0,0,0,44,2.75,0 (tie),37 (This_is_KB)
jungle_door,0,0,0,3,0,0,0,0,0,3,3,0,0,9,0,0,18,1.13,0 (tie),9 (ThisIsDoom)
jungle_fence,0,18,21,0,0,0,0,0,0,0,267,0,105,15,57,0,483,30.19,0 (tie),267 (PuffingFishHQ)
jungle_fence_gate,0,11,45,0,0,0,0,0,0,0,650,0,50,7,4,0,767,47.94,0 (tie),650 (PuffingFishHQ)
jungle_hanging_sign,0,0,0,0,0,0,0,0,0,0,60,0,12,0,0,0,72,4.50,0 (tie),60 (PuffingFishHQ)
jungle_planks,0,576,1000,40,0,0,40,680,64,124,21401,0,366,640,2340,0,27271,1704.44,0 (tie),21401 (PuffingFishHQ)
jungle_pressure_plate,0,0,0,0,0,0,0,0,0,0,2,0,0,0,0,0,2,0.13,0 (tie),2 (PuffingFishHQ)
jungle_sign,0,12,0,0,0,0,3,0,0,0,27,0,0,0,15,0,57,3.56,0 (tie),27 (PuffingFishHQ)
jungle_slab,0,90,180,0,0,0,0,108,0,6,822,0,32,162,84,0,1484,92.75,0 (tie),822 (PuffingFishHQ)
jungle_stairs,0,8,104,0,0,0,0,0,0,0,168,0,56,40,192,0,568,35.50,0 (tie),192 (tinkfro)
jungle_trapdoor,0,48,136,0,0,0,0,0,12,12,72,0,35,36,1176,0,1527,95.44,0 (tie),1176 (tinkfro)
jungle_wood,0,0,496,4,0,0,0,0,0,0,0,0,120,0,0,0,620,38.75,0 (tie),496 (Ash298)
ladder,0,18,99,45,18,267,15,387,51,0,405,0,291,15,135,450,2196,137.25,0 (tie),450 (WhiteFyr)
lantern,7,20,14,204,23,21,4,452,54,0,1056,0,134,92,165,183,2429,151.81,0 (tie),1056 (PuffingFishHQ)
lapis_block,38,57,20,252,0,102,40,0,88,0,100,0,0,101,144,725,1667,104.19,0 (tie),725 (WhiteFyr)
lapis_lazuli,36,171,72,936,0,432,99,0,144,0,764,0,0,378,666,171,3869,241.81,0 (tie),936 (Blondskunk)
lead,2,0,0,24,0,0,0,0,0,0,0,0,0,0,0,0,26,1.63,0 (tie),24 (Blondskunk)
leather_boots,0,4,0,3,0,0,0,0,0,0,0,0,0,3,0,4,14,0.88,0 (tie),4 (tie)
leather_chestplate,0,5,0,3,0,0,0,0,0,0,0,0,0,5,0,0,13,0.81,0 (tie),5 (tie)
leather_helmet,0,4,0,3,10,0,0,0,0,0,0,0,0,0,0,5,22,1.38,0 (tie),10 (BrokenPixelSK)
leather_horse_armor,2,0,0,18,0,0,0,0,0,0,0,0,0,0,0,2,22,1.38,0 (tie),18 (Blondskunk)
leather_leggings,0,3,0,3,0,0,0,0,0,0,0,0,0,3,0,1,10,0.63,0 (tie),3 (tie)
lectern,1,22,0,4,17,1,0,0,2,21,71,0,7,6,20,0,172,10.75,0 (tie),71 (PuffingFishHQ)
lever,18,6,57,4,3,16,0,90,8,256,462,0,19,6,117,0,1062,66.38,0 (tie),462 (PuffingFishHQ)
light_blue_banner,0,0,0,18,3,0,0,0,0,0,0,0,0,0,0,0,21,1.31,0 (tie),18 (Blondskunk)
light_blue_bed,3,0,0,1,0,0,0,0,0,0,0,0,0,0,0,0,4,0.25,0 (tie),3 (AllOutJay)
light_blue_candle,0,0,0,104,0,0,0,0,0,0,0,0,0,0,0,0,104,6.50,0 (tie),104 (Blondskunk)
light_blue_carpet,0,0,0,129,6,0,0,0,0,0,0,0,0,0,0,0,135,8.44,0 (tie),129 (Blondskunk)
light_blue_concrete_powder,0,0,0,1040,0,0,0,0,0,0,0,0,576,0,0,0,1616,101.00,0 (tie),1040 (Blondskunk)
light_blue_dye,12,4,0,412,2,16,0,0,0,2,2,0,75,0,16,6,547,34.19,0 (tie),412 (Blondskunk)
light_blue_glazed_terracotta,0,0,0,32,0,0,0,0,0,0,0,0,0,0,0,0,32,2.00,0 (tie),32 (Blondskunk)
light_blue_shulker_box,1,0,0,24,0,1,0,0,0,1,2,0,3,0,4,2,38,2.38,0 (tie),24 (Blondskunk)
light_blue_stained_glass,0,8,0,208,0,8,0,0,0,0,0,0,0,0,0,0,224,14.00,0 (tie),208 (Blondskunk)
light_blue_stained_glass_pane,0,16,0,160,0,0,0,0,0,0,0,0,0,0,0,0,176,11.00,0 (tie),160 (Blondskunk)
light_blue_terracotta,0,0,0,32,0,0,0,0,0,0,2142,0,0,0,40,0,2214,138.38,0 (tie),2142 (PuffingFishHQ)
light_blue_wool,9,0,0,22,1,1,0,0,0,0,0,0,0,0,0,0,33,2.06,0 (tie),22 (Blondskunk)
light_gray_banner,1,0,0,0,2,0,0,0,0,0,0,0,0,0,0,0,3,0.19,0 (tie),2 (BrokenPixelSK)
light_gray_bed,0,0,0,1,0,0,0,0,1,0,0,0,0,0,6,1,9,0.56,0 (tie),6 (tinkfro)
light_gray_carpet,0,3,0,66,15,12,0,0,21,0,288,0,48,57,231,135,876,54.75,0 (tie),288 (PuffingFishHQ)
light_gray_concrete_powder,0,128,0,0,0,0,0,0,0,0,0,0,0,16,0,96,240,15.00,0 (tie),128 (Artorvian)
light_gray_dye,0,227,0,21,1,14,0,0,0,0,276,0,130,34,88,14,805,50.31,0 (tie),276 (PuffingFishHQ)
light_gray_shulker_box,0,0,0,0,0,0,0,0,0,0,1,0,1,0,3,1,6,0.38,0 (tie),3 (tinkfro)
light_gray_stained_glass,0,208,0,32,0,0,0,0,0,0,368,0,0,0,16,56,680,42.50,0 (tie),368 (PuffingFishHQ)
light_gray_stained_glass_pane,0,96,16,0,0,0,0,0,0,0,0,0,0,232,56,0,400,25.00,0 (tie),232 (ThisIsDoom)
light_gray_terracotta,0,264,0,0,0,0,0,0,0,0,240,0,0,0,0,0,504,31.50,0 (tie),264 (Artorvian)
light_gray_wool,0,37,0,0,0,1,0,0,0,0,0,0,96,0,12,0,146,9.13,0 (tie),96 (This_is_KB)
light_weighted_pressure_plate,0,0,0,0,0,0,0,0,0,0,0,0,0,0,1,0,1,0.06,0 (tie),1 (tinkfro)
lightning_rod,0,11,0,9,58,0,0,0,0,94,25,0,0,128,4,0,329,20.56,0 (tie),128 (ThisIsDoom)
lime_banner,0,12,0,0,2,0,0,0,0,0,0,0,0,0,0,0,14,0.88,0 (tie),12 (Artorvian)
lime_bed,0,0,2,0,0,0,0,0,0,0,0,0,0,0,0,0,2,0.13,0 (tie),2 (Ash298)
lime_carpet,0,0,48,0,3,0,0,0,0,0,96,0,0,0,15,0,162,10.13,0 (tie),96 (PuffingFishHQ)
lime_concrete_powder,0,0,0,0,0,0,0,0,0,0,0,0,0,0,8,0,8,0.50,0 (tie),8 (tinkfro)
lime_dye,0,42,0,107,2,0,0,0,0,0,2,0,40,0,48,4,245,15.31,0 (tie),107 (Blondskunk)
lime_shulker_box,0,0,0,6,0,0,0,0,0,0,0,0,0,0,3,1,10,0.63,0 (tie),6 (Blondskunk)
lime_stained_glass,0,0,64,0,0,0,0,0,0,0,720,0,240,0,200,0,1224,76.50,0 (tie),720 (PuffingFishHQ)
lime_stained_glass_pane,0,0,0,0,0,0,0,0,0,0,1792,0,96,0,0,0,1888,118.00,0 (tie),1792 (PuffingFishHQ)
lime_terracotta,0,0,0,0,0,0,0,0,0,0,0,0,80,0,48,0,128,8.00,0 (tie),80 (This_is_KB)
lime_wool,0,0,0,0,0,0,0,0,0,0,0,0,0,0,10,0,10,0.63,0 (tie),10 (tinkfro)
loom,0,15,0,2,1,0,0,0,10,0,62,0,2,15,0,0,107,6.69,0 (tie),62 (PuffingFishHQ)
magenta_banner,0,0,0,0,2,0,0,0,0,0,0,0,0,0,0,0,2,0.13,0 (tie),2 (BrokenPixelSK)
magenta_carpet,0,0,0,9,0,0,0,0,0,0,0,0,0,0,0,0,9,0.56,0 (tie),9 (Blondskunk)
magenta_dye,0,0,0,18,10,0,0,0,0,0,382,0,0,0,10,0,420,26.25,0 (tie),382 (PuffingFishHQ)
magenta_shulker_box,0,0,0,0,0,0,0,0,0,0,0,0,0,0,3,0,3,0.19,0 (tie),3 (tinkfro)
magenta_stained_glass,0,0,0,8,0,0,0,0,0,0,0,0,0,0,8,0,16,1.00,0 (tie),8 (tie)
magenta_stained_glass_pane,0,0,0,16,0,0,0,0,0,0,0,0,0,0,0,0,16,1.00,0 (tie),16 (Blondskunk)
magenta_terracotta,0,0,0,0,0,0,0,0,0,0,1708,0,0,0,184,0,1892,118.25,0 (tie),1708 (PuffingFishHQ)
magenta_wool,0,0,0,6,4,0,0,0,0,0,0,0,0,0,0,0,10,0.63,0 (tie),6 (Blondskunk)
magma_cream,0,0,0,0,0,0,0,0,0,0,27,0,0,0,0,0,27,1.69,0 (tie),27 (PuffingFishHQ)
mangrove_boat,0,0,0,0,0,0,1,0,0,0,1,0,0,0,0,0,2,0.13,0 (tie),1 (tie)
mangrove_button,0,0,0,56,0,0,0,0,0,0,20,0,80,0,0,0,156,9.75,0 (tie),80 (This_is_KB)
mangrove_chest_boat,0,0,0,0,0,0,1,0,0,0,0,0,0,0,0,0,1,0.06,0 (tie),1 (ImGP)
mangrove_door,0,3,0,6,3,0,0,6,0,0,3,0,6,3,0,6,36,2.25,0 (tie),6 (tie)
mangrove_fence,0,15,6,216,21,0,21,207,0,0,126,0,42,0,3,0,657,41.06,0 (tie),216 (Blondskunk)
mangrove_fence_gate,0,17,0,71,0,0,0,4,0,0,4,0,4,0,9,0,109,6.81,0 (tie),71 (Blondskunk)
mangrove_hanging_sign,0,0,0,6,0,0,0,0,0,0,0,0,0,0,0,0,6,0.38,0 (tie),6 (Blondskunk)
mangrove_planks,0,324,392,1740,196,4,516,5792,112,8,508,0,1252,332,196,2416,13788,861.75,0 (tie),5792 (Jagiero)
mangrove_sign,0,0,0,9,3,0,0,0,0,0,0,0,12,18,12,0,54,3.38,0 (tie),18 (ThisIsDoom)
mangrove_slab,0,24,138,252,0,0,36,3996,138,0,84,0,126,12,66,4170,9042,565.13,0 (tie),4170 (WhiteFyr)
mangrove_stairs,0,40,64,72,16,0,48,1104,40,0,0,0,155,16,72,184,1811,113.19,0 (tie),1104 (Jagiero)
mangrove_trapdoor,0,12,12,264,0,0,0,744,12,0,36,0,182,12,12,48,1334,83.38,0 (tie),744 (Jagiero)
mangrove_wood,0,0,20,16,0,0,0,0,0,228,64,0,72,0,0,572,972,60.75,0 (tie),572 (WhiteFyr)
map,0,0,0,3,0,0,0,0,0,0,0,0,0,5,0,0,8,0.50,0 (tie),5 (ThisIsDoom)
melon,0,0,0,0,6,0,0,0,0,0,0,0,0,0,0,0,6,0.38,0 (tie),6 (BrokenPixelSK)
melon_seeds,0,1,0,0,14,0,0,0,3,0,0,0,0,0,3,0,21,1.31,0 (tie),14 (BrokenPixelSK)
minecart,0,0,9,2,21,24,0,3,3,2,667,0,18,1,10,0,760,47.50,0 (tie),667 (PuffingFishHQ)
moss_carpet,0,0,3,3049,48,0,0,0,27,0,2437,0,1851,0,0,0,7415,463.44,0 (tie),3049 (Blondskunk)
mossy_cobblestone,49,12,825,459,30,261,64,3691,0,0,795,0,555,64,206,320,7331,458.19,0 (tie),3691 (Jagiero)
mossy_cobblestone_slab,0,0,0,18,0,0,0,0,0,0,72,0,98,0,10,0,198,12.38,0 (tie),98 (This_is_KB)
mossy_cobblestone_stairs,0,0,0,9,0,0,0,0,0,0,0,0,12,0,0,0,21,1.31,0 (tie),12 (This_is_KB)
mossy_cobblestone_wall,0,2,0,6,0,0,0,0,0,0,0,0,0,0,0,0,8,0.50,0 (tie),6 (Blondskunk)
mossy_stone_brick_slab,0,0,0,10,0,0,0,0,0,0,0,0,20,0,0,0,30,1.88,0 (tie),20 (This_is_KB)
mossy_stone_brick_stairs,0,0,0,3,0,0,0,0,0,0,0,0,11,0,0,0,14,0.88,0 (tie),11 (This_is_KB)
mossy_stone_bricks,0,9,15,64,0,200,0,3482,0,0,43,0,271,0,0,0,4084,255.25,0 (tie),3482 (Jagiero)
mud_brick_slab,0,0,6,102,0,0,0,0,6,0,104,0,8,0,6,0,232,14.50,0 (tie),104 (PuffingFishHQ)
mud_brick_stairs,0,0,8,272,8,0,0,0,24,0,72,0,40,8,0,16,448,28.00,0 (tie),272 (Blondskunk)
mud_brick_wall,0,0,0,252,0,0,18,0,42,0,18,0,0,0,60,0,390,24.38,0 (tie),252 (Blondskunk)
mud_bricks,0,0,136,1668,260,0,64,64,364,0,936,0,140,28,380,140,4180,261.25,0 (tie),1668 (Blondskunk)
muddy_mangrove_roots,0,0,0,0,0,0,0,0,0,4,0,0,96,0,0,32,132,8.25,0 (tie),96 (This_is_KB)
music_disc_5,0,0,0,0,0,0,0,0,0,0,0,0,0,0,3,0,3,0.19,0 (tie),3 (tinkfro)
name_tag,0,0,0,0,0,0,0,0,0,0,281,0,1,0,4,0,286,17.88,0 (tie),281 (PuffingFishHQ)
nautilus_shell,0,0,2,0,0,0,0,0,0,0,0,0,0,0,5,0,7,0.44,0 (tie),5 (tinkfro)
nether_brick,0,212,0,8,0,0,0,0,0,0,0,0,0,64,0,128,412,25.75,0 (tie),212 (Artorvian)
nether_brick_fence,0,0,0,30,0,0,0,0,0,0,0,0,0,0,0,0,30,1.88,0 (tie),30 (Blondskunk)
nether_brick_slab,0,14,0,12,0,0,0,0,0,0,0,0,162,0,0,0,188,11.75,0 (tie),162 (This_is_KB)
nether_brick_stairs,0,0,0,11,0,88,0,0,0,0,0,0,0,0,0,0,99,6.19,0 (tie),88 (HughBone)
nether_brick_wall,0,0,0,6,0,0,0,0,0,0,0,0,0,0,0,0,6,0.38,0 (tie),6 (Blondskunk)
nether_bricks,0,50,0,6,0,0,0,0,0,0,19,0,81,0,0,0,156,9.75,0 (tie),81 (This_is_KB)
nether_wart,0,18,0,9,0,0,0,0,9,0,369,0,0,0,0,0,405,25.31,0 (tie),369 (PuffingFishHQ)
nether_wart_block,0,0,0,0,0,0,0,0,0,0,0,0,5,0,0,0,5,0.31,0 (tie),5 (This_is_KB)
netherite_axe,0,0,0,0,0,0,0,0,0,0,1,0,1,0,1,1,4,0.25,0 (tie),1 (tie)
netherite_boots,0,0,0,2,0,0,0,0,0,0,2,0,2,0,0,1,7,0.44,0 (tie),2 (tie)
netherite_chestplate,0,0,0,3,0,0,0,0,0,0,1,0,2,0,0,1,7,0.44,0 (tie),3 (Blondskunk)
netherite_helmet,0,0,0,2,0,0,0,0,0,0,1,0,2,0,0,1,6,0.38,0 (tie),2 (tie)
netherite_hoe,0,0,0,0,0,0,0,0,0,0,0,0,0,0,0,1,1,0.06,0 (tie),1 (WhiteFyr)
netherite_ingot,0,0,0,2,0,0,0,1,0,0,12,0,9,0,10,18,52,3.25,0 (tie),18 (WhiteFyr)
netherite_leggings,0,0,0,3,0,0,0,0,0,0,1,0,2,0,0,1,7,0.44,0 (tie),3 (Blondskunk)
netherite_pickaxe,0,0,0,0,0,0,0,1,0,0,3,0,2,0,1,4,11,0.69,0 (tie),4 (WhiteFyr)
netherite_scrap,0,0,0,11,0,31,0,5,0,0,55,0,39,0,37,72,250,15.63,0 (tie),72 (WhiteFyr)
netherite_shovel,0,0,0,0,0,0,0,0,0,0,1,0,1,0,1,1,4,0.25,0 (tie),1 (tie)
netherite_sword,0,0,0,1,0,0,0,0,0,0,1,0,1,0,1,2,6,0.38,0 (tie),2 (WhiteFyr)
netherite_upgrade_smithing_template,0,0,0,18,0,0,0,0,0,0,24,0,18,0,0,0,60,3.75,0 (tie),24 (PuffingFishHQ)
note_block,0,9,2,1,0,10,0,0,0,0,144,0,1,641,37,0,845,52.81,0 (tie),641 (ThisIsDoom)
oak_boat,1,0,1,33,0,5,2,2,19,2,5,0,12,1,2,3,88,5.50,0 (tie),33 (Blondskunk)
oak_button,2,0,32,0,22,8,0,40,2,0,28,0,73,0,65,8,280,17.50,0 (tie),73 (This_is_KB)
oak_chest_boat,0,0,1,0,0,0,2,0,0,1,0,0,0,1,0,3,8,0.50,0 (tie),3 (WhiteFyr)
oak_door,3,0,0,0,3,3,0,0,0,3,3,0,3,0,69,0,87,5.44,0 (tie),69 (tinkfro)
oak_fence,0,24,84,18,9,897,36,0,39,18,186,0,141,3,540,0,1995,124.69,0 (tie),897 (HughBone)
oak_fence_gate,0,0,23,64,21,0,0,0,12,0,31,0,31,0,77,0,259,16.19,0 (tie),77 (tinkfro)
oak_hanging_sign,0,0,0,0,0,0,0,0,0,0,60,0,12,0,0,0,72,4.50,0 (tie),60 (PuffingFishHQ)
oak_planks,944,1764,2932,4292,1200,4980,276,308,860,920,18331,240,11020,1268,4520,4395,58250,3640.63,240 (squaremario),18331 (PuffingFishHQ)
oak_pressure_plate,0,0,0,0,0,2,0,0,0,0,5,0,5,0,4,0,16,1.00,0 (tie),5 (tie)
oak_sign,3,30,24,45,51,93,0,6,42,6,222,0,228,12,240,63,1065,66.56,0 (tie),240 (tinkfro)
oak_slab,72,192,252,324,66,300,0,0,54,60,1274,0,330,264,216,234,3638,227.38,0 (tie),1274 (PuffingFishHQ)
oak_stairs,0,0,272,8,8,56,0,0,0,0,520,0,48,168,88,0,1168,73.00,0 (tie),520 (PuffingFishHQ)
oak_trapdoor,12,36,156,664,192,108,0,60,24,0,1008,0,204,12,1296,72,3844,240.25,0 (tie),1296 (tinkfro)
oak_wood,0,0,660,52,0,0,0,0,0,0,240,0,4,0,12,0,968,60.50,0 (tie),660 (Ash298)
observer,6,10,36,4,19,87,0,53,4,0,1137,0,2,0,24,0,1382,86.38,0 (tie),1137 (PuffingFishHQ)
orange_banner,0,8,0,0,2,0,0,0,0,0,0,0,0,0,0,0,10,0.63,0 (tie),8 (Artorvian)
orange_bed,0,0,0,1,0,1,0,0,0,0,0,0,0,0,0,0,2,0.13,0 (tie),1 (tie)
orange_candle,0,0,0,0,0,0,0,0,0,0,0,0,12,0,0,0,12,0.75,0 (tie),12 (This_is_KB)
orange_carpet,0,12,0,12,6,0,0,0,0,0,0,0,0,0,0,0,30,1.88,0 (tie),12 (tie)
orange_concrete_powder,0,0,0,0,0,0,0,0,0,0,0,0,0,0,16,0,16,1.00,0 (tie),16 (tinkfro)
orange_dye,0,91,8,24,2,0,0,0,5,1,2,0,74,74,34,1,316,19.75,0 (tie),91 (Artorvian)
orange_shulker_box,1,0,0,2,0,0,0,0,1,1,0,0,0,0,3,1,9,0.56,0 (tie),3 (tinkfro)
orange_stained_glass,0,0,24,40,0,0,0,0,0,0,0,0,0,592,0,0,656,41.00,0 (tie),592 (ThisIsDoom)
orange_stained_glass_pane,0,0,64,80,0,0,0,0,0,0,0,0,0,0,0,0,144,9.00,0 (tie),80 (Blondskunk)
orange_terracotta,0,56,0,0,0,0,0,0,0,0,813,0,0,0,24,0,893,55.81,0 (tie),813 (PuffingFishHQ)
orange_wool,0,56,0,8,0,0,0,0,0,0,0,0,0,0,0,0,64,4.00,0 (tie),56 (Artorvian)
oxidized_copper_bulb,0,0,0,0,0,0,0,0,0,0,4,0,0,0,0,0,4,0.25,0 (tie),4 (PuffingFishHQ)
oxidized_copper_trapdoor,0,0,0,0,0,0,0,0,0,0,70,0,0,0,0,0,70,4.38,0 (tie),70 (PuffingFishHQ)
oxidized_cut_copper,0,0,0,0,28,0,0,0,0,0,24,0,0,16,0,0,68,4.25,0 (tie),28 (BrokenPixelSK)
oxidized_cut_copper_slab,0,0,0,0,64,0,0,0,0,16,0,0,0,32,0,0,112,7.00,0 (tie),64 (BrokenPixelSK)
oxidized_cut_copper_stairs,0,0,0,0,32,0,0,0,0,4,16,0,0,256,0,0,308,19.25,0 (tie),256 (ThisIsDoom)
packed_ice,0,0,0,0,0,0,0,0,0,0,0,0,0,0,85,0,85,5.31,0 (tie),85 (tinkfro)
packed_mud,0,0,572,3174,704,0,346,265,558,0,1587,0,744,57,362,234,8603,537.69,0 (tie),3174 (Blondskunk)
painting,0,4,0,30,10,0,0,0,1,0,0,0,22,6,24,0,97,6.06,0 (tie),30 (Blondskunk)
paper,4328,27,0,864,159,147,0,780,1797,390,3507,0,1986,11708,28182,1722,55597,3474.81,0 (tie),28182 (tinkfro)
pink_banner,0,0,0,0,2,0,0,0,0,0,0,0,0,0,0,0,2,0.13,0 (tie),2 (BrokenPixelSK)
pink_bed,0,0,0,0,0,0,0,0,0,0,21,0,32,0,0,0,53,3.31,0 (tie),32 (This_is_KB)
pink_carpet,0,0,0,0,3,0,0,0,0,0,0,0,0,0,0,0,3,0.19,0 (tie),3 (BrokenPixelSK)
pink_concrete_powder,0,0,0,0,0,0,0,0,0,0,0,0,328,0,0,0,328,20.50,0 (tie),328 (This_is_KB)
pink_dye,0,0,0,2,4,0,0,0,0,0,58,0,1980,0,14,0,2058,128.63,0 (tie),1980 (This_is_KB)
pink_glazed_terracotta,0,0,0,0,0,0,0,0,0,0,12,0,0,0,0,0,12,0.75,0 (tie),12 (PuffingFishHQ)
pink_shulker_box,0,0,0,0,0,0,0,0,0,0,3,0,7,0,0,0,10,0.63,0 (tie),7 (This_is_KB)
pink_stained_glass,0,0,0,0,0,0,0,0,0,0,8,0,328,0,0,0,336,21.00,0 (tie),328 (This_is_KB)
pink_stained_glass_pane,0,0,0,0,0,0,0,0,0,0,0,0,632,0,0,0,632,39.50,0 (tie),632 (This_is_KB)
pink_wool,0,0,0,0,0,0,0,0,0,0,0,0,46,0,0,0,46,2.88,0 (tie),46 (This_is_KB)
piston,10,0,98,36,1,20,0,138,9,1,1008,0,4,0,24,0,1349,84.31,0 (tie),1008 (PuffingFishHQ)
player_head,32,0,16,0,0,0,0,0,0,0,0,0,0,56,0,0,104,6.50,0 (tie),56 (ThisIsDoom)
polished_andesite,0,12,20,1844,0,224,0,0,0,68,2912,0,576,0,352,4124,10132,633.25,0 (tie),4124 (WhiteFyr)
polished_andesite_slab,0,0,0,324,0,252,0,0,0,36,850,0,2,2,56,6,1528,95.50,0 (tie),850 (PuffingFishHQ)
polished_andesite_stairs,0,0,16,162,0,112,0,0,0,16,1256,0,22,0,80,0,1664,104.00,0 (tie),1256 (PuffingFishHQ)
polished_basalt,0,0,0,0,0,0,48,0,0,0,254,0,0,44,464,0,810,50.63,0 (tie),464 (tinkfro)
polished_blackstone,0,0,0,148,4,8,0,0,0,8,116,0,292,0,240,0,816,51.00,0 (tie),292 (This_is_KB)
polished_blackstone_brick_slab,0,0,0,6,0,0,0,12,0,0,0,0,0,0,0,0,18,1.13,0 (tie),12 (Jagiero)
polished_blackstone_brick_wall,0,0,0,0,0,0,0,0,0,0,0,0,120,0,0,0,120,7.50,0 (tie),120 (This_is_KB)
polished_blackstone_bricks,0,0,0,0,0,0,0,0,0,0,0,0,120,0,0,0,120,7.50,0 (tie),120 (This_is_KB)
polished_blackstone_button,0,0,0,4,14,2,0,0,0,0,23,0,0,191,255,0,489,30.56,0 (tie),255 (tinkfro)
polished_blackstone_pressure_plate,6,0,0,6,0,2,0,0,0,0,0,0,0,0,1,0,15,0.94,0 (tie),6 (tie)
polished_blackstone_slab,0,0,0,53,0,0,0,0,0,8,0,0,54,0,0,0,115,7.19,0 (tie),54 (This_is_KB)
polished_blackstone_stairs,0,0,0,1,0,0,0,0,0,10,0,0,72,0,0,0,83,5.19,0 (tie),72 (This_is_KB)
polished_blackstone_wall,0,0,0,0,0,0,0,0,0,0,0,0,24,0,12,0,36,2.25,0 (tie),24 (This_is_KB)
polished_deepslate,0,64,1072,1802,0,28,0,4,452,0,4284,0,256,22,0,5312,13296,831.00,0 (tie),5312 (WhiteFyr)
polished_deepslate_slab,6,0,0,18,0,0,0,6,0,0,420,0,158,120,0,36,764,47.75,0 (tie),420 (PuffingFishHQ)
polished_deepslate_stairs,0,0,0,0,0,0,0,0,0,0,16,0,98,72,0,8,194,12.13,0 (tie),98 (This_is_KB)
polished_deepslate_wall,1,6,18,1,0,0,0,0,0,0,0,0,0,0,0,0,26,1.63,0 (tie),18 (Ash298)
polished_diorite,0,0,80,64,0,0,0,0,0,0,44,0,468,697,1164,480,2997,187.31,0 (tie),1164 (tinkfro)
polished_diorite_slab,0,0,114,108,0,0,0,0,0,0,0,0,0,0,222,48,492,30.75,0 (tie),222 (tinkfro)
polished_diorite_stairs,0,0,16,24,0,0,0,0,0,0,0,0,0,0,80,40,160,10.00,0 (tie),80 (tinkfro)
polished_granite,0,28,28,65,0,0,0,0,0,0,392,0,0,0,0,0,513,32.06,0 (tie),392 (PuffingFishHQ)
polished_granite_stairs,0,0,0,14,0,0,0,0,0,0,0,0,0,0,0,0,14,0.88,0 (tie),14 (Blondskunk)
polished_tuff,0,0,0,0,0,0,0,0,0,0,1016,0,236,0,0,0,1252,78.25,0 (tie),1016 (PuffingFishHQ)
polished_tuff_slab,30,0,0,0,0,0,0,0,0,0,1074,0,0,0,0,0,1104,69.00,0 (tie),1074 (PuffingFishHQ)
polished_tuff_stairs,8,0,0,0,0,0,0,0,0,0,0,0,0,0,0,0,8,0.50,0 (tie),8 (AllOutJay)
popped_chorus_fruit,77,0,0,3,0,24,0,0,0,0,23,0,20,0,0,0,147,9.19,0 (tie),77 (AllOutJay)
powered_rail,0,0,54,36,6,6,0,48,0,168,1314,0,6,0,168,0,1806,112.88,0 (tie),1314 (PuffingFishHQ)
prismarine,0,0,0,0,0,0,0,0,0,0,0,0,0,0,272,0,272,17.00,0 (tie),272 (tinkfro)
prismarine_slab,0,0,0,0,0,0,0,0,0,0,0,0,0,0,16,0,16,1.00,0 (tie),16 (tinkfro)
prismarine_stairs,0,0,0,0,0,0,0,0,0,0,0,0,0,0,8,0,8,0.50,0 (tie),8 (tinkfro)
prismarine_wall,0,0,0,0,0,0,0,0,0,0,0,0,0,0,6,0,6,0.38,0 (tie),6 (tinkfro)
pumpkin_pie,0,0,0,0,0,0,0,0,0,0,484,0,0,0,48,0,532,33.25,0 (tie),484 (PuffingFishHQ)
pumpkin_seeds,0,24,0,0,0,0,0,0,4,0,0,0,8,0,12,0,48,3.00,0 (tie),24 (Artorvian)
purple_banner,0,0,0,0,3,0,0,0,0,0,0,0,0,0,0,0,3,0.19,0 (tie),3 (BrokenPixelSK)
purple_candle,0,0,0,296,9,0,0,0,0,0,0,0,0,0,0,0,305,19.06,0 (tie),296 (Blondskunk)
purple_carpet,0,0,0,0,21,0,0,0,0,0,0,0,0,0,0,0,21,1.31,0 (tie),21 (BrokenPixelSK)
purple_dye,2,0,0,348,34,0,0,0,0,0,2,0,0,0,0,0,386,24.13,0 (tie),348 (Blondskunk)
purple_shulker_box,1,0,0,3,0,0,0,0,0,0,0,0,0,0,0,0,4,0.25,0 (tie),3 (Blondskunk)
purple_stained_glass,0,0,0,40,0,0,0,0,0,0,0,0,0,0,0,0,40,2.50,0 (tie),40 (Blondskunk)
purple_stained_glass_pane,0,0,0,48,0,0,0,0,0,0,0,0,0,0,0,0,48,3.00,0 (tie),48 (Blondskunk)
purple_terracotta,0,0,0,0,0,0,0,0,1,0,72,0,0,22,36,0,131,8.19,0 (tie),72 (PuffingFishHQ)
purple_wool,0,0,0,0,22,0,0,0,0,0,0,0,0,0,0,0,22,1.38,0 (tie),22 (BrokenPixelSK)
purpur_block,0,0,0,0,0,0,0,0,0,0,0,0,12,0,0,0,12,0.75,0 (tie),12 (This_is_KB)
quartz_block,648,279,27,3355,205,0,0,0,36,0,2337,0,2116,391,3131,0,12525,782.81,0 (tie),3355 (Blondskunk)
quartz_bricks,0,0,0,372,0,0,0,0,0,0,0,0,0,0,0,0,372,23.25,0 (tie),372 (Blondskunk)
quartz_pillar,0,32,0,0,0,0,0,0,0,0,288,0,119,300,12,0,751,46.94,0 (tie),300 (ThisIsDoom)
quartz_slab,0,10,36,0,0,0,0,0,0,0,84,0,248,0,0,0,378,23.63,0 (tie),248 (This_is_KB)
quartz_stairs,0,0,0,0,0,0,0,0,0,0,115,0,78,0,0,0,193,12.06,0 (tie),115 (PuffingFishHQ)
rail,0,16,240,448,48,208,0,48,464,0,1568,0,32,32,112,0,3216,201.00,0 (tie),1568 (PuffingFishHQ)
raw_copper,0,576,0,2174,0,108,0,0,1602,0,4014,0,0,5655,108,0,14237,889.81,0 (tie),5655 (ThisIsDoom)
raw_copper_block,65,576,109,242,0,211,0,0,348,0,913,0,0,693,72,5791,9020,563.75,0 (tie),5791 (WhiteFyr)
raw_gold,54,387,0,0,0,90,0,0,117,0,198,0,0,261,18,0,1125,70.31,0 (tie),387 (Artorvian)
raw_gold_block,6,67,33,24,0,10,0,0,13,0,22,0,0,37,22,149,383,23.94,0 (tie),149 (WhiteFyr)
raw_iron,90,468,0,0,9,144,315,36,261,0,1173,0,0,1002,243,270,4011,250.69,0 (tie),1173 (PuffingFishHQ)
raw_iron_block,10,64,48,0,0,13,33,0,29,0,77,0,0,136,44,353,807,50.44,0 (tie),353 (WhiteFyr)
recovery_compass,0,0,0,0,0,0,0,0,0,0,0,0,0,0,4,0,4,0.25,0 (tie),4 (tinkfro)
red_banner,0,2,0,2,26,0,0,0,0,0,0,0,1,0,0,0,31,1.94,0 (tie),26 (BrokenPixelSK)
red_bed,0,2,0,0,2,0,0,0,0,0,2,0,4,0,32,0,42,2.63,0 (tie),32 (tinkfro)
red_candle,0,0,0,4,0,0,0,0,0,0,0,0,0,1,32,0,37,2.31,0 (tie),32 (tinkfro)
red_carpet,0,0,0,12,66,6,0,0,0,0,192,0,84,9,12,0,381,23.81,0 (tie),192 (PuffingFishHQ)
red_concrete_powder,0,0,0,16,72,0,0,512,0,0,16,0,0,0,208,0,824,51.50,0 (tie),512 (Jagiero)
red_dye,3,124,0,249,46,27,0,393,2,0,865,0,164,55,314,1,2243,140.19,0 (tie),865 (PuffingFishHQ)
red_glazed_terracotta,0,0,0,0,0,0,0,0,0,0,0,0,6,0,0,0,6,0.38,0 (tie),6 (This_is_KB)
red_nether_bricks,0,6,0,0,0,0,0,0,0,0,0,0,0,16,0,27,49,3.06,0 (tie),27 (WhiteFyr)
red_sand,0,0,0,0,0,0,0,192,0,0,0,0,0,0,0,0,192,12.00,0 (tie),192 (Jagiero)
red_sandstone,0,42,0,0,0,0,0,32,0,0,0,0,0,0,96,0,170,10.63,0 (tie),96 (tinkfro)
red_sandstone_slab,0,0,0,0,0,0,0,0,0,0,0,0,0,0,6,0,6,0.38,0 (tie),6 (tinkfro)
red_sandstone_wall,0,0,0,0,0,0,0,0,0,0,0,0,0,0,18,0,18,1.13,0 (tie),18 (tinkfro)
red_shulker_box,2,0,0,1,0,1,0,0,1,0,1,0,1,0,3,1,11,0.69,0 (tie),3 (tinkfro)
red_stained_glass,0,32,0,128,0,8,0,1728,0,0,8,0,56,0,160,0,2120,132.50,0 (tie),1728 (Jagiero)
red_stained_glass_pane,0,16,0,320,0,16,0,0,0,0,16,0,16,0,48,0,432,27.00,0 (tie),320 (Blondskunk)
red_terracotta,0,128,0,72,0,0,0,0,0,0,1544,0,0,0,0,0,1744,109.00,0 (tie),1544 (PuffingFishHQ)
red_wool,0,18,0,5,0,24,0,0,0,0,165,0,52,0,123,0,387,24.19,0 (tie),165 (PuffingFishHQ)
redstone,108,684,918,108,0,954,0,0,207,90,12375,0,45,1121,2136,0,18746,1171.63,0 (tie),12375 (PuffingFishHQ)
redstone_block,81,171,313,516,0,156,53,65,195,11,2937,0,78,225,107,758,5666,354.13,0 (tie),2937 (PuffingFishHQ)
redstone_lamp,0,0,0,0,1,0,0,0,0,0,82,0,0,35,256,0,374,23.38,0 (tie),256 (tinkfro)
redstone_torch,6,54,160,87,16,94,0,161,27,86,5348,0,18,42,244,0,6343,396.44,0 (tie),5348 (PuffingFishHQ)
repeater,2,2,53,27,3,15,0,43,7,0,830,0,7,0,42,0,1031,64.44,0 (tie),830 (PuffingFishHQ)
rib_armor_trim_smithing_template,0,0,0,2,0,0,0,0,0,0,0,0,0,0,0,0,2,0.13,0 (tie),2 (Blondskunk)
sandstone,0,0,0,71,205,0,0,0,0,0,361,0,0,0,60,16,713,44.56,0 (tie),361 (PuffingFishHQ)
sandstone_slab,0,0,546,6,0,0,18,0,0,0,1046,0,0,0,0,0,1616,101.00,0 (tie),1046 (PuffingFishHQ)
sandstone_stairs,0,0,144,20,0,0,0,0,0,0,64,0,0,0,0,0,228,14.25,0 (tie),144 (Ash298)
sandstone_wall,0,0,0,0,0,0,60,0,0,0,0,0,0,0,132,0,192,12.00,0 (tie),132 (tinkfro)
scaffolding,0,12,234,240,60,180,0,1323,54,0,3042,0,762,216,96,2946,9165,572.81,0 (tie),3042 (PuffingFishHQ)
sea_lantern,0,0,0,0,0,0,0,0,0,0,153,0,0,0,0,0,153,9.56,0 (tie),153 (PuffingFishHQ)
sea_pickle,0,0,0,0,0,0,0,0,0,0,5,0,0,0,0,0,5,0.31,0 (tie),5 (PuffingFishHQ)
shears,2,33,14,73,75,121,10,3,1,25,50,0,62,4,128,142,743,46.44,0 (squaremario),142 (WhiteFyr)
shield,1,4,3,0,2,66,0,5,1,0,52,3,11,4,7,4,163,10.19,0 (tie),66 (HughBone)
shulker_box,20,0,15,47,0,22,0,0,9,15,209,0,70,12,35,51,505,31.56,0 (tie),209 (PuffingFishHQ)
slime_ball,0,0,0,9,0,18,0,0,9,0,693,0,0,0,0,0,729,45.56,0 (tie),693 (PuffingFishHQ)
slime_block,1,0,0,2,0,9,0,1,0,0,113,0,0,0,54,0,180,11.25,0 (tie),113 (PuffingFishHQ)
small_dripleaf,0,0,0,0,0,0,0,0,0,0,10,0,0,0,0,0,10,0.63,0 (tie),10 (PuffingFishHQ)
smithing_table,0,0,0,2,0,0,0,1,0,0,30,0,1,1,1,2,38,2.38,0 (tie),30 (PuffingFishHQ)
smoker,10,0,1,3,3,0,0,1,3,0,30,0,1,11,0,2,65,4.06,0 (tie),30 (PuffingFishHQ)
smooth_basalt,0,0,0,0,0,0,0,0,0,0,0,0,0,0,0,680,680,42.50,0 (tie),680 (WhiteFyr)
smooth_quartz,160,113,0,146,192,0,0,0,0,0,587,0,489,138,76,0,1901,118.81,0 (tie),587 (PuffingFishHQ)
smooth_quartz_slab,0,6,0,41,0,0,0,0,0,0,50,0,62,230,54,0,443,27.69,0 (tie),230 (ThisIsDoom)
smooth_quartz_stairs,0,4,0,8,0,0,0,0,0,0,24,0,9,12,163,0,220,13.75,0 (tie),163 (tinkfro)
smooth_red_sandstone,0,42,0,0,0,0,0,32,0,0,0,0,0,0,0,0,74,4.63,0 (tie),42 (Artorvian)
smooth_red_sandstone_slab,0,2,0,0,0,0,0,0,0,0,0,0,0,0,6,0,8,0.50,0 (tie),6 (tinkfro)
smooth_red_sandstone_stairs,0,0,0,0,0,0,0,0,0,0,0,0,0,0,16,0,16,1.00,0 (tie),16 (tinkfro)
smooth_sandstone,0,0,0,64,0,0,218,0,0,0,372,0,0,0,0,0,654,40.88,0 (tie),372 (PuffingFishHQ)
smooth_sandstone_slab,0,0,0,8,0,0,6,0,0,0,106,0,0,0,270,0,390,24.38,0 (tie),270 (tinkfro)
smooth_sandstone_stairs,0,0,0,6,0,0,0,0,0,0,212,0,0,0,104,0,322,20.13,0 (tie),212 (PuffingFishHQ)
smooth_stone,64,36,32,387,8,64,0,80,16,489,1929,0,776,23,204,208,4316,269.75,0 (tie),1929 (PuffingFishHQ)
smooth_stone_slab,4,0,0,45,8,96,0,0,18,138,5178,0,2788,6,18,278,8577,536.06,0 (tie),5178 (PuffingFishHQ)
snout_armor_trim_smithing_template,0,0,0,10,0,0,0,0,0,0,0,0,0,0,0,0,10,0.63,0 (tie),10 (Blondskunk)
snow_block,0,0,0,0,0,0,0,0,0,0,1407,0,0,0,184,0,1591,99.44,0 (tie),1407 (PuffingFishHQ)
soul_campfire,0,0,0,0,0,0,0,0,0,4,183,0,1,0,9,0,197,12.31,0 (tie),183 (PuffingFishHQ)
soul_lantern,0,2,0,41,0,25,0,0,0,0,0,0,11,0,16,0,95,5.94,0 (tie),41 (Blondskunk)
soul_torch,0,8,0,44,0,48,0,0,0,0,0,0,268,0,0,0,368,23.00,0 (tie),268 (This_is_KB)
spire_armor_trim_smithing_template,0,0,0,0,0,0,0,0,0,0,0,0,8,0,0,0,8,0.50,0 (tie),8 (This_is_KB)
sponge,0,0,0,0,0,0,0,0,0,0,3,0,0,0,0,0,3,0.19,0 (tie),3 (PuffingFishHQ)
spruce_boat,0,0,0,1,0,0,0,3,0,1,9,0,1,0,1,0,16,1.00,0 (tie),9 (PuffingFishHQ)
spruce_button,3,10,9,356,0,1,2,0,0,0,3,0,135,0,0,0,519,32.44,0 (tie),356 (Blondskunk)
spruce_chest_boat,0,0,0,0,0,0,0,1,0,0,0,0,0,0,0,0,1,0.06,0 (tie),1 (Jagiero)
spruce_door,0,3,0,6,6,0,0,3,3,3,12,0,14,9,12,3,74,4.63,0 (tie),14 (This_is_KB)
spruce_fence,0,72,897,522,183,54,147,39,45,183,198,0,226,51,123,1335,4075,254.69,0 (tie),1335 (WhiteFyr)
spruce_fence_gate,0,101,323,27,52,0,0,0,16,8,32,0,20,29,89,10,707,44.19,0 (tie),323 (Ash298)
spruce_hanging_sign,18,0,0,12,0,0,0,0,0,0,0,0,0,0,0,12,42,2.63,0 (tie),18 (AllOutJay)
spruce_planks,484,1892,5864,8872,2044,884,1336,5364,688,1404,9640,0,2474,964,4848,7224,53982,3373.88,0 (squaremario),9640 (PuffingFishHQ)
spruce_pressure_plate,0,0,0,8,0,0,0,0,0,0,20,0,0,0,3,2,33,2.06,0 (tie),20 (PuffingFishHQ)
spruce_sign,0,21,24,447,15,9,30,0,9,3,60,0,111,6,45,261,1041,65.06,0 (tie),447 (Blondskunk)
spruce_slab,66,138,894,1056,702,12,1008,0,228,162,1170,0,370,252,1038,978,8074,504.63,0 (tie),1170 (PuffingFishHQ)
spruce_stairs,0,328,992,780,160,24,248,0,184,40,816,0,404,80,200,1376,5632,352.00,0 (tie),1376 (WhiteFyr)
spruce_trapdoor,0,348,396,2144,468,0,120,504,132,60,972,0,696,96,1008,228,7172,448.25,0 (tie),2144 (Blondskunk)
spruce_wood,0,8,488,0,8,0,0,0,0,68,376,0,0,0,292,108,1348,84.25,0 (tie),488 (Ash298)
spyglass,0,0,0,3,0,0,0,0,0,0,0,0,0,0,2,0,5,0.31,0 (tie),3 (Blondskunk)
stick,456,1916,3340,2652,1300,2292,504,2253,698,1544,11497,108,6240,1240,3588,3424,43052,2690.75,108 (squaremario),11497 (PuffingFishHQ)
sticky_piston,10,0,53,2,0,14,0,1,5,0,369,0,0,0,12,0,466,29.13,0 (tie),369 (PuffingFishHQ)
stone,0,3,32,331,72,56,108,605,16,476,236,0,506,85,32,0,2558,159.88,0 (tie),605 (Jagiero)
stone_axe,1,7,1,0,1,6,1,1,1,4,15,1,2,21,1,2,65,4.06,0 (Blondskunk),21 (ThisIsDoom)
stone_brick_slab,0,0,0,660,0,72,0,0,288,20,534,0,0,76,652,0,2302,143.88,0 (tie),660 (Blondskunk)
stone_brick_stairs,0,0,40,1928,0,64,0,64,0,20,168,0,6,0,286,0,2576,161.00,0 (tie),1928 (Blondskunk)
stone_brick_wall,0,0,0,45,0,0,0,0,6,0,168,0,0,0,208,0,427,26.69,0 (tie),208 (tinkfro)
stone_bricks,0,3,192,5716,0,888,76,3616,420,64,2564,0,176,1,3066,1652,18434,1152.13,0 (tie),5716 (Blondskunk)
stone_button,1,4,1,633,6,32,0,8,3,5,280,0,122,64,106,2,1267,79.19,0 (tie),633 (Blondskunk)
stone_hoe,0,3,1,0,6,1,0,5,0,2,1,0,31,16,3,1,70,4.38,0 (tie),31 (This_is_KB)
stone_pickaxe,1,2,1,0,21,8,1,15,1,21,18,1,13,14,2,4,123,7.69,0 (Blondskunk),21 (tie)
stone_pressure_plate,0,2,0,0,0,7,0,0,0,0,70,0,2,26,53,0,160,10.00,0 (tie),70 (PuffingFishHQ)
stone_shovel,0,2,1,0,11,6,3,59,3,6,27,0,1,10,0,1,130,8.13,0 (tie),59 (Jagiero)
stone_slab,0,8,24,654,6,0,12,18,18,512,338,0,642,180,72,768,3252,203.25,0 (tie),768 (WhiteFyr)
stone_stairs,0,0,56,504,0,0,0,8,0,41,16,0,12,448,296,0,1381,86.31,0 (tie),504 (Blondskunk)
stone_sword,3,1,3,1,0,7,1,5,1,2,2,0,3,2,0,2,33,2.06,0 (tie),7 (HughBone)
stonecutter,10,1,1,9,4,2,0,3,0,0,24,0,9,2,3,4,72,4.50,0 (tie),24 (PuffingFishHQ)
string,16,0,0,0,0,0,0,0,0,0,292,0,16,0,16,0,340,21.25,0 (tie),292 (PuffingFishHQ)
stripped_acacia_log,0,0,0,8,0,0,0,0,0,0,0,0,0,0,0,0,8,0.50,0 (tie),8 (Blondskunk)
stripped_cherry_log,0,0,0,0,0,0,0,0,0,0,0,0,6,0,0,0,6,0.38,0 (tie),6 (This_is_KB)
stripped_cherry_wood,0,0,0,0,0,0,0,0,0,0,0,0,12,0,0,0,12,0.75,0 (tie),12 (This_is_KB)
stripped_dark_oak_log,0,0,0,20,0,0,0,0,0,0,0,0,0,0,0,0,20,1.25,0 (tie),20 (Blondskunk)
stripped_dark_oak_wood,0,0,4,0,0,0,0,16,0,0,0,0,0,0,0,0,20,1.25,0 (tie),16 (Jagiero)
stripped_mangrove_wood,0,0,4,0,0,0,0,0,0,0,0,0,0,0,0,0,4,0.25,0 (tie),4 (Ash298)
stripped_spruce_log,18,0,0,0,0,0,0,0,0,0,0,0,0,0,0,0,18,1.13,0 (tie),18 (AllOutJay)
stripped_spruce_wood,0,80,0,0,0,0,0,0,0,0,0,0,0,0,64,56,200,12.50,0 (tie),80 (Artorvian)
sugar,5,0,0,91,0,0,0,1,0,184,204,0,24,1,27,0,537,33.56,0 (tie),204 (PuffingFishHQ)
suspicious_stew,0,0,0,0,0,0,0,0,0,0,32,0,0,0,8,0,40,2.50,0 (tie),32 (PuffingFishHQ)
target,0,8,0,0,0,2,0,0,0,0,120,0,0,0,0,0,130,8.13,0 (tie),120 (PuffingFishHQ)
terracotta,0,498,0,132,0,0,0,0,0,0,0,0,8,0,0,0,638,39.88,0 (tie),498 (Artorvian)
tinted_glass,0,32,24,0,0,172,0,0,0,0,12,0,380,0,310,0,930,58.13,0 (tie),380 (This_is_KB)
tipped_arrow,0,0,0,0,0,0,0,0,0,0,3410,0,0,0,0,0,3410,213.13,0 (tie),3410 (PuffingFishHQ)
tnt,0,0,0,0,0,2,0,172,0,0,1599,0,12,0,24,588,2397,149.81,0 (tie),1599 (PuffingFishHQ)
torch,1520,1860,1364,3320,616,1320,1132,3160,1456,2588,6452,128,5860,1216,2344,4188,38524,2407.75,128 (squaremario),6452 (PuffingFishHQ)
trapped_chest,0,0,0,0,0,0,0,0,1,0,0,0,0,0,0,0,1,0.06,0 (tie),1 (JustinL94)
tripwire_hook,2,2,0,6,2,0,0,0,2,0,4,0,0,4,60,0,82,5.13,0 (tie),60 (tinkfro)
tuff_brick_slab,0,0,0,0,0,0,0,0,0,0,444,0,0,0,0,0,444,27.75,0 (tie),444 (PuffingFishHQ)
tuff_brick_stairs,4,0,0,0,0,0,0,0,0,0,104,0,0,0,0,0,108,6.75,0 (tie),104 (PuffingFishHQ)
tuff_brick_wall,3,0,0,0,0,0,0,0,0,0,0,0,0,0,0,0,3,0.19,0 (tie),3 (AllOutJay)
tuff_bricks,0,0,0,0,0,0,0,0,0,0,248,0,0,0,0,0,248,15.50,0 (tie),248 (PuffingFishHQ)
tuff_stairs,1,0,0,0,0,0,0,0,0,0,0,0,0,0,0,0,1,0.06,0 (tie),1 (AllOutJay)
warped_button,0,0,0,0,10,0,0,0,0,0,0,0,0,0,0,0,10,0.63,0 (tie),10 (BrokenPixelSK)
warped_door,0,3,0,0,3,0,0,0,0,0,0,0,0,0,0,0,6,0.38,0 (tie),3 (tie)
warped_fence,0,21,0,0,0,0,0,0,0,0,0,0,0,0,0,0,21,1.31,0 (tie),21 (Artorvian)
warped_fence_gate,0,14,0,0,0,0,0,0,0,0,0,0,0,0,0,0,14,0.88,0 (tie),14 (Artorvian)
warped_fungus_on_a_stick,0,0,0,0,0,0,0,0,0,0,3,0,0,0,0,0,3,0.19,0 (tie),3 (PuffingFishHQ)
warped_hanging_sign,0,0,0,6,0,0,0,0,0,0,0,0,0,0,0,0,6,0.38,0 (tie),6 (Blondskunk)
warped_hyphae,0,0,0,64,0,0,0,0,0,0,0,0,0,0,0,0,64,4.00,0 (tie),64 (Blondskunk)
warped_planks,0,132,8,40,16,4,128,0,0,0,312,0,12,0,0,0,652,40.75,0 (tie),312 (PuffingFishHQ)
warped_sign,0,0,0,6,0,0,0,0,0,0,0,0,0,0,0,0,6,0.38,0 (tie),6 (Blondskunk)
warped_slab,0,6,0,0,0,0,108,0,0,0,0,0,0,0,0,0,114,7.13,0 (tie),108 (ImGP)
warped_stairs,0,16,0,0,0,0,64,0,0,0,0,0,0,0,0,0,80,5.00,0 (tie),64 (ImGP)
warped_trapdoor,0,24,12,12,0,0,0,0,0,0,180,0,12,0,0,0,240,15.00,0 (tie),180 (PuffingFishHQ)
waxed_copper_block,0,0,0,0,0,0,0,0,0,0,0,0,0,29,0,0,29,1.81,0 (tie),29 (ThisIsDoom)
waxed_cut_copper_slab,0,0,0,0,0,0,0,0,0,8,0,0,0,0,0,0,8,0.50,0 (tie),8 (KingZee)
waxed_cut_copper_stairs,0,0,0,0,2,0,0,0,0,20,0,0,0,12,0,0,34,2.13,0 (tie),20 (KingZee)
waxed_exposed_copper,0,0,0,1,0,0,0,0,0,0,0,0,0,7,0,0,8,0.50,0 (tie),7 (ThisIsDoom)
waxed_exposed_copper_bulb,0,0,0,32,0,0,0,0,0,0,0,0,0,0,0,0,32,2.00,0 (tie),32 (Blondskunk)
waxed_exposed_copper_grate,0,0,0,16,0,0,0,0,0,0,0,0,0,0,0,0,16,1.00,0 (tie),16 (Blondskunk)
waxed_exposed_cut_copper_stairs,0,0,0,13,0,0,0,0,0,0,0,0,0,8,0,0,21,1.31,0 (tie),13 (Blondskunk)
waxed_oxidized_copper,0,0,0,0,0,0,0,0,0,45,0,0,0,0,0,0,45,2.81,0 (tie),45 (KingZee)
waxed_oxidized_cut_copper_slab,0,0,0,0,0,0,0,0,0,16,0,0,0,0,0,0,16,1.00,0 (tie),16 (KingZee)
waxed_oxidized_cut_copper_stairs,0,0,0,0,0,0,0,0,0,4,0,0,0,0,0,0,4,0.25,0 (tie),4 (KingZee)
waxed_weathered_copper,0,0,0,0,4,0,0,0,0,0,0,0,0,0,0,0,4,0.25,0 (tie),4 (BrokenPixelSK)
waxed_weathered_cut_copper,0,0,0,0,8,0,0,0,0,0,0,0,0,0,0,0,8,0.50,0 (tie),8 (BrokenPixelSK)
waxed_weathered_cut_copper_slab,0,0,0,0,52,0,0,0,0,0,0,0,0,0,0,0,52,3.25,0 (tie),52 (BrokenPixelSK)
waxed_weathered_cut_copper_stairs,0,0,0,0,10,0,0,0,0,0,0,0,0,0,0,0,10,0.63,0 (tie),10 (BrokenPixelSK)
wheat,117,126,99,1507,891,405,0,0,91,81,117,0,18,261,9,1629,5351,334.44,0 (tie),1629 (WhiteFyr)
white_banner,0,45,0,2,2,0,0,0,0,0,8,0,33,36,8,0,134,8.38,0 (tie),45 (Artorvian)
white_bed,0,4,0,2,1,6,3,3,10,0,19,0,8,0,4,1,61,3.81,0 (tie),19 (PuffingFishHQ)
white_carpet,0,15,0,30,3,0,0,9,6,0,3,0,21,15,1113,36,1251,78.19,0 (tie),1113 (tinkfro)
white_concrete_powder,0,0,0,264,256,0,0,0,0,0,0,0,1216,24,32,64,1856,116.00,0 (tie),1216 (This_is_KB)
white_dye,22,340,20,810,132,72,0,0,10,46,1010,0,1198,266,2852,497,7275,454.69,0 (tie),2852 (tinkfro)
white_shulker_box,1,0,0,1,0,0,0,0,0,0,0,0,46,0,3,0,51,3.19,0 (tie),46 (This_is_KB)
white_stained_glass,0,0,24,1232,0,0,0,0,24,64,4672,0,32,0,16,248,6312,394.50,0 (tie),4672 (PuffingFishHQ)
white_stained_glass_pane,0,0,64,272,0,0,0,0,64,16,1984,0,16,0,32,16,2464,154.00,0 (tie),1984 (PuffingFishHQ)
white_terracotta,0,0,0,0,0,0,0,0,0,0,0,0,0,1344,0,0,1344,84.00,0 (tie),1344 (ThisIsDoom)
white_wool,0,0,1,9,104,0,0,0,0,0,56,0,120,49,3253,1,3593,224.56,0 (tie),3253 (tinkfro)
wooden_axe,1,2,0,1,1,0,1,1,0,0,0,0,1,0,1,0,9,0.56,0 (tie),2 (Artorvian)
wooden_hoe,0,0,0,0,0,0,1,0,0,0,0,0,3,0,0,0,4,0.25,0 (tie),3 (This_is_KB)
wooden_pickaxe,2,0,1,1,1,3,1,1,1,2,2,1,2,3,2,1,24,1.50,0 (Artorvian),3 (tie)
wooden_shovel,0,0,0,0,0,0,0,0,0,0,0,0,1,1,0,0,2,0.13,0 (tie),1 (tie)
wooden_sword,19,1,0,0,0,0,0,1,1,0,0,1,14,0,0,0,37,2.31,0 (tie),19 (AllOutJay)
writable_book,1,0,0,5,1,1,0,0,0,0,18,0,0,2,7,1,36,2.25,0 (tie),18 (PuffingFishHQ)
written_book,0,0,0,0,0,0,0,0,0,0,11,0,0,0,0,0,11,0.69,0 (tie),11 (PuffingFishHQ)
yellow_banner,0,8,0,21,2,0,0,0,0,0,4,0,0,0,0,0,35,2.19,0 (tie),21 (Blondskunk)
yellow_bed,0,0,0,0,0,0,0,0,7,1,2,0,0,0,3,0,13,0.81,0 (tie),7 (JustinL94)
yellow_candle,0,0,0,12,0,0,0,0,0,0,0,0,0,0,0,0,12,0.75,0 (tie),12 (Blondskunk)
yellow_carpet,0,0,0,30,0,0,0,0,0,0,0,0,0,0,0,15,45,2.81,0 (tie),30 (Blondskunk)
yellow_concrete_powder,0,408,0,48,0,0,0,0,0,0,8,0,0,0,1096,0,1560,97.50,0 (tie),1096 (tinkfro)
yellow_dye,7,355,7,108,2,0,0,0,2,3,213,0,61,40,239,4,1041,65.06,0 (tie),355 (Artorvian)
yellow_glazed_terracotta,0,0,0,8,0,0,0,0,0,0,64,0,0,0,0,0,72,4.50,0 (tie),64 (PuffingFishHQ)
yellow_shulker_box,0,0,0,0,0,0,0,0,0,0,29,0,1,0,3,4,37,2.31,0 (tie),29 (PuffingFishHQ)
yellow_stained_glass,24,16,0,432,0,0,0,0,0,0,168,0,0,0,8,168,816,51.00,0 (tie),432 (Blondskunk)
yellow_stained_glass_pane,0,16,0,336,0,0,0,0,0,0,16,0,0,0,0,0,368,23.00,0 (tie),336 (Blondskunk)
yellow_terracotta,0,16,0,8,0,0,0,0,0,0,0,0,0,0,68,0,92,5.75,0 (tie),68 (tinkfro)
yellow_wool,0,197,0,3,0,0,0,0,0,3,0,0,6,0,17,0,226,14.13,0 (tie),197 (Artorvian)
,,,,,,,,,,,,,,,,,,,,,,,,,,,,,,,,,,,,,,,,,
pTotal,17122,52151,46051,120825,18030,28579,10773,70350,26866,20324,518543,664,109270,68507,200832,109786
pAvg,99.55,179.83,223.55,280.99,78.73,137.40,98.83,386.54,135.69,139.21,1167.89,24.59,293.74,249.12,524.37,503.61
pMin,0 (air),0 (air),0 (air),0 (air),0 (air),0 (air),0 (air),0 (air),0 (air),0 (air),0 (air),0 (air),0 (air),0 (air),0 (air),0 (air)
pMax,4328 (paper),11649 (bone_meal),5864 (spruce_planks),8872 (spruce_planks),2584 (dark_oak_planks),4980 (oak_planks),1336 (spruce_planks),5792 (mangrove_planks),2165 (iron_ingot),3666 (copper_ingot),102578 (emerald),240 (oak_planks),13584 (bone_meal),11708 (paper),50252 (firework_rocket),25935 (iron_block)