dropped,AllOutJay,Artorvian,Ash298,Blondskunk,BrokenPixelSK,HughBone,ImGP,Jagiero,JustinL94,KingZee,PuffingFishHQ,squaremario,This_is_KB,ThisIsDoom,tinkfro,WhiteFyr,total,avg,min,max
acacia_leaves,13,0,0,10,0,0,0,0,0,0,0,0,0,0,25,0,48,3.00,0 (tie),25 (tinkfro)
acacia_log,0,14,0,0,0,0,20,0,0,0,0,0,0,0,0,0,34,2.13,0 (tie),20 (ImGP)
acacia_planks,0,2,0,42,0,0,9,0,0,0,0,0,0,0,0,0,53,3.31,0 (tie),42 (Blondskunk)
acacia_sapling,0,0,0,0,0,0,0,0,0,2,0,0,0,18,10,0,30,1.88,0 (tie),18 (ThisIsDoom)
activator_rail,0,0,0,0,0,1,3,0,0,0,3,0,0,0,2,0,9,0.56,0 (tie),3 (tie)
allium,0,0,0,0,0,0,0,3,1,0,1,0,0,0,2,0,7,0.44,0 (tie),3 (Jagiero)
amethyst_block,1,0,0,4,0,5,0,13,0,0,0,0,4,185,85,0,297,18.56,0 (tie),185 (ThisIsDoom)
amethyst_cluster,0,10,0,0,0,0,0,0,0,0,0,0,15,0,2,0,27,1.69,0 (tie),15 (This_is_KB)
amethyst_shard,5,7,6,2,0,5,0,0,32,0,0,0,0,0,627,0,684,42.75,0 (tie),627 (tinkfro)
ancient_debris,0,0,0,0,0,0,0,0,6,0,4,0,13,0,3,0,26,1.63,0 (tie),13 (This_is_KB)
andesite,133,91,68,390,1,49,0,95,25,0,59,0,161,240,117,25,1454,90.88,0 (tie),390 (Blondskunk)
andesite_slab,0,0,0,0,0,0,0,0,0,0,0,0,2,0,2,0,4,0.25,0 (tie),2 (tie)
andesite_wall,0,0,0,2,0,0,0,0,0,0,0,0,0,0,0,0,2,0.13,0 (tie),2 (Blondskunk)
anvil,0,0,0,0,0,0,0,0,0,0,0,0,2,0,0,1,3,0.19,0 (tie),2 (This_is_KB)
apple,17,2,5,23,6,26,1,6,4,4,283,0,14,0,25,1,417,26.06,0 (tie),283 (PuffingFishHQ)
armor_stand,0,0,0,0,0,0,0,0,0,0,54,0,0,0,0,0,54,3.38,0 (tie),54 (PuffingFishHQ)
arrow,5596,95,704,722,598,508,4,1,1000,509,7811,0,899,4046,2881,16,25390,1586.88,0 (squaremario),7811 (PuffingFishHQ)
axolotl_bucket,0,0,0,0,0,0,0,0,0,0,0,0,0,1,0,0,1,0.06,0 (tie),1 (ThisIsDoom)
azalea,8,0,0,5,0,1,0,245,3,0,48,0,5,0,66,0,381,23.81,0 (tie),245 (Jagiero)
azalea_leaves,499,61,0,20,0,0,0,0,0,0,210,0,11,76,0,0,877,54.81,0 (tie),499 (AllOutJay)
azure_bluet,0,3,0,81,1,4,0,4,2,2,3,3,4,4,11,0,122,7.63,0 (tie),81 (Blondskunk)
baked_potato,24,8,1,2,0,71,0,4,0,0,10,0,20,0,19,66,225,14.06,0 (tie),71 (HughBone)
bamboo,0,0,0,0,0,12,0,0,18,232,351,0,2,88,402,0,1105,69.06,0 (tie),402 (tinkfro)
bamboo_planks,0,0,0,0,0,0,0,0,0,0,1,0,0,0,0,0,1,0.06,0 (tie),1 (PuffingFishHQ)
bamboo_slab,0,0,0,0,0,0,0,0,0,4,4,0,0,0,0,0,8,0.50,0 (tie),4 (tie)
barrel,17,86,0,0,0,0,0,0,0,0,15,0,51,0,0,0,169,10.56,0 (tie),86 (Artorvian)
basalt,0,4,6,333,0,0,1,532,0,0,11,0,632,0,11,0,1530,95.63,0 (tie),632 (This_is_KB)
beacon,0,0,0,1,0,0,0,0,0,0,1,0,1,0,0,0,3,0.19,0 (tie),1 (tie)
bee_nest,0,6,0,0,0,0,0,0,0,0,0,0,0,0,0,0,6,0.38,0 (tie),6 (Artorvian)
beef,3,34,3,16,0,1,5,0,0,0,64,2,330,115,335,3,911,56.94,0 (tie),335 (tinkfro)
beehive,33,40,0,0,0,0,0,0,0,0,0,0,0,0,0,0,73,4.56,0 (tie),40 (Artorvian)
beetroot,0,20,0,0,0,0,1,0,0,0,0,0,12,0,9,0,42,2.63,0 (tie),20 (Artorvian)
beetroot_seeds,3,59,3,0,0,2,8,0,15,0,11,0,2,41,26,0,170,10.63,0 (tie),59 (Artorvian)
bell,0,0,0,0,0,0,0,0,0,0,12,0,0,9,0,0,21,1.31,0 (tie),12 (PuffingFishHQ)
big_dripleaf,0,5,0,0,0,0,0,0,2,0,0,0,11,0,19,0,37,2.31,0 (tie),19 (tinkfro)
birch_boat,0,0,0,0,0,4,0,0,0,0,5,0,0,0,0,0,9,0.56,0 (tie),5 (PuffingFishHQ)
birch_fence,0,2,0,0,0,0,1,0,0,0,3,0,14,0,1,0,21,1.31,0 (tie),14 (This_is_KB)
birch_fence_gate,0,0,0,0,0,0,0,0,0,0,0,0,1,0,0,0,1,0.06,0 (tie),1 (This_is_KB)
birch_leaves,10,45,1,15,0,1,0,0,0,0,11,0,75,0,4,16,178,11.13,0 (tie),75 (This_is_KB)
birch_log,26,26,2,5,0,73,0,24,1,0,6,0,248,19,1,0,431,26.94,0 (tie),248 (This_is_KB)
birch_planks,0,130,0,9,0,5,0,0,0,0,3,0,6,0,0,0,153,9.56,0 (tie),130 (Artorvian)
birch_sapling,4,9,10,34,0,53,2,2,0,0,3,0,25,5,33,1,181,11.31,0 (tie),53 (HughBone)
birch_sign,0,3,0,4,0,0,0,0,0,6,0,0,3,0,2,0,18,1.13,0 (tie),6 (KingZee)
birch_slab,0,0,0,65,0,0,0,0,0,0,20,0,42,0,0,0,127,7.94,0 (tie),65 (Blondskunk)
birch_trapdoor,0,0,0,0,0,12,0,0,0,0,0,0,0,0,0,0,12,0.75,0 (tie),12 (HughBone)
black_banner,0,0,0,0,0,0,0,0,0,0,0,0,2,0,0,0,2,0.13,0 (tie),2 (This_is_KB)
black_bed,1,0,0,2,0,1,0,0,0,0,0,0,3,0,2,3,12,0.75,0 (tie),3 (tie)
black_carpet,0,1,0,0,0,4,0,0,2,0,0,0,66,4,0,0,77,4.81,0 (tie),66 (This_is_KB)
black_concrete_powder,0,0,0,0,0,1,0,0,0,0,0,0,31,0,0,0,32,2.00,0 (tie),31 (This_is_KB)
black_dye,0,0,0,0,0,0,0,0,0,0,4,0,3,2,0,0,9,0.56,0 (tie),4 (PuffingFishHQ)
black_stained_glass,0,0,0,0,0,52,0,0,6,0,30,0,20,0,0,0,108,6.75,0 (tie),52 (HughBone)
black_stained_glass_pane,0,0,0,0,0,0,0,0,1,0,0,0,0,0,0,0,1,0.06,0 (tie),1 (JustinL94)
black_terracotta,0,0,0,0,0,0,0,0,0,0,0,0,0,0,15,0,15,0.94,0 (tie),15 (tinkfro)
black_wool,0,61,31,2,0,963,0,0,0,0,0,0,74,0,528,0,1659,103.69,0 (tie),963 (HughBone)
blackstone,0,210,0,72,0,64,0,49,0,0,49,0,363,0,24,103,934,58.38,0 (tie),363 (This_is_KB)
blackstone_slab,0,4,0,0,0,0,0,4,0,0,0,0,0,0,0,0,8,0.50,0 (tie),4 (tie)
blast_furnace,1,0,0,0,0,0,0,0,0,0,1,0,0,0,0,0,2,0.13,0 (tie),1 (tie)
blaze_powder,0,0,0,1,0,0,0,0,1,0,0,0,0,0,3,0,5,0.31,0 (tie),3 (tinkfro)
blaze_rod,0,0,0,11,0,0,0,0,69,0,82,0,0,0,5,1,168,10.50,0 (tie),82 (PuffingFishHQ)
blue_concrete_powder,14,0,0,0,0,0,0,0,0,0,0,0,128,0,0,0,142,8.88,0 (tie),128 (This_is_KB)
blue_ice,0,0,0,0,0,0,0,0,0,0,211,0,0,0,0,0,211,13.19,0 (tie),211 (PuffingFishHQ)
blue_stained_glass_pane,0,0,0,0,0,0,0,0,0,0,0,0,0,8,0,0,8,0.50,0 (tie),8 (ThisIsDoom)
blue_terracotta,0,0,0,0,0,3,0,0,0,0,0,0,0,0,0,0,3,0.19,0 (tie),3 (HughBone)
blue_wool,0,0,1,0,0,2,0,0,0,0,0,0,0,0,1,0,4,0.25,0 (tie),2 (HughBone)
bone,5818,441,183,310,1,400,10,31,479,433,1852,6,158,2839,2269,55,15285,955.31,1 (BrokenPixelSK),5818 (AllOutJay)
bone_block,33,28,0,0,0,9,0,0,0,0,176,0,64,108,123,0,541,33.81,0 (tie),176 (PuffingFishHQ)
bone_meal,24,1,0,1,0,17,0,1,16,0,2280,0,137,733,242,0,3452,215.75,0 (tie),2280 (PuffingFishHQ)
book,0,9,0,0,0,0,0,0,22,0,87,0,0,126,4,0,248,15.50,0 (tie),126 (ThisIsDoom)
bow,405,8,81,29,9,148,3,1,123,45,741,0,214,292,175,121,2395,149.69,0 (squaremario),741 (PuffingFishHQ)
bowl,2,5,0,0,0,1,0,0,0,0,6,0,0,3,0,0,17,1.06,0 (tie),6 (PuffingFishHQ)
brain_coral,0,0,0,0,0,0,0,3,0,0,0,0,0,0,0,0,3,0.19,0 (tie),3 (Jagiero)
brain_coral_fan,0,1,0,0,0,0,0,12,0,0,0,0,0,0,0,0,13,0.81,0 (tie),12 (Jagiero)
bread,3,1,40,0,54,28,0,0,5,0,319,0,0,43,319,22,834,52.13,0 (tie),319 (tie)
brewing_stand,0,0,0,0,0,0,0,0,0,0,3,0,0,7,0,0,10,0.63,0 (tie),7 (ThisIsDoom)
brick,0,14,0,30,0,0,0,0,0,0,976,0,60,0,10,0,1090,68.13,0 (tie),976 (PuffingFishHQ)
brick_slab,0,0,0,0,0,0,0,0,0,0,22,0,0,0,1,0,23,1.44,0 (tie),22 (PuffingFishHQ)
brick_stairs,2,0,0,0,0,1,0,0,11,0,17,0,0,8,0,0,39,2.44,0 (tie),17 (PuffingFishHQ)
bricks,1,0,0,1,0,64,0,0,0,0,101,0,0,4,64,0,235,14.69,0 (tie),101 (PuffingFishHQ)
brown_candle,0,0,0,0,0,0,0,0,0,0,0,0,0,1,0,0,1,0.06,0 (tie),1 (ThisIsDoom)
brown_carpet,0,0,0,0,0,0,0,0,0,0,0,0,0,3,0,0,3,0.19,0 (tie),3 (ThisIsDoom)
brown_concrete_powder,0,0,0,1,0,0,0,0,0,0,0,0,16,0,0,0,17,1.06,0 (tie),16 (This_is_KB)
brown_mushroom,401,1,0,15,1,15,0,0,0,0,28,0,3,3,0,3,470,29.38,0 (tie),401 (AllOutJay)
brown_terracotta,0,0,0,0,0,0,0,0,0,0,0,0,0,0,1,0,1,0.06,0 (tie),1 (tinkfro)
brown_wool,0,0,0,0,0,178,0,0,0,0,0,0,0,0,0,0,178,11.13,0 (tie),178 (HughBone)
bubble_coral,0,0,0,0,0,0,0,5,0,0,0,0,0,0,0,0,5,0.31,0 (tie),5 (Jagiero)
bubble_coral_fan,0,0,0,0,0,0,0,12,0,0,0,0,0,0,0,0,12,0.75,0 (tie),12 (Jagiero)
bucket,0,2,0,11,0,37,0,0,3,0,20,0,0,0,12,3,88,5.50,0 (tie),37 (HughBone)
cactus,0,93,136,2,0,31,0,2,0,0,0,0,0,3,194,3,464,29.00,0 (tie),194 (tinkfro)
calcite,0,194,2,35,0,2,0,6,0,0,6,0,6,136,4,9,400,25.00,0 (tie),194 (Artorvian)
campfire,0,0,0,0,1,0,0,0,0,0,0,0,5,0,0,0,6,0.38,0 (tie),5 (This_is_KB)
candle,0,0,0,0,0,48,0,0,0,0,0,0,0,15,32,0,95,5.94,0 (tie),48 (HughBone)
carrot,16,5,0,1,0,170,0,13,5,2,449,0,1309,794,53,2,2819,176.19,0 (tie),1309 (This_is_KB)
carrot_on_a_stick,0,0,0,0,0,1,0,0,0,1,0,0,3,0,1,1,7,0.44,0 (tie),3 (This_is_KB)
cartography_table,0,0,0,0,0,0,0,0,0,0,0,0,0,1,0,0,1,0.06,0 (tie),1 (ThisIsDoom)
cauldron,0,0,0,0,0,0,0,0,0,0,2,0,15,4,2,0,23,1.44,0 (tie),15 (This_is_KB)
chain,0,0,4,17,0,0,0,0,0,0,108,0,12,6,198,0,345,21.56,0 (tie),198 (tinkfro)
chainmail_boots,6,1,0,3,1,0,0,3,0,0,4,0,1,27,0,2,48,3.00,0 (tie),27 (ThisIsDoom)
chainmail_chestplate,9,0,0,1,0,4,0,0,0,0,3,0,3,8,6,6,40,2.50,0 (tie),9 (AllOutJay)
chainmail_helmet,10,0,0,0,0,3,0,3,6,0,3,0,2,9,4,1,41,2.56,0 (tie),10 (AllOutJay)
chainmail_leggings,10,0,0,0,0,6,0,1,0,0,1,0,3,9,8,1,39,2.44,0 (tie),10 (AllOutJay)
charcoal,0,0,0,0,4,6,0,0,0,0,14,0,0,53,0,0,77,4.81,0 (tie),53 (ThisIsDoom)
cherry_button,0,0,0,0,0,0,0,0,0,0,0,0,7,0,0,0,7,0.44,0 (tie),7 (This_is_KB)
cherry_leaves,0,0,0,0,0,0,0,0,0,0,0,0,0,0,5,0,5,0.31,0 (tie),5 (tinkfro)
cherry_log,0,0,0,0,0,0,0,0,0,0,0,0,0,0,45,0,45,2.81,0 (tie),45 (tinkfro)
cherry_planks,0,0,0,0,0,0,0,0,0,0,3,0,11,0,0,0,14,0.88,0 (tie),11 (This_is_KB)
cherry_sapling,0,0,0,0,0,0,0,0,0,0,0,0,0,0,2,0,2,0.13,0 (tie),2 (tinkfro)
cherry_trapdoor,0,0,0,0,0,0,0,0,0,0,0,0,11,0,0,0,11,0.69,0 (tie),11 (This_is_KB)
chest,0,2,1,2,0,3,1,4,0,1,49,0,24,0,19,2,108,6.75,0 (tie),49 (PuffingFishHQ)
chest_minecart,0,0,0,0,0,1,0,0,0,0,0,0,0,2,1,0,4,0.25,0 (tie),2 (ThisIsDoom)
chicken,3,0,0,43,1,14,0,14,0,0,15,0,0,11,3,1,105,6.56,0 (tie),43 (Blondskunk)
chiseled_polished_blackstone,0,0,0,0,0,4,0,0,0,0,0,0,0,0,0,0,4,0.25,0 (tie),4 (HughBone)
chiseled_sandstone,0,0,0,0,0,0,0,0,0,1,0,0,0,0,0,0,1,0.06,0 (tie),1 (KingZee)
chiseled_stone_bricks,0,0,0,2,0,2,0,0,0,0,449,0,4,0,0,0,457,28.56,0 (tie),449 (PuffingFishHQ)
chiseled_tuff,63,0,0,0,0,0,0,0,0,0,0,0,0,0,0,0,63,3.94,0 (tie),63 (AllOutJay)
chorus_fruit,33,4,0,0,0,0,0,0,0,0,396,0,0,0,0,0,433,27.06,0 (tie),396 (PuffingFishHQ)
clay,0,288,0,2,0,0,0,0,0,0,12,0,1,6,1,0,310,19.38,0 (tie),288 (Artorvian)
clay_ball,8,1020,0,12,0,0,0,0,0,0,12,20,165,0,138,0,1375,85.94,0 (tie),1020 (Artorvian)
clock,0,0,0,0,0,0,0,1,0,0,33,0,0,0,0,0,34,2.13,0 (tie),33 (PuffingFishHQ)
coal,119,1,31,19,2,15,2,5,87,4,36,0,39,2,327,20,709,44.31,0 (squaremario),327 (tinkfro)
coal_block,1,0,0,0,0,0,0,0,7,0,0,0,0,0,0,0,8,0.50,0 (tie),7 (JustinL94)
coal_ore,0,1,1,8,0,2,0,6,53,0,7,0,8,0,109,1,196,12.25,0 (tie),109 (tinkfro)
coarse_dirt,11,0,5,0,0,0,0,0,0,0,64,0,51,1,1,0,133,8.31,0 (tie),64 (PuffingFishHQ)
coast_armor_trim_smithing_template,0,0,0,2,0,0,0,0,0,0,0,0,0,0,0,0,2,0.13,0 (tie),2 (Blondskunk)
cobbled_deepslate,193,500,94,99,0,453,33,798,1845,4,299,0,1317,969,106,86,6796,424.75,0 (tie),1845 (JustinL94)
cobbled_deepslate_slab,0,0,0,0,0,0,0,0,0,0,0,0,17,0,7,0,24,1.50,0 (tie),17 (This_is_KB)
cobbled_deepslate_stairs,0,2,0,0,0,0,0,64,30,0,2,0,23,0,0,0,121,7.56,0 (tie),64 (Jagiero)
cobbled_deepslate_wall,0,0,0,0,0,0,0,1,0,0,0,0,0,0,0,0,1,0.06,0 (tie),1 (Jagiero)
cobblestone,35,90,133,164,60,977,13,28,133,19,4021,1,1456,624,374,23,8151,509.44,1 (squaremario),4021 (PuffingFishHQ)
cobblestone_slab,0,5,37,56,0,0,0,0,0,0,7,0,58,0,44,0,207,12.94,0 (tie),58 (This_is_KB)
cobblestone_stairs,0,0,0,0,0,0,0,0,128,0,3,0,7,0,1,1,140,8.75,0 (tie),128 (JustinL94)
cobblestone_wall,0,0,0,0,0,14,0,0,0,0,0,0,0,0,0,3,17,1.06,0 (tie),14 (HughBone)
cobweb,0,0,0,0,0,45,0,0,0,0,0,0,0,0,0,0,45,2.81,0 (tie),45 (HughBone)
cocoa_beans,0,0,0,0,0,0,0,0,0,24,20,0,0,93,1,0,138,8.63,0 (tie),93 (ThisIsDoom)
cod,23,0,0,0,0,0,0,0,0,4,2,0,1,0,12,0,42,2.63,0 (tie),23 (AllOutJay)
comparator,0,0,0,0,0,0,0,0,0,0,1,0,0,0,0,0,1,0.06,0 (tie),1 (PuffingFishHQ)
compass,0,0,0,0,0,0,0,0,0,0,57,0,0,3,1,0,61,3.81,0 (tie),57 (PuffingFishHQ)
composter,0,0,0,0,0,0,0,0,0,0,36,0,1,0,0,1,38,2.38,0 (tie),36 (PuffingFishHQ)
cooked_beef,100,64,35,113,9,150,0,1,28,0,117,0,207,139,272,78,1313,82.06,0 (tie),272 (tinkfro)
cooked_chicken,3,1,0,36,0,2,0,3,0,0,10,0,63,0,2,1,121,7.56,0 (tie),63 (This_is_KB)
cooked_cod,0,0,0,0,0,0,0,0,0,0,0,0,0,0,5,0,5,0.31,0 (tie),5 (tinkfro)
cooked_mutton,22,3,82,0,0,24,0,0,55,0,3,0,0,0,58,0,247,15.44,0 (tie),82 (Ash298)
cooked_porkchop,0,1,0,4,21,53,0,0,104,0,17,8,15,32,422,0,677,42.31,0 (tie),422 (tinkfro)
cooked_salmon,19,0,10,0,0,0,0,0,18,0,0,0,0,0,25,0,72,4.50,0 (tie),25 (tinkfro)
cookie,0,0,0,0,0,0,0,0,0,0,663,0,0,0,216,0,879,54.94,0 (tie),663 (PuffingFishHQ)
copper_block,0,0,0,0,0,0,0,0,109,0,0,0,0,0,0,0,109,6.81,0 (tie),109 (JustinL94)
copper_ingot,1,0,0,4,0,0,0,7,5,0,2,0,0,74,6,0,99,6.19,0 (tie),74 (ThisIsDoom)
copper_ore,0,0,0,8,0,6,0,36,0,0,8,0,33,0,19,1,111,6.94,0 (tie),36 (Jagiero)
cornflower,1,236,2,10,0,1,0,0,0,0,0,0,2,4,2,0,258,16.13,0 (tie),236 (Artorvian)
cracked_deepslate_bricks,0,0,0,0,0,0,0,0,0,0,0,0,0,0,1,0,1,0.06,0 (tie),1 (tinkfro)
cracked_deepslate_tiles,0,0,0,0,0,0,0,0,0,0,0,0,0,0,2,0,2,0.13,0 (tie),2 (tinkfro)
cracked_polished_blackstone_bricks,0,0,0,2,0,6,0,0,0,0,0,0,9,0,62,0,79,4.94,0 (tie),62 (tinkfro)
cracked_stone_bricks,0,0,0,1,0,0,0,0,0,2,0,0,0,0,5,1,9,0.56,0 (tie),5 (tinkfro)
crafter,0,0,0,1,0,0,0,0,0,0,0,0,0,0,0,0,1,0.06,0 (tie),1 (Blondskunk)
crafting_table,2,0,3,10,1,6,0,2,0,2,0,0,1,2,4,0,33,2.06,0 (tie),10 (Blondskunk)
crimson_fungus,0,3,0,0,0,4,0,0,4,0,11,0,0,0,0,0,22,1.38,0 (tie),11 (PuffingFishHQ)
crimson_nylium,0,0,0,0,0,10,0,0,21,0,4,0,0,0,0,0,35,2.19,0 (tie),21 (JustinL94)
crimson_planks,0,0,0,0,0,1,0,0,0,0,0,0,0,28,4,0,33,2.06,0 (tie),28 (ThisIsDoom)
crimson_roots,0,6,0,0,0,28,1,0,11,0,3,0,0,24,2,0,75,4.69,0 (tie),28 (HughBone)
crimson_stem,0,0,0,0,0,0,2,0,1,0,0,0,0,0,16,0,19,1.19,0 (tie),16 (tinkfro)
crossbow,0,2,2,5,0,4,0,0,279,0,626,0,6,3,11,2,940,58.75,0 (tie),626 (PuffingFishHQ)
crying_obsidian,0,3,0,0,0,0,0,0,0,0,17,0,1,0,3,0,24,1.50,0 (tie),17 (PuffingFishHQ)
cut_sandstone,0,0,1,1,0,0,0,0,40,5,192,0,0,0,105,0,344,21.50,0 (tie),192 (PuffingFishHQ)
cut_sandstone_slab,0,0,0,0,0,0,0,0,0,0,15,0,0,0,0,0,15,0.94,0 (tie),15 (PuffingFishHQ)
cyan_carpet,0,0,0,0,0,0,0,0,0,0,0,0,2,4,0,0,6,0.38,0 (tie),4 (ThisIsDoom)
cyan_concrete_powder,0,0,0,24,0,0,0,0,0,0,0,0,256,0,0,0,280,17.50,0 (tie),256 (This_is_KB)
cyan_wool,0,0,0,0,0,230,0,0,0,0,0,0,0,104,0,0,334,20.88,0 (tie),230 (HughBone)
damaged_anvil,0,0,0,0,0,0,0,0,0,0,0,0,1,0,0,0,1,0.06,0 (tie),1 (This_is_KB)
dandelion,1,39,17,82,0,51,0,22,0,4,24,0,64,221,76,0,601,37.56,0 (tie),221 (ThisIsDoom)
dark_oak_button,0,0,0,0,0,0,0,0,0,0,2,0,0,2,1,0,5,0.31,0 (tie),2 (tie)
dark_oak_chest_boat,0,0,0,0,0,0,0,0,0,0,0,0,0,2,0,0,2,0.13,0 (tie),2 (ThisIsDoom)
dark_oak_door,0,1,0,0,0,0,0,0,0,0,0,0,2,0,0,0,3,0.19,0 (tie),2 (This_is_KB)
dark_oak_fence,0,45,7,5,0,0,0,0,0,0,0,0,34,0,0,0,91,5.69,0 (tie),45 (Artorvian)
dark_oak_fence_gate,0,56,0,0,0,0,0,0,0,0,0,0,0,0,0,0,56,3.50,0 (tie),56 (Artorvian)
dark_oak_leaves,0,17,0,0,0,40,0,0,0,0,5,0,2,0,0,0,64,4.00,0 (tie),40 (HughBone)
dark_oak_log,13,294,0,64,0,0,0,0,94,0,388,0,1961,340,53,0,3207,200.44,0 (tie),1961 (This_is_KB)
dark_oak_planks,0,550,0,0,0,0,1,1,66,0,23,0,9,606,53,0,1309,81.81,0 (tie),606 (ThisIsDoom)
dark_oak_pressure_plate,0,0,0,0,0,0,0,0,0,0,0,0,0,0,1,0,1,0.06,0 (tie),1 (tinkfro)
dark_oak_sapling,2,9,0,2,13,5,1,0,12,0,6,0,2,1,1,7,61,3.81,0 (tie),13 (BrokenPixelSK)
dark_oak_sign,0,0,0,4,0,0,0,0,0,0,3,0,2,0,0,0,9,0.56,0 (tie),4 (Blondskunk)
dark_oak_slab,0,47,5,1,0,0,0,0,0,0,20,0,39,0,0,0,112,7.00,0 (tie),47 (Artorvian)
dark_oak_stairs,0,445,0,0,0,0,0,0,0,0,0,0,6,0,0,0,451,28.19,0 (tie),445 (Artorvian)
dark_oak_trapdoor,0,695,1,0,0,0,0,0,0,0,0,0,0,31,64,0,791,49.44,0 (tie),695 (Artorvian)
dark_prismarine,0,0,0,0,0,0,0,0,0,3,0,0,0,0,1,0,4,0.25,0 (tie),3 (KingZee)
dark_prismarine_slab,1,0,0,0,0,0,0,0,0,0,0,0,0,0,0,0,1,0.06,0 (tie),1 (AllOutJay)
dark_prismarine_stairs,0,0,0,0,0,0,0,0,0,0,2,0,0,0,0,0,2,0.13,0 (tie),2 (PuffingFishHQ)
dead_bush,0,0,0,0,0,0,0,0,0,0,0,0,1,5,0,0,6,0.38,0 (tie),5 (ThisIsDoom)
deepslate,523,1,2,506,0,1860,0,219,37,73,332,0,2484,0,415,65,6517,407.31,0 (tie),2484 (This_is_KB)
deepslate_brick_slab,0,0,0,0,0,0,0,0,0,0,0,0,0,0,2,0,2,0.13,0 (tie),2 (tinkfro)
deepslate_brick_stairs,0,0,0,30,0,0,0,64,0,0,0,0,0,0,16,0,110,6.88,0 (tie),64 (Jagiero)
deepslate_bricks,0,0,0,0,0,1,0,0,0,0,304,0,0,0,29,0,334,20.88,0 (tie),304 (PuffingFishHQ)
deepslate_copper_ore,0,0,0,0,0,2,0,0,0,0,0,0,0,0,0,0,2,0.13,0 (tie),2 (HughBone)
deepslate_diamond_ore,18,0,0,0,0,0,0,0,0,0,12,0,1,0,7,0,38,2.38,0 (tie),18 (AllOutJay)
deepslate_gold_ore,0,0,0,0,0,5,0,0,0,0,0,0,6,0,10,0,21,1.31,0 (tie),10 (tinkfro)
deepslate_iron_ore,0,0,0,1,0,6,0,0,0,0,0,0,0,0,12,0,19,1.19,0 (tie),12 (tinkfro)
deepslate_lapis_ore,0,0,0,0,0,7,0,0,0,0,2,0,3,0,2,0,14,0.88,0 (tie),7 (HughBone)
deepslate_redstone_ore,0,0,12,3,0,4,0,36,0,2,1,0,28,0,0,2,88,5.50,0 (tie),36 (Jagiero)
deepslate_tile_slab,4,0,0,64,0,0,0,0,0,0,3,0,11,0,1,0,83,5.19,0 (tie),64 (Blondskunk)
deepslate_tile_stairs,0,5,0,0,0,0,0,0,0,0,0,0,0,0,1,0,6,0.38,0 (tie),5 (Artorvian)
deepslate_tile_wall,0,0,0,8,0,0,0,0,0,0,0,0,0,0,0,0,8,0.50,0 (tie),8 (Blondskunk)
deepslate_tiles,0,64,0,0,0,0,0,41,2,0,0,0,36,0,2,0,145,9.06,0 (tie),64 (Artorvian)
detector_rail,0,4,0,0,0,6,0,0,0,0,0,0,0,0,1,0,11,0.69,0 (tie),6 (HughBone)
diamond,166,17,35,92,1,16,2,0,36,14,166,0,140,8,187,189,1069,66.81,0 (tie),189 (WhiteFyr)
diamond_axe,3,6,3,11,0,4,2,0,0,3,29,0,1,0,11,1,74,4.63,0 (tie),29 (PuffingFishHQ)
diamond_block,0,0,2,3,0,0,0,0,20,0,22,0,0,0,0,0,47,2.94,0 (tie),22 (PuffingFishHQ)
diamond_boots,0,0,2,7,0,3,0,0,1,0,5,0,3,0,13,1,35,2.19,0 (tie),13 (tinkfro)
diamond_chestplate,0,1,1,5,0,2,0,0,0,0,1,0,2,0,10,0,22,1.38,0 (tie),10 (tinkfro)
diamond_helmet,1,1,1,7,0,1,0,0,0,0,4,0,4,0,14,1,34,2.13,0 (tie),14 (tinkfro)
diamond_hoe,0,0,1,0,0,4,0,0,4,0,9,0,2,0,3,1,24,1.50,0 (tie),9 (PuffingFishHQ)
diamond_horse_armor,0,0,0,0,0,0,0,0,0,0,1,0,0,1,0,0,2,0.13,0 (tie),1 (tie)
diamond_leggings,2,3,3,7,0,1,0,0,1,0,3,0,4,0,13,2,39,2.44,0 (tie),13 (tinkfro)
diamond_pickaxe,17,3,8,12,0,15,1,0,4,3,30,0,7,0,21,9,130,8.13,0 (tie),30 (PuffingFishHQ)
diamond_shovel,2,0,3,4,0,5,0,1,2,1,28,0,0,0,11,1,58,3.63,0 (tie),28 (PuffingFishHQ)
diamond_sword,7,4,2,8,0,3,0,0,5,2,16,0,14,0,8,1,70,4.38,0 (tie),16 (PuffingFishHQ)
diorite,11,8,19,4,2,24,4,8,1,0,202,3,294,20,130,22,752,47.00,0 (KingZee),294 (This_is_KB)
diorite_slab,1,12,0,0,0,1,0,0,0,0,0,0,11,0,9,0,34,2.13,0 (tie),12 (Artorvian)
diorite_wall,0,64,0,3,0,0,0,0,0,0,0,0,9,0,0,1,77,4.81,0 (tie),64 (Artorvian)
dirt,23,463,238,800,5,685,64,281,8,157,1510,8,1241,60,567,161,6271,391.94,5 (BrokenPixelSK),1510 (PuffingFishHQ)
dispenser,0,0,0,0,0,0,0,0,0,0,1,0,0,0,0,0,1,0.06,0 (tie),1 (PuffingFishHQ)
dried_kelp,0,0,0,0,0,0,0,0,0,0,0,0,0,4,0,0,4,0.25,0 (tie),4 (ThisIsDoom)
dripstone_block,64,6,7,21,7,81,2,0,1,0,100,0,284,34,299,0,906,56.63,0 (tie),299 (tinkfro)
dropper,0,0,0,0,0,0,0,0,0,0,5,0,0,0,0,0,5,0.31,0 (tie),5 (PuffingFishHQ)
dune_armor_trim_smithing_template,0,0,0,1,0,0,0,0,0,0,0,0,0,0,0,0,1,0.06,0 (tie),1 (Blondskunk)
egg,10,2,1,67,2,17,1,5,6,8,11,0,35,70,270,1,506,31.63,0 (squaremario),270 (tinkfro)
elytra,3,0,1,8,0,0,0,0,2,0,8,1,4,0,4,2,33,2.06,0 (tie),8 (tie)
emerald,0,0,0,1,0,273,0,0,781,0,4938,0,39,2,10,0,6044,377.75,0 (tie),4938 (PuffingFishHQ)
emerald_block,0,0,0,0,0,0,0,0,11,0,2430,0,0,0,0,0,2441,152.56,0 (tie),2430 (PuffingFishHQ)
enchanted_book,3,0,2,0,0,2,1,0,5,0,419,0,0,11,42,0,485,30.31,0 (tie),419 (PuffingFishHQ)
enchanted_golden_apple,0,0,0,0,0,0,0,0,0,0,0,0,0,1,0,0,1,0.06,0 (tie),1 (ThisIsDoom)
enchanting_table,0,1,0,0,0,0,0,0,0,0,0,0,0,0,0,0,1,0.06,0 (tie),1 (Artorvian)
end_rod,0,0,0,0,0,0,0,0,6,0,0,0,5,7,28,0,46,2.88,0 (tie),28 (tinkfro)
end_stone,0,0,33,0,0,10,0,0,0,0,156,0,3,0,403,0,605,37.81,0 (tie),403 (tinkfro)
end_stone_bricks,0,0,4,19,0,0,0,0,0,0,4,0,4,3,170,0,204,12.75,0 (tie),170 (tinkfro)
ender_chest,1,0,2,5,0,1,0,0,0,0,7,0,4,0,7,2,29,1.81,0 (tie),7 (tie)
ender_pearl,193,685,265,3903,0,222,0,843,192,998,1832,0,1528,0,269,1951,12881,805.06,0 (tie),3903 (Blondskunk)
exposed_copper_bulb,32,0,0,0,0,0,0,0,0,0,0,0,0,0,0,0,32,2.00,0 (tie),32 (AllOutJay)
exposed_cut_copper_stairs,1,0,0,0,0,0,0,0,0,0,0,0,0,0,0,0,1,0.06,0 (tie),1 (AllOutJay)
feather,6,0,0,44,0,9,292,15,8,0,16,10,0,36,5649,0,6085,380.31,0 (tie),5649 (tinkfro)
filled_map,0,0,0,2,1,1,0,0,0,0,0,0,1,2,11,0,18,1.13,0 (tie),11 (tinkfro)
fire_charge,0,0,0,4,0,0,0,0,0,0,7,0,0,0,25,0,36,2.25,0 (tie),25 (tinkfro)
fire_coral,0,0,0,0,0,0,0,6,0,0,0,0,0,0,0,0,6,0.38,0 (tie),6 (Jagiero)
fire_coral_fan,0,0,0,0,0,0,0,12,0,0,0,0,0,0,0,0,12,0.75,0 (tie),12 (Jagiero)
firework_rocket,87,0,1,258,0,64,0,2,64,0,73,36,118,0,225,237,1165,72.81,0 (tie),258 (Blondskunk)
fishing_rod,5,0,0,2,0,0,0,1,0,0,3,1,5,0,4,0,21,1.31,0 (tie),5 (tie)
fletching_table,0,0,0,0,0,0,0,0,0,0,2,0,0,0,0,0,2,0.13,0 (tie),2 (PuffingFishHQ)
flint,1,13,6,2,2,6,4,188,5,298,74,0,53,24,16,7,699,43.69,0 (squaremario),298 (KingZee)
flint_and_steel,3,1,1,4,0,2,0,0,1,0,13,1,1,4,2,1,34,2.13,0 (tie),13 (PuffingFishHQ)
flower_pot,0,0,0,0,0,0,0,0,0,0,0,0,1,16,0,0,17,1.06,0 (tie),16 (ThisIsDoom)
flowering_azalea,0,0,0,0,0,0,0,56,3,0,0,0,3,1,20,0,83,5.19,0 (tie),56 (Jagiero)
flowering_azalea_leaves,160,0,0,40,0,0,0,0,0,0,2,0,0,15,0,0,217,13.56,0 (tie),160 (AllOutJay)
furnace,0,9,0,0,0,4,2,0,0,5,4,0,30,1,1,0,56,3.50,0 (tie),30 (This_is_KB)
furnace_minecart,0,0,0,0,0,0,0,0,0,0,1,0,0,0,0,0,1,0.06,0 (tie),1 (PuffingFishHQ)
ghast_tear,1,0,2,1,0,0,0,0,0,0,1,0,0,0,0,0,5,0.31,0 (tie),2 (Ash298)
glass,0,2,0,0,0,261,0,0,74,0,474,0,22,4,6,0,843,52.69,0 (tie),474 (PuffingFishHQ)
glass_bottle,3,2,14,2,1,133,1,3,17,0,1656,0,9,0,12,2,1855,115.94,0 (tie),1656 (PuffingFishHQ)
glass_pane,0,0,0,0,0,0,0,0,0,0,0,0,0,16,0,0,16,1.00,0 (tie),16 (ThisIsDoom)
glistering_melon_slice,0,0,0,3,0,0,0,0,0,0,0,0,3,0,0,0,6,0.38,0 (tie),3 (tie)
glow_berries,5,1,0,0,0,0,0,0,1,0,0,0,2,0,12,0,21,1.31,0 (tie),12 (tinkfro)
glow_ink_sac,11,9,4,12,0,3,0,0,2,19,37,1,13,14,148,3,276,17.25,0 (tie),148 (tinkfro)
glow_lichen,0,0,0,0,0,1,0,0,0,0,0,0,2,0,0,0,3,0.19,0 (tie),2 (This_is_KB)
glowstone,0,0,0,0,0,23,0,0,0,0,7,0,1,0,0,0,31,1.94,0 (tie),23 (HughBone)
glowstone_dust,0,0,0,0,0,4,0,0,105,0,471,0,3,128,1,0,712,44.50,0 (tie),471 (PuffingFishHQ)
goat_horn,12,0,0,0,0,0,0,0,0,0,6,0,0,0,0,6,24,1.50,0 (tie),12 (AllOutJay)
gold_block,0,0,0,0,0,2,0,0,0,0,0,0,0,2,1,0,5,0.31,0 (tie),2 (tie)
gold_ingot,0,0,0,106,0,0,0,51,840,0,482,0,6,56,579,0,2120,132.50,0 (tie),840 (JustinL94)
gold_nugget,1,0,0,60,0,13,0,0,0,0,55,0,32,46,25,42,274,17.13,0 (tie),60 (Blondskunk)
golden_apple,0,0,1,0,0,1,0,0,3,0,0,0,0,9,0,0,14,0.88,0 (tie),9 (ThisIsDoom)
golden_axe,0,0,0,1,0,3,0,0,0,0,0,0,0,0,5,0,9,0.56,0 (tie),5 (tinkfro)
golden_boots,39,5,3,8,3,14,0,11,13,5,23,1,15,82,7,16,245,15.31,0 (ImGP),82 (ThisIsDoom)
golden_carrot,0,68,3,11,0,116,0,0,0,0,357,0,0,7,12,35,609,38.06,0 (tie),357 (PuffingFishHQ)
golden_chestplate,21,2,4,12,3,17,1,10,5,3,21,0,8,64,22,3,196,12.25,0 (squaremario),64 (ThisIsDoom)
golden_helmet,28,0,5,5,1,12,1,8,4,2,26,0,8,29,18,9,156,9.75,0 (tie),29 (ThisIsDoom)
golden_horse_armor,0,0,0,0,0,0,0,0,3,0,1,0,0,2,3,0,9,0.56,0 (tie),3 (tie)
golden_leggings,33,0,2,0,1,8,0,14,4,2,36,1,10,60,18,15,204,12.75,0 (tie),60 (ThisIsDoom)
golden_pickaxe,0,0,0,0,0,0,0,0,0,0,0,0,0,0,1,0,1,0.06,0 (tie),1 (tinkfro)
golden_shovel,0,0,0,0,0,0,0,0,0,0,0,0,0,0,1,0,1,0.06,0 (tie),1 (tinkfro)
golden_sword,1,0,2,0,0,4,0,0,0,0,1,0,0,0,1,1,10,0.63,0 (tie),4 (HughBone)
granite,238,145,2,81,5,43,5,181,68,0,497,0,421,15,143,17,1861,116.31,0 (tie),497 (PuffingFishHQ)
granite_stairs,0,7,0,0,0,0,0,0,0,0,0,0,0,0,0,0,7,0.44,0 (tie),7 (Artorvian)
granite_wall,0,10,0,0,0,0,0,0,0,0,0,0,0,0,0,0,10,0.63,0 (tie),10 (Artorvian)
grass,0,0,0,0,0,2,0,0,0,0,0,0,0,2,0,0,4,0.25,0 (tie),2 (tie)
grass_block,32,93,77,49,0,39,0,0,0,0,638,0,1827,0,172,196,3123,195.19,0 (tie),1827 (This_is_KB)
gravel,93,17,8,191,3,84,2,626,91,19,393,0,272,97,107,280,2283,142.69,0 (squaremario),626 (Jagiero)
gray_carpet,1,0,0,0,0,0,0,0,0,0,0,0,0,0,3,0,4,0.25,0 (tie),3 (tinkfro)
gray_concrete,0,0,0,93,0,0,0,0,0,0,0,0,330,0,0,0,423,26.44,0 (tie),330 (This_is_KB)
gray_concrete_powder,0,0,0,0,0,0,0,0,0,0,0,0,1728,0,0,0,1728,108.00,0 (tie),1728 (This_is_KB)
gray_stained_glass,0,0,0,0,0,0,0,0,0,0,8,0,0,0,0,0,8,0.50,0 (tie),8 (PuffingFishHQ)
gray_wool,0,0,0,0,0,2,0,0,0,0,1,0,1,0,0,0,4,0.25,0 (tie),2 (HughBone)
green_bed,0,0,0,0,0,0,0,0,0,0,1,0,0,0,0,0,1,0.06,0 (tie),1 (PuffingFishHQ)
green_carpet,0,0,0,0,0,0,0,0,0,0,0,0,2,0,0,0,2,0.13,0 (tie),2 (This_is_KB)
green_concrete_powder,0,0,0,120,0,0,0,0,0,0,0,0,16,0,0,0,136,8.50,0 (tie),120 (Blondskunk)
green_dye,0,0,10,20,0,0,0,0,0,0,0,0,0,0,0,0,30,1.88,0 (tie),20 (Blondskunk)
green_terracotta,0,0,0,0,0,0,0,0,0,0,0,0,3,0,0,0,3,0.19,0 (tie),3 (This_is_KB)
green_wool,0,2,0,0,0,0,0,0,0,0,0,0,0,0,0,0,2,0.13,0 (tie),2 (Artorvian)
grindstone,0,0,0,0,0,0,0,1,0,0,0,0,0,2,0,0,3,0.19,0 (tie),2 (ThisIsDoom)
gunpowder,13,12,14,25,0,26,10,10,19,2,735,0,43,23,424,11,1367,85.44,0 (tie),735 (PuffingFishHQ)
hanging_roots,0,0,0,0,0,0,0,0,0,0,0,0,0,10,0,0,10,0.63,0 (tie),10 (ThisIsDoom)
hay_block,0,0,0,45,55,0,0,0,0,0,0,0,0,83,0,0,183,11.44,0 (tie),83 (ThisIsDoom)
heavy_weighted_pressure_plate,0,0,0,0,0,0,0,0,0,0,0,0,2,0,0,0,2,0.13,0 (tie),2 (This_is_KB)
honey_block,0,24,0,0,0,0,0,0,0,0,0,0,0,0,0,0,24,1.50,0 (tie),24 (Artorvian)
honey_bottle,0,9,5,0,0,0,0,0,0,0,0,0,0,0,42,0,56,3.50,0 (tie),42 (tinkfro)
honeycomb,4,632,0,1,0,0,0,0,0,0,3,0,0,301,4,0,945,59.06,0 (tie),632 (Artorvian)
honeycomb_block,0,160,0,0,0,0,0,0,0,0,0,0,0,0,0,0,160,10.00,0 (tie),160 (Artorvian)
hopper,0,0,4,0,0,0,1,0,0,0,14,0,4,2,0,0,25,1.56,0 (tie),14 (PuffingFishHQ)
hopper_minecart,0,0,0,0,0,4,0,0,0,0,93,0,0,0,0,0,97,6.06,0 (tie),93 (PuffingFishHQ)
horn_coral,0,0,0,0,0,0,0,3,0,0,0,0,0,0,0,0,3,0.19,0 (tie),3 (Jagiero)
horn_coral_fan,0,0,0,0,0,0,0,9,0,0,0,0,0,0,0,0,9,0.56,0 (tie),9 (Jagiero)
ice,0,0,0,449,0,0,0,0,44,0,57,0,2,0,4,612,1168,73.00,0 (tie),612 (WhiteFyr)
ink_sac,4,4,0,15,0,0,3,4,0,0,5,0,44,0,12,7,98,6.13,0 (tie),44 (This_is_KB)
iron_axe,2,3,1,2,2,11,1,0,179,0,214,0,2,3,11,1,432,27.00,0 (tie),214 (PuffingFishHQ)
iron_bars,0,0,0,0,0,16,0,0,0,0,14,0,49,14,1888,0,1981,123.81,0 (tie),1888 (tinkfro)
iron_block,164,0,0,60,0,0,0,0,58,0,1306,0,0,9,812,10,2419,151.19,0 (tie),1306 (PuffingFishHQ)
iron_boots,6,4,3,0,0,11,0,2,9,0,11,0,3,1,11,3,64,4.00,0 (tie),11 (tie)
iron_chestplate,1,5,1,0,0,10,0,1,6,0,4,0,1,3,13,1,46,2.88,0 (tie),13 (tinkfro)
iron_door,0,0,0,0,0,0,2,0,0,0,0,0,10,0,3,4,19,1.19,0 (tie),10 (This_is_KB)
iron_helmet,11,1,0,0,0,4,0,0,7,0,7,0,2,2,6,2,42,2.63,0 (tie),11 (AllOutJay)
iron_hoe,0,1,0,1,1,1,0,0,1,0,1,0,0,0,1,0,7,0.44,0 (tie),1 (tie)
iron_horse_armor,0,0,1,0,0,1,0,0,1,0,0,0,1,3,3,0,10,0.63,0 (tie),3 (tie)
iron_ingot,70,134,38,28,4,53,0,0,201,0,466,3,50,43,293,12,1395,87.19,0 (tie),466 (PuffingFishHQ)
iron_leggings,7,3,3,0,0,15,0,0,7,0,7,0,4,3,9,3,61,3.81,0 (tie),15 (HughBone)
iron_nugget,0,128,0,3,0,13,4,0,0,0,118,0,13,20,214,0,513,32.06,0 (tie),214 (tinkfro)
iron_ore,9,0,0,4,0,13,0,9,0,0,0,0,16,0,18,0,69,4.31,0 (tie),18 (tinkfro)
iron_pickaxe,4,5,3,0,3,14,3,0,4,0,8,0,1,4,5,3,57,3.56,0 (tie),14 (HughBone)
iron_shovel,2,6,4,0,5,10,0,6,5,0,11,0,6,8,4,3,70,4.38,0 (tie),11 (PuffingFishHQ)
iron_sword,4,3,0,1,1,12,1,3,8,0,13,0,10,4,7,2,69,4.31,0 (tie),13 (PuffingFishHQ)
iron_trapdoor,0,3,0,0,0,0,0,0,0,0,0,0,8,0,0,0,11,0.69,0 (tie),8 (This_is_KB)
item_frame,0,0,0,0,0,0,0,0,0,0,2,0,3,4,0,0,9,0.56,0 (tie),4 (ThisIsDoom)
jack_o_lantern,0,105,0,0,0,0,0,0,0,0,0,0,0,0,0,0,105,6.56,0 (tie),105 (Artorvian)
jukebox,0,1,0,0,0,0,0,0,0,0,0,0,0,0,0,0,1,0.06,0 (tie),1 (Artorvian)
jungle_door,0,0,0,0,0,0,0,0,0,3,0,0,0,5,0,0,8,0.50,0 (tie),5 (ThisIsDoom)
jungle_fence,0,0,0,17,0,0,0,0,0,0,48,0,19,0,0,0,84,5.25,0 (tie),48 (PuffingFishHQ)
jungle_fence_gate,0,0,0,384,0,0,0,0,0,0,0,0,0,0,0,192,576,36.00,0 (tie),384 (Blondskunk)
jungle_leaves,0,4,0,0,0,1,0,0,0,0,23,0,0,0,22,0,50,3.13,0 (tie),23 (PuffingFishHQ)
jungle_log,0,61,0,4,0,3,0,0,14,99,194,0,28,26,0,0,429,26.81,0 (tie),194 (PuffingFishHQ)
jungle_planks,0,0,15,0,0,0,0,2,0,0,29,0,8,342,59,0,455,28.44,0 (tie),342 (ThisIsDoom)
jungle_sapling,0,0,1,0,0,0,0,0,0,0,13,0,0,30,7,0,51,3.19,0 (tie),30 (ThisIsDoom)
jungle_sign,0,0,0,0,0,0,0,0,0,0,4,0,0,0,1,0,5,0.31,0 (tie),4 (PuffingFishHQ)
jungle_slab,1,0,0,5,0,0,0,0,0,0,0,0,2,75,0,0,83,5.19,0 (tie),75 (ThisIsDoom)
jungle_stairs,0,0,0,0,0,0,0,0,0,0,0,0,16,1,6,0,23,1.44,0 (tie),16 (This_is_KB)
jungle_trapdoor,0,33,0,0,0,0,0,0,0,0,1,0,0,9,0,0,43,2.69,0 (tie),33 (Artorvian)
jungle_wood,0,1,0,0,0,0,0,0,0,0,0,0,0,0,0,0,1,0.06,0 (tie),1 (Artorvian)
kelp,0,0,69,14,0,39,0,135,0,21,229,0,49,0,1,0,557,34.81,0 (tie),229 (PuffingFishHQ)
ladder,0,1,0,0,0,9,0,4,2,0,93,0,12,0,1,0,122,7.63,0 (tie),93 (PuffingFishHQ)
lantern,0,0,0,1,0,6,0,0,9,0,44,0,2,0,10,0,72,4.50,0 (tie),44 (PuffingFishHQ)
lapis_block,0,0,0,0,0,0,0,0,120,0,0,0,0,28,0,0,148,9.25,0 (tie),120 (JustinL94)
lapis_lazuli,33,193,72,47,0,2,0,0,68,0,58,0,0,75,77,0,625,39.06,0 (tie),193 (Artorvian)
lapis_ore,0,0,0,0,0,0,0,1,0,0,10,0,11,0,8,0,30,1.88,0 (tie),11 (This_is_KB)
large_amethyst_bud,0,1,0,2,0,0,0,0,0,0,0,0,0,0,0,0,3,0.19,0 (tie),2 (Blondskunk)
lava_bucket,0,0,0,1,0,3,0,0,0,0,2,0,0,0,0,1,7,0.44,0 (tie),3 (HughBone)
lead,1,3,0,12,0,3,0,6,8,2,5,0,2,2,12,2,58,3.63,0 (tie),12 (tie)
leather,28,2,6,17,0,17,0,13,45,3,95,1,20,126,191,0,564,35.25,0 (tie),191 (tinkfro)
leather_boots,27,0,3,4,1,13,0,10,7,0,19,0,12,38,20,6,160,10.00,0 (tie),38 (ThisIsDoom)
leather_chestplate,17,0,1,7,1,11,0,7,16,2,17,0,7,37,18,5,146,9.13,0 (tie),37 (ThisIsDoom)
leather_helmet,17,0,1,0,2,6,0,6,11,0,12,0,7,16,12,4,94,5.88,0 (tie),17 (AllOutJay)
leather_leggings,31,1,3,1,0,10,0,13,19,1,18,0,10,29,15,3,154,9.63,0 (tie),31 (AllOutJay)
lever,0,0,1,0,0,7,0,0,3,0,7,0,11,0,0,0,29,1.81,0 (tie),11 (This_is_KB)
light_blue_bed,1,0,0,1,0,0,0,0,0,0,0,0,0,0,0,0,2,0.13,0 (tie),1 (tie)
light_blue_concrete,0,0,0,65,0,0,0,0,0,0,0,0,0,0,0,0,65,4.06,0 (tie),65 (Blondskunk)
light_blue_concrete_powder,0,0,0,101,0,0,0,0,0,0,0,0,512,0,0,0,613,38.31,0 (tie),512 (This_is_KB)
light_blue_dye,1,0,0,0,0,0,0,0,0,0,0,0,0,0,0,0,1,0.06,0 (tie),1 (AllOutJay)
light_blue_shulker_box,0,0,0,0,0,0,0,0,0,0,0,0,1,0,0,0,1,0.06,0 (tie),1 (This_is_KB)
light_blue_terracotta,0,0,0,0,0,0,0,0,0,0,12,0,0,0,0,0,12,0.75,0 (tie),12 (PuffingFishHQ)
light_gray_bed,0,0,1,0,0,0,0,0,0,0,0,0,0,0,0,0,1,0.06,0 (tie),1 (Ash298)
light_gray_carpet,0,0,0,0,0,2,0,0,0,0,0,0,0,1,28,0,31,1.94,0 (tie),28 (tinkfro)
light_gray_dye,0,0,0,17,0,1,0,0,0,0,1,0,1,0,0,10,30,1.88,0 (tie),17 (Blondskunk)
light_gray_stained_glass,0,27,0,0,0,0,0,0,0,0,5,0,0,0,0,37,69,4.31,0 (tie),37 (WhiteFyr)
light_gray_stained_glass_pane,0,26,0,0,0,0,0,0,0,0,0,0,0,0,0,0,26,1.63,0 (tie),26 (Artorvian)
light_gray_terracotta,0,0,0,0,0,1,0,0,0,0,3,0,1,0,0,0,5,0.31,0 (tie),3 (PuffingFishHQ)
light_gray_wool,0,29,0,0,0,0,0,0,2,0,1,0,2,0,1,0,35,2.19,0 (tie),29 (Artorvian)
lightning_rod,0,0,6,0,0,0,0,0,0,0,0,0,0,0,0,0,6,0.38,0 (tie),6 (Ash298)
lilac,0,0,0,4,0,3,0,0,0,0,2,0,6,0,0,0,15,0.94,0 (tie),6 (This_is_KB)
lily_of_the_valley,0,0,0,3,0,25,0,0,0,1,0,0,0,10,0,0,39,2.44,0 (tie),25 (HughBone)
lily_pad,1,0,0,0,0,0,0,0,0,0,0,0,0,0,0,0,1,0.06,0 (tie),1 (AllOutJay)
lime_carpet,0,0,0,0,0,0,0,0,0,0,0,0,0,0,7,0,7,0.44,0 (tie),7 (tinkfro)
lime_dye,0,0,34,0,0,0,0,0,0,0,5,0,0,0,42,0,81,5.06,0 (tie),42 (tinkfro)
lime_stained_glass,0,0,4,0,0,0,0,0,0,0,0,0,0,0,67,0,71,4.44,0 (tie),67 (tinkfro)
lime_wool,0,0,81,0,0,0,0,0,0,0,0,0,0,0,67,0,148,9.25,0 (tie),81 (Ash298)
loom,0,3,0,0,0,0,0,0,0,0,0,0,1,0,0,0,4,0.25,0 (tie),3 (Artorvian)
magenta_stained_glass,0,0,0,3,0,0,0,0,2,0,1,0,2,0,2,0,10,0.63,0 (tie),3 (Blondskunk)
magenta_terracotta,0,0,0,0,0,0,0,0,0,0,12,0,0,0,0,0,12,0.75,0 (tie),12 (PuffingFishHQ)
magenta_wool,0,0,0,0,0,0,0,0,0,0,0,0,0,0,48,0,48,3.00,0 (tie),48 (tinkfro)
magma_block,0,8,0,10,1,1,1,0,0,0,3,0,1,11,112,0,148,9.25,0 (tie),112 (tinkfro)
magma_cream,3,0,0,2,0,0,0,0,6,0,16,0,13,0,424,0,464,29.00,0 (tie),424 (tinkfro)
mangrove_button,0,0,0,0,0,0,0,0,0,0,24,0,13,0,0,0,37,2.31,0 (tie),24 (PuffingFishHQ)
mangrove_door,0,0,0,0,0,0,0,0,0,0,0,0,4,0,0,0,4,0.25,0 (tie),4 (This_is_KB)
mangrove_fence,0,0,0,0,0,0,0,0,0,0,0,0,1,0,0,0,1,0.06,0 (tie),1 (This_is_KB)
mangrove_leaves,1,0,0,253,0,0,0,0,0,0,122,0,135,0,1,39,551,34.44,0 (tie),253 (Blondskunk)
mangrove_log,0,0,0,25,0,0,0,0,13,0,0,0,1,12,5,0,56,3.50,0 (tie),25 (Blondskunk)
mangrove_planks,0,0,0,0,0,0,0,53,7,0,0,0,83,21,3,0,167,10.44,0 (tie),83 (This_is_KB)
mangrove_propagule,1,0,0,46,0,0,0,0,0,0,0,0,49,81,0,0,177,11.06,0 (tie),81 (ThisIsDoom)
mangrove_roots,0,0,0,6,0,1,3,0,0,59,1,0,71,463,6,0,610,38.13,0 (tie),463 (ThisIsDoom)
mangrove_sign,0,0,0,0,0,0,0,0,0,0,0,0,4,1,1,0,6,0.38,0 (tie),4 (This_is_KB)
mangrove_slab,0,4,0,0,0,0,0,64,0,0,0,0,4,0,0,0,72,4.50,0 (tie),64 (Jagiero)
mangrove_stairs,0,0,0,1,0,0,0,0,0,0,0,0,23,0,0,0,24,1.50,0 (tie),23 (This_is_KB)
mangrove_trapdoor,0,0,0,0,0,0,0,0,0,0,0,0,29,0,0,0,29,1.81,0 (tie),29 (This_is_KB)
medium_amethyst_bud,0,1,0,0,0,0,0,0,0,0,0,0,1,0,0,0,2,0.13,0 (tie),1 (tie)
melon,0,0,0,0,0,0,0,0,0,0,5,0,0,0,0,0,5,0.31,0 (tie),5 (PuffingFishHQ)
melon_seeds,0,4,0,0,0,2,0,0,0,3,0,0,1,15,2,0,27,1.69,0 (tie),15 (ThisIsDoom)
melon_slice,0,0,0,0,0,3,0,0,0,0,0,0,13,0,0,0,16,1.00,0 (tie),13 (This_is_KB)
milk_bucket,0,0,0,1,0,0,0,0,1,0,0,0,2,0,0,0,4,0.25,0 (tie),2 (This_is_KB)
minecart,0,0,0,0,0,4,0,0,0,0,952,0,0,0,3,0,959,59.94,0 (tie),952 (PuffingFishHQ)
moss_block,107,90,20,683,0,1,0,0,89,0,1117,1,1000,19,491,5,3623,226.44,0 (tie),1117 (PuffingFishHQ)
moss_carpet,13,2,0,334,0,25,2,642,3,0,535,3,75,161,255,5,2055,128.44,0 (tie),642 (Jagiero)
mossy_cobblestone,0,1,26,0,0,0,0,0,0,0,7,0,55,0,22,1,112,7.00,0 (tie),55 (This_is_KB)
mossy_cobblestone_stairs,0,0,0,0,0,0,0,0,0,0,0,0,1,0,0,0,1,0.06,0 (tie),1 (This_is_KB)
mossy_stone_brick_slab,0,0,0,0,0,0,0,0,0,0,0,0,1,0,0,0,1,0.06,0 (tie),1 (This_is_KB)
mossy_stone_brick_stairs,0,0,0,1,0,0,0,3,0,0,0,0,0,0,0,0,4,0.25,0 (tie),3 (Jagiero)
mossy_stone_bricks,0,0,0,7,0,0,0,0,0,0,0,0,120,0,2,3,132,8.25,0 (tie),120 (This_is_KB)
mud,0,0,0,1,0,0,0,0,29,0,35,0,242,607,90,10,1014,63.38,0 (tie),607 (ThisIsDoom)
mud_brick_slab,0,0,0,0,0,0,0,0,0,0,1,0,0,0,0,0,1,0.06,0 (tie),1 (PuffingFishHQ)
mud_brick_wall,0,0,0,0,0,0,0,0,0,0,8,0,0,0,0,0,8,0.50,0 (tie),8 (PuffingFishHQ)
mud_bricks,0,0,0,8,0,0,0,0,16,0,6,0,0,0,1,0,31,1.94,0 (tie),16 (JustinL94)
muddy_mangrove_roots,0,0,0,72,0,0,0,0,0,0,0,0,0,33,0,0,105,6.56,0 (tie),72 (Blondskunk)
mushroom_stem,0,0,0,0,0,0,0,0,39,0,8,0,12,0,5,0,64,4.00,0 (tie),39 (JustinL94)
music_disc_13,0,1,2,1,0,0,0,0,3,0,0,0,0,0,1,0,8,0.50,0 (tie),3 (JustinL94)
music_disc_blocks,0,0,0,0,0,0,0,0,0,0,0,0,0,0,1,0,1,0.06,0 (tie),1 (tinkfro)
music_disc_cat,0,1,4,0,0,0,0,0,1,0,1,0,0,1,0,0,8,0.50,0 (tie),4 (Ash298)
music_disc_chirp,0,0,0,0,0,0,0,0,0,0,0,0,0,0,1,0,1,0.06,0 (tie),1 (tinkfro)
music_disc_far,0,1,1,0,0,0,0,0,0,0,0,0,0,0,0,0,2,0.13,0 (tie),1 (tie)
music_disc_otherside,0,1,1,0,0,0,0,0,1,0,0,0,0,0,0,0,3,0.19,0 (tie),1 (tie)
music_disc_pigstep,0,1,1,0,0,0,0,0,0,0,0,0,0,0,0,0,2,0.13,0 (tie),1 (tie)
music_disc_ward,0,0,0,0,0,0,0,0,0,0,0,0,0,0,1,0,1,0.06,0 (tie),1 (tinkfro)
mutton,16,65,1,3,0,152,0,0,7,0,82,0,7,2,139,4,478,29.88,0 (tie),152 (HughBone)
mycelium,0,0,0,0,0,3,0,0,0,0,0,0,0,0,0,0,3,0.19,0 (tie),3 (HughBone)
name_tag,0,0,1,2,0,1,0,0,1,0,50,0,1,3,3,2,64,4.00,0 (tie),50 (PuffingFishHQ)
nether_brick,0,0,0,0,0,0,0,0,0,0,5,0,1,0,64,0,70,4.38,0 (tie),64 (tinkfro)
nether_brick_fence,0,0,0,0,0,0,0,0,26,0,1,0,0,0,8,0,35,2.19,0 (tie),26 (JustinL94)
nether_brick_slab,0,1,0,0,0,0,0,0,0,0,0,0,0,0,0,0,1,0.06,0 (tie),1 (Artorvian)
nether_bricks,0,0,0,3,0,0,0,0,0,0,0,0,4,10,1,0,18,1.13,0 (tie),10 (ThisIsDoom)
nether_gold_ore,0,0,0,16,0,4,0,0,0,0,210,0,0,0,15,7,252,15.75,0 (tie),210 (PuffingFishHQ)
nether_quartz_ore,0,0,0,11,0,1,0,0,5,0,22,0,0,0,11,0,50,3.13,0 (tie),22 (PuffingFishHQ)
nether_sprouts,0,0,0,0,0,2,0,0,0,0,0,0,0,0,0,0,2,0.13,0 (tie),2 (HughBone)
nether_star,0,0,0,2,0,0,0,0,0,0,0,0,0,0,0,0,2,0.13,0 (tie),2 (Blondskunk)
nether_wart,0,0,0,0,0,0,0,0,11,0,92,0,0,0,0,0,103,6.44,0 (tie),92 (PuffingFishHQ)
nether_wart_block,0,1,0,0,6,13,0,0,0,0,2,0,0,18,1,0,41,2.56,0 (tie),18 (ThisIsDoom)
netherite_axe,0,0,0,1,0,0,0,0,0,0,0,0,0,0,3,0,4,0.25,0 (tie),3 (tinkfro)
netherite_boots,2,0,0,0,0,0,0,0,0,0,2,0,1,0,0,3,8,0.50,0 (tie),3 (WhiteFyr)
netherite_helmet,2,0,0,0,0,0,0,0,0,0,0,0,1,0,0,2,5,0.31,0 (tie),2 (tie)
netherite_ingot,0,0,0,0,0,0,0,0,0,0,0,0,0,0,0,4,4,0.25,0 (tie),4 (WhiteFyr)
netherite_leggings,2,0,1,0,0,0,0,0,0,0,0,0,1,0,2,1,7,0.44,0 (tie),2 (tie)
netherite_pickaxe,0,0,0,4,0,0,0,0,0,0,2,0,0,0,2,6,14,0.88,0 (tie),6 (WhiteFyr)
netherite_shovel,1,0,0,1,0,0,0,0,0,0,1,0,0,0,3,0,6,0.38,0 (tie),3 (tinkfro)
netherite_sword,0,1,0,3,0,0,0,0,0,0,0,0,2,0,7,2,15,0.94,0 (tie),7 (tinkfro)
netherite_upgrade_smithing_template,0,0,0,1,0,0,0,0,0,0,0,0,0,0,0,0,1,0.06,0 (tie),1 (Blondskunk)
netherrack,18,414,11,2540,0,2542,0,1680,173,0,8264,0,3644,1313,2273,2901,25773,1610.81,0 (tie),8264 (PuffingFishHQ)
oak_boat,0,0,0,0,0,2,0,2,5,0,0,0,38,0,0,0,47,2.94,0 (tie),38 (This_is_KB)
oak_button,0,0,0,0,0,4,0,0,0,0,0,0,8,0,4,0,16,1.00,0 (tie),8 (This_is_KB)
oak_chest_boat,0,0,0,0,0,0,1,0,0,0,0,0,0,0,0,0,1,0.06,0 (tie),1 (ImGP)
oak_door,0,0,0,0,0,0,0,0,0,0,2,0,2,0,2,0,6,0.38,0 (tie),2 (tie)
oak_fence,3,1,0,0,0,45,0,0,44,0,41,1,78,0,3,0,216,13.50,0 (tie),78 (This_is_KB)
oak_fence_gate,0,0,0,0,0,0,0,0,0,0,0,0,11,0,2,0,13,0.81,0 (tie),11 (This_is_KB)
oak_hanging_sign,0,0,0,0,0,0,0,0,0,0,1,0,1,0,0,0,2,0.13,0 (tie),1 (tie)
oak_leaves,282,137,2,51,0,5,0,1,0,4,75,0,384,14,8,13,976,61.00,0 (tie),384 (This_is_KB)
oak_log,84,546,17,52,7,35,34,47,76,0,203,17,810,5,26,7,1966,122.88,0 (KingZee),810 (This_is_KB)
oak_planks,27,32,27,59,0,75,24,2,1,15,185,18,204,62,74,1,806,50.38,0 (BrokenPixelSK),204 (This_is_KB)
oak_sapling,47,41,20,65,0,168,3,11,36,16,33,0,87,143,246,4,920,57.50,0 (tie),246 (tinkfro)
oak_sign,0,0,0,5,0,68,0,0,10,0,22,0,101,4,2,8,220,13.75,0 (tie),101 (This_is_KB)
oak_slab,4,0,4,0,0,7,0,0,4,0,4,0,14,0,0,0,37,2.31,0 (tie),14 (This_is_KB)
oak_stairs,0,0,0,0,0,0,0,6,0,0,6,0,48,0,11,0,71,4.44,0 (tie),48 (This_is_KB)
oak_trapdoor,28,24,3,1,0,0,0,0,1,0,220,0,33,11,93,0,414,25.88,0 (tie),220 (PuffingFishHQ)
observer,0,0,0,0,0,0,0,0,0,0,12,0,0,0,0,0,12,0.75,0 (tie),12 (PuffingFishHQ)
obsidian,7,2,12,137,0,1,0,0,0,0,8,0,73,0,33,0,273,17.06,0 (tie),137 (Blondskunk)
ochre_froglight,1,0,0,40,0,0,0,0,2,0,5,0,7,0,193,0,248,15.50,0 (tie),193 (tinkfro)
orange_bed,1,0,0,1,0,0,0,0,0,0,0,0,0,0,0,0,2,0.13,0 (tie),1 (tie)
orange_shulker_box,0,0,0,1,0,0,0,0,0,0,0,0,0,0,0,0,1,0.06,0 (tie),1 (Blondskunk)
orange_terracotta,0,0,0,1,0,8,0,0,0,6,38,0,17,3,23,0,96,6.00,0 (tie),38 (PuffingFishHQ)
orange_tulip,0,4,5,8,8,32,0,2,1,0,1,0,1,3,4,0,69,4.31,0 (tie),32 (HughBone)
orange_wool,0,6,0,0,0,0,0,0,2,0,0,0,0,0,82,0,90,5.63,0 (tie),82 (tinkfro)
oxeye_daisy,2,0,3,12,0,0,0,6,0,0,0,0,4,56,13,0,96,6.00,0 (tie),56 (ThisIsDoom)
oxidized_copper,0,0,0,0,0,0,0,0,0,0,18,0,0,58,0,0,76,4.75,0 (tie),58 (ThisIsDoom)
oxidized_copper_trapdoor,0,0,0,0,0,0,0,0,0,2,3,0,0,0,0,0,5,0.31,0 (tie),3 (PuffingFishHQ)
oxidized_cut_copper,0,0,29,0,0,0,0,0,0,0,0,0,0,0,0,0,29,1.81,0 (tie),29 (Ash298)
packed_ice,0,0,0,16,0,0,0,0,4,0,129,0,0,0,1,0,150,9.38,0 (tie),129 (PuffingFishHQ)
packed_mud,0,0,0,3,0,0,11,0,0,0,0,0,0,1,3,0,18,1.13,0 (tie),11 (ImGP)
paper,0,0,0,5,0,3,0,0,1,1,1,0,66,138,21,0,236,14.75,0 (tie),138 (ThisIsDoom)
pearlescent_froglight,0,0,0,2,0,0,0,0,0,0,0,0,0,0,195,0,197,12.31,0 (tie),195 (tinkfro)
peony,2,1,1,6,0,66,0,0,0,0,8,0,0,0,4,0,88,5.50,0 (tie),66 (HughBone)
phantom_membrane,1,0,0,1,0,1,0,0,0,0,1,0,2,0,8,0,14,0.88,0 (tie),8 (tinkfro)
piglin_banner_pattern,0,0,0,0,0,1,0,0,0,0,0,0,0,0,0,0,1,0.06,0 (tie),1 (HughBone)
pink_bed,0,0,0,0,0,4,0,0,0,0,0,0,0,0,0,0,4,0.25,0 (tie),4 (HughBone)
pink_dye,1,0,0,4,0,0,0,0,0,0,0,0,6,0,0,0,11,0.69,0 (tie),6 (This_is_KB)
pink_glazed_terracotta,0,0,0,0,0,0,0,0,0,0,12,0,0,0,0,0,12,0.75,0 (tie),12 (PuffingFishHQ)
pink_petals,27,0,0,0,0,0,0,0,0,3,0,0,135,0,4,0,169,10.56,0 (tie),135 (This_is_KB)
pink_tulip,0,95,0,8,0,2,0,0,0,0,1,0,0,0,0,0,106,6.63,0 (tie),95 (Artorvian)
pink_wool,0,0,0,0,0,0,0,0,0,0,21,0,1,0,2,0,24,1.50,0 (tie),21 (PuffingFishHQ)
piston,0,0,0,0,0,1,0,0,45,0,77,0,0,0,0,0,123,7.69,0 (tie),77 (PuffingFishHQ)
player_head,19,75,3,41,2,20,1,43,135,8,2013,0,26,15,292,12,2705,169.06,0 (squaremario),2013 (PuffingFishHQ)
podzol,0,0,0,6,0,0,0,0,0,0,0,0,0,0,1,0,7,0.44,0 (tie),6 (Blondskunk)
pointed_dripstone,12,24,15,5,0,53,0,10,40,0,66,0,110,105,203,0,643,40.19,0 (tie),203 (tinkfro)
poisonous_potato,0,4,7,8,0,2,0,1,13,4,0,0,0,0,5,0,44,2.75,0 (tie),13 (JustinL94)
polished_andesite,0,0,0,44,0,0,0,0,0,0,160,0,0,0,0,0,204,12.75,0 (tie),160 (PuffingFishHQ)
polished_andesite_slab,0,0,0,0,0,14,0,0,14,0,1,0,10,0,17,1,57,3.56,0 (tie),17 (tinkfro)
polished_andesite_stairs,0,0,0,24,0,8,0,0,0,0,0,0,0,0,4,7,43,2.69,0 (tie),24 (Blondskunk)
polished_basalt,0,0,0,0,0,1,0,0,0,0,30,0,1,0,0,0,32,2.00,0 (tie),30 (PuffingFishHQ)
polished_blackstone,0,1,0,1,0,2,0,0,0,0,0,0,0,0,4,0,8,0.50,0 (tie),4 (tinkfro)
polished_blackstone_brick_stairs,0,0,0,0,0,0,0,0,0,0,0,0,0,0,2,0,2,0.13,0 (tie),2 (tinkfro)
polished_blackstone_brick_wall,0,0,0,0,0,0,0,0,0,0,0,0,0,0,14,0,14,0.88,0 (tie),14 (tinkfro)
polished_blackstone_bricks,0,32,0,0,0,0,0,0,0,0,0,0,17,0,42,0,91,5.69,0 (tie),42 (tinkfro)
polished_blackstone_pressure_plate,0,0,0,0,0,0,0,0,0,0,0,0,0,0,1,0,1,0.06,0 (tie),1 (tinkfro)
polished_blackstone_slab,0,0,0,0,0,0,0,0,0,0,0,0,30,0,0,0,30,1.88,0 (tie),30 (This_is_KB)
polished_blackstone_wall,0,0,0,0,0,0,0,0,0,0,0,0,0,0,15,0,15,0.94,0 (tie),15 (tinkfro)
polished_deepslate,37,0,0,0,0,0,0,0,60,0,1,0,26,0,2,1,127,7.94,0 (tie),60 (JustinL94)
polished_deepslate_slab,0,0,0,0,0,0,0,0,0,0,0,0,21,0,0,0,21,1.31,0 (tie),21 (This_is_KB)
polished_deepslate_wall,0,0,0,0,0,0,0,0,0,0,0,0,0,0,22,0,22,1.38,0 (tie),22 (tinkfro)
polished_diorite,0,0,0,0,0,0,0,0,0,0,0,0,4,0,65,18,87,5.44,0 (tie),65 (tinkfro)
polished_diorite_slab,0,0,0,16,0,0,0,0,0,0,0,0,0,0,66,8,90,5.63,0 (tie),66 (tinkfro)
polished_diorite_stairs,0,0,0,0,0,0,0,0,0,0,0,0,0,0,1,5,6,0.38,0 (tie),5 (WhiteFyr)
polished_granite,0,43,0,0,0,16,0,0,0,0,128,0,0,0,0,0,187,11.69,0 (tie),128 (PuffingFishHQ)
polished_tuff_slab,1,0,0,0,0,0,0,0,0,0,0,0,0,0,0,0,1,0.06,0 (tie),1 (AllOutJay)
poppy,68,3,7,28,1,3,23,2,5,4,9503,1,32,27,63,3,9773,610.81,1 (tie),9503 (PuffingFishHQ)
porkchop,0,24,45,0,0,20,0,0,3,1,37,0,12,16,410,0,568,35.50,0 (tie),410 (tinkfro)
potato,1,24,343,0,0,2,0,9,1720,2,255,0,0,0,270,0,2626,164.13,0 (tie),1720 (JustinL94)
potion,2,0,2,6,0,11,0,0,49,0,93,0,3,1,6,6,179,11.19,0 (tie),93 (PuffingFishHQ)
powder_snow_bucket,0,0,0,1,0,0,0,0,0,0,0,0,0,0,0,0,1,0.06,0 (tie),1 (Blondskunk)
powered_rail,0,3,0,0,0,5,0,0,0,0,27,0,1,8,4,0,48,3.00,0 (tie),27 (PuffingFishHQ)
prismarine_bricks,0,0,0,0,0,0,0,0,0,0,0,0,6,0,1,0,7,0.44,0 (tie),6 (This_is_KB)
prismarine_crystals,3,0,0,0,0,0,0,0,0,0,3,0,9,0,2,0,17,1.06,0 (tie),9 (This_is_KB)
prismarine_shard,0,0,0,0,0,0,0,0,0,0,64,0,0,0,4,0,68,4.25,0 (tie),64 (PuffingFishHQ)
pufferfish,6,0,3,1,0,0,0,0,0,0,0,0,1,0,0,0,11,0.69,0 (tie),6 (AllOutJay)
pufferfish_bucket,0,0,0,0,0,0,0,0,0,0,2,0,0,0,0,0,2,0.13,0 (tie),2 (PuffingFishHQ)
pumpkin,0,0,18,0,0,0,0,0,0,0,13,0,9,8,6,0,54,3.38,0 (tie),18 (Ash298)
pumpkin_pie,0,0,0,0,0,0,0,0,0,0,162,0,0,0,48,0,210,13.13,0 (tie),162 (PuffingFishHQ)
pumpkin_seeds,0,771,0,0,0,0,0,0,0,0,107,0,6,2,20,0,906,56.63,0 (tie),771 (Artorvian)
purple_glazed_terracotta,0,0,0,3,0,0,0,0,0,0,0,0,0,0,0,0,3,0.19,0 (tie),3 (Blondskunk)
purple_shulker_box,0,0,0,0,0,0,0,0,0,0,3,0,0,0,0,0,3,0.19,0 (tie),3 (PuffingFishHQ)
purpur_block,0,10,0,50,0,0,0,0,0,0,7,0,37,0,38,0,142,8.88,0 (tie),50 (Blondskunk)
purpur_pillar,0,0,0,7,0,0,0,0,0,0,5,0,0,0,2,0,14,0.88,0 (tie),7 (Blondskunk)
purpur_slab,0,0,1,1,0,0,0,0,1,0,0,0,0,11,7,0,21,1.31,0 (tie),11 (ThisIsDoom)
purpur_stairs,0,1,0,4,0,0,0,0,4,0,1,0,4,0,1,0,15,0.94,0 (tie),4 (tie)
quartz,31,62,0,14,0,6,0,0,10,0,15,0,3,93,4,0,238,14.88,0 (tie),93 (ThisIsDoom)
quartz_block,384,0,0,0,0,0,0,0,0,0,1,0,105,48,3248,0,3786,236.63,0 (tie),3248 (tinkfro)
quartz_stairs,0,0,0,0,0,0,0,0,0,0,0,0,8,0,0,0,8,0.50,0 (tie),8 (This_is_KB)
rabbit,0,0,0,0,1,1,0,0,0,0,1,0,1,0,0,0,4,0.25,0 (tie),1 (tie)
rabbit_hide,0,0,0,0,0,0,0,0,0,0,1,0,1,0,0,0,2,0.13,0 (tie),1 (tie)
rail,0,6,0,1,0,234,6,0,0,0,328,0,21,11,69,60,736,46.00,0 (tie),328 (PuffingFishHQ)
raw_copper,2,57,3,34,14,28,0,82,31,0,3,0,162,123,342,47,928,58.00,0 (tie),342 (tinkfro)
raw_copper_block,0,64,0,0,0,0,0,0,0,0,0,0,0,0,1,0,65,4.06,0 (tie),64 (Artorvian)
raw_gold,28,22,0,192,0,76,0,9,0,0,142,0,0,50,1,0,520,32.50,0 (tie),192 (Blondskunk)
raw_gold_block,0,11,0,0,0,0,0,0,0,0,0,0,0,7,0,0,18,1.13,0 (tie),11 (Artorvian)
raw_iron,25,84,60,0,2,12,0,3,12,0,29,0,66,96,52,0,441,27.56,0 (tie),96 (ThisIsDoom)
raw_iron_block,0,0,52,0,0,0,0,0,0,0,0,0,0,5,0,0,57,3.56,0 (tie),52 (Ash298)
red_banner,0,0,0,0,0,0,0,0,0,0,0,0,2,0,0,0,2,0.13,0 (tie),2 (This_is_KB)
red_bed,0,0,0,0,0,1,0,0,0,0,0,0,0,0,0,0,1,0.06,0 (tie),1 (HughBone)
red_carpet,0,0,0,0,0,2,0,0,0,0,0,0,0,1,5,0,8,0.50,0 (tie),5 (tinkfro)
red_concrete_powder,0,0,0,32,0,0,0,0,0,0,0,0,0,0,30,0,62,3.88,0 (tie),32 (Blondskunk)
red_dye,0,0,0,0,0,0,0,0,0,0,0,0,25,0,0,0,25,1.56,0 (tie),25 (This_is_KB)
red_glazed_terracotta,0,0,0,0,0,0,0,0,0,0,0,0,24,0,0,0,24,1.50,0 (tie),24 (This_is_KB)
red_mushroom,0,0,0,4,0,0,0,0,0,0,6,0,0,0,0,0,10,0.63,0 (tie),6 (PuffingFishHQ)
red_mushroom_block,0,0,0,0,0,0,0,0,64,0,0,0,1,0,192,0,257,16.06,0 (tie),192 (tinkfro)
red_nether_bricks,0,0,0,0,0,0,0,0,0,0,0,0,0,0,0,27,27,1.69,0 (tie),27 (WhiteFyr)
red_sand,0,0,0,0,0,1,0,5,0,2,6,0,0,0,0,0,14,0.88,0 (tie),6 (PuffingFishHQ)
red_sandstone,0,0,0,0,0,0,0,0,0,0,0,0,0,0,64,0,64,4.00,0 (tie),64 (tinkfro)
red_stained_glass,0,0,0,0,0,0,0,0,4,0,0,0,0,0,0,0,4,0.25,0 (tie),4 (JustinL94)
red_terracotta,0,63,0,0,0,323,0,0,0,2,1,0,0,0,0,0,389,24.31,0 (tie),323 (HughBone)
red_tulip,23,4,228,6,1,14,0,1,0,0,2,0,3,4,53,0,339,21.19,0 (tie),228 (Ash298)
red_wool,0,0,0,97,0,19,0,0,0,0,0,0,5,64,0,0,185,11.56,0 (tie),97 (Blondskunk)
redstone,0,133,75,0,0,1,0,203,103,0,1470,0,62,92,150,0,2289,143.06,0 (tie),1470 (PuffingFishHQ)
redstone_block,0,0,67,0,0,0,0,0,307,0,90,0,0,8,32,0,504,31.50,0 (tie),307 (JustinL94)
redstone_ore,0,0,0,0,0,0,0,0,0,0,3,0,0,0,0,0,3,0.19,0 (tie),3 (PuffingFishHQ)
redstone_torch,0,0,24,0,0,1,0,0,0,24,21,0,0,0,0,0,70,4.38,0 (tie),24 (tie)
repeater,0,0,7,0,0,0,0,0,2,0,6,0,0,0,0,0,15,0.94,0 (tie),7 (Ash298)
rib_armor_trim_smithing_template,0,0,0,1,0,0,0,0,0,0,0,0,0,0,0,0,1,0.06,0 (tie),1 (Blondskunk)
rooted_dirt,3,1,0,0,0,0,0,0,0,0,0,0,140,0,0,0,144,9.00,0 (tie),140 (This_is_KB)
rose_bush,0,0,0,8,0,43,0,0,0,0,4,0,0,0,0,0,55,3.44,0 (tie),43 (HughBone)
rotten_flesh,25,72,124,102,4,168,39,3363,47,28,276,9,222,187,553,94,5313,332.06,4 (BrokenPixelSK),3363 (Jagiero)
saddle,0,0,2,1,0,1,0,0,2,0,1,0,2,1,7,1,18,1.13,0 (tie),7 (tinkfro)
salmon,8,0,0,0,0,0,0,3,0,0,0,0,22,1,26,0,60,3.75,0 (tie),26 (tinkfro)
sand,1,95,3,50,0,1447,3,783,302,0,2560,0,185,964,577,0,6970,435.63,0 (tie),2560 (PuffingFishHQ)
sandstone,0,0,7,13,0,33,89,0,0,9,647,0,2,0,948,0,1748,109.25,0 (tie),948 (tinkfro)
sandstone_slab,0,0,0,0,0,0,0,0,0,0,1,0,0,0,0,0,1,0.06,0 (tie),1 (PuffingFishHQ)
scaffolding,1,0,0,130,0,273,0,115,160,16,260,7,583,0,152,0,1697,106.06,0 (tie),583 (This_is_KB)
sculk,0,0,0,0,0,5,0,0,0,0,1,0,0,0,8,66,80,5.00,0 (tie),66 (WhiteFyr)
sculk_catalyst,0,0,0,0,0,0,0,2,16,0,0,0,0,0,0,0,18,1.13,0 (tie),16 (JustinL94)
sculk_sensor,1,0,0,0,0,1,0,0,0,0,0,0,0,0,0,0,2,0.13,0 (tie),1 (tie)
sculk_vein,0,0,1,0,0,0,0,59,0,0,0,0,0,0,0,0,60,3.75,0 (tie),59 (Jagiero)
sea_lantern,0,0,0,0,0,0,0,0,0,0,0,0,3,0,0,0,3,0.19,0 (tie),3 (This_is_KB)
sea_pickle,0,0,0,37,0,0,0,0,0,0,508,0,0,0,0,0,545,34.06,0 (tie),508 (PuffingFishHQ)
seagrass,0,0,0,1,0,0,0,0,0,0,0,0,0,0,0,0,1,0.06,0 (tie),1 (Blondskunk)
shears,1,0,0,0,0,3,1,0,1,0,11,0,40,3,56,0,116,7.25,0 (tie),56 (tinkfro)
shield,2,3,4,3,1,21,0,1,1,1,39,2,12,3,9,5,107,6.69,0 (ImGP),39 (PuffingFishHQ)
short_grass,0,1,0,1,0,0,0,0,0,0,7,0,5,0,2,0,16,1.00,0 (tie),7 (PuffingFishHQ)
shroomlight,0,64,0,0,0,0,0,0,2,0,2,0,9,16,29,0,122,7.63,0 (tie),64 (Artorvian)
shulker_box,2,0,1,0,0,0,0,0,1,0,12,0,0,3,0,1,20,1.25,0 (tie),12 (PuffingFishHQ)
shulker_shell,0,0,0,0,0,0,0,0,0,98,3,0,0,0,30,4,135,8.44,0 (tie),98 (KingZee)
slime_ball,0,0,0,0,0,0,0,24,0,0,69,0,0,0,0,0,93,5.81,0 (tie),69 (PuffingFishHQ)
slime_block,0,0,0,0,0,2,0,0,0,0,1,0,0,0,0,3,6,0.38,0 (tie),3 (WhiteFyr)
small_amethyst_bud,0,1,0,0,0,0,0,0,0,0,0,0,1,0,0,0,2,0.13,0 (tie),1 (tie)
smithing_table,0,0,0,0,0,0,0,0,0,0,19,0,0,0,0,0,19,1.19,0 (tie),19 (PuffingFishHQ)
smooth_basalt,0,145,0,26,0,1,4,14,2,0,188,0,6,79,4,70,539,33.69,0 (tie),188 (PuffingFishHQ)
smooth_quartz,1,0,0,48,0,0,0,0,0,0,0,0,4,0,0,0,53,3.31,0 (tie),48 (Blondskunk)
smooth_quartz_slab,0,0,0,64,0,0,0,0,0,0,0,0,0,0,0,0,64,4.00,0 (tie),64 (Blondskunk)
smooth_quartz_stairs,0,0,0,8,0,0,0,0,0,0,0,0,0,0,0,0,8,0.50,0 (tie),8 (Blondskunk)
smooth_sandstone_slab,0,0,0,0,0,0,0,0,0,0,4,0,0,0,0,0,4,0.25,0 (tie),4 (PuffingFishHQ)
smooth_stone,0,1,0,51,0,0,0,0,4,0,186,0,85,0,0,0,327,20.44,0 (tie),186 (PuffingFishHQ)
smooth_stone_slab,0,24,0,0,0,0,0,0,59,0,75,0,57,0,0,0,215,13.44,0 (tie),75 (PuffingFishHQ)
snout_armor_trim_smithing_template,0,0,0,3,0,0,0,0,0,0,0,0,0,0,0,1,4,0.25,0 (tie),3 (Blondskunk)
snow,17,0,0,0,0,0,0,0,0,0,8,0,0,0,99,0,124,7.75,0 (tie),99 (tinkfro)
snow_block,8,0,0,6,0,0,0,0,0,0,403,6,163,0,5,3,594,37.13,0 (tie),403 (PuffingFishHQ)
snowball,16,0,0,0,0,1,0,304,0,0,436,0,27,0,0,0,784,49.00,0 (tie),436 (PuffingFishHQ)
soul_lantern,0,0,0,0,0,11,0,0,0,0,16,0,0,0,0,0,27,1.69,0 (tie),16 (PuffingFishHQ)
soul_sand,0,0,0,29,0,105,3,0,28,0,53,0,10,5,88,0,321,20.06,0 (tie),105 (HughBone)
soul_soil,0,0,0,0,0,0,0,0,34,0,189,0,16,32,192,0,463,28.94,0 (tie),192 (tinkfro)
soul_torch,0,0,0,0,0,0,0,0,0,0,23,0,14,0,4,0,41,2.56,0 (tie),23 (PuffingFishHQ)
spectral_arrow,0,0,0,0,0,14,0,0,0,0,51,0,40,0,76,0,181,11.31,0 (tie),76 (tinkfro)
spider_eye,1,8,22,2,1,68,4,2,252,2,1017,0,16,13,26,5,1439,89.94,0 (squaremario),1017 (PuffingFishHQ)
splash_potion,1,0,0,3,0,0,0,0,3,0,57,0,10,0,13,0,87,5.44,0 (tie),57 (PuffingFishHQ)
spruce_boat,0,0,0,0,0,0,0,0,3,0,5,0,0,0,0,0,8,0.50,0 (tie),5 (PuffingFishHQ)
spruce_button,0,1,0,11,0,0,0,0,0,0,0,0,7,0,0,0,19,1.19,0 (tie),11 (Blondskunk)
spruce_door,0,0,0,0,0,0,0,4,0,0,0,0,4,0,1,0,9,0.56,0 (tie),4 (tie)
spruce_fence,0,1,0,75,0,2,1,0,0,0,0,0,33,0,0,0,112,7.00,0 (tie),75 (Blondskunk)
spruce_leaves,4,0,0,0,0,0,0,0,0,0,20,0,6,24,15,0,69,4.31,0 (tie),24 (ThisIsDoom)
spruce_log,4,9,0,2,0,64,0,0,0,0,0,0,0,12,64,0,155,9.69,0 (tie),64 (tie)
spruce_planks,0,75,8,10,0,5,2,0,5,16,25,0,28,2,2,0,178,11.13,0 (tie),75 (Artorvian)
spruce_pressure_plate,0,0,0,0,0,0,0,0,2,0,7,0,0,0,0,0,9,0.56,0 (tie),7 (PuffingFishHQ)
spruce_sapling,2,5,6,1,5,6,1,1,8,27,55,0,0,19,65,11,212,13.25,0 (tie),65 (tinkfro)
spruce_sign,0,0,0,3,0,3,0,0,9,0,36,0,100,0,5,2,158,9.88,0 (tie),100 (This_is_KB)
spruce_slab,2,30,38,1,0,0,65,0,0,0,1,0,20,0,34,0,191,11.94,0 (tie),65 (ImGP)
spruce_stairs,0,256,59,0,0,63,0,0,0,0,1,0,8,0,64,0,451,28.19,0 (tie),256 (Artorvian)
spruce_trapdoor,0,36,30,60,0,0,0,0,1,0,15,0,26,2,0,0,170,10.63,0 (tie),60 (Blondskunk)
spyglass,0,0,0,1,0,0,0,0,0,0,0,0,0,0,2,0,3,0.19,0 (tie),2 (tinkfro)
stick,75,125,27,86,12,117,11,23,40,40,1861,0,358,206,302,47,3330,208.13,0 (squaremario),1861 (PuffingFishHQ)
sticky_piston,0,0,0,0,0,0,0,0,0,0,7,0,0,0,0,0,7,0.44,0 (tie),7 (PuffingFishHQ)
stone,871,274,1,133,0,253,11,496,758,76,2837,0,2583,65,6739,2442,17539,1096.19,0 (tie),6739 (tinkfro)
stone_axe,1,3,0,0,0,10,1,0,2,1,12,1,3,2,1,0,37,2.31,0 (tie),12 (PuffingFishHQ)
stone_brick_slab,0,0,0,0,0,0,0,0,128,0,0,0,1,0,3,0,132,8.25,0 (tie),128 (JustinL94)
stone_brick_stairs,0,0,0,1,0,2,0,0,0,0,13,0,1,0,0,0,17,1.06,0 (tie),13 (PuffingFishHQ)
stone_brick_wall,2,0,0,0,0,3,0,0,0,0,4,0,0,0,0,0,9,0.56,0 (tie),4 (PuffingFishHQ)
stone_bricks,7,0,2,29,0,4,0,0,68,0,25,0,1,0,12,12,160,10.00,0 (tie),68 (JustinL94)
stone_button,1,1,0,1,0,61,0,0,1,0,0,0,20,0,5,1,91,5.69,0 (tie),61 (HughBone)
stone_hoe,1,0,0,0,2,3,0,1,0,0,0,0,3,1,3,1,15,0.94,0 (tie),3 (tie)
stone_pickaxe,1,3,0,0,1,8,0,11,1,2,16,1,6,1,2,0,53,3.31,0 (tie),16 (PuffingFishHQ)
stone_pressure_plate,0,0,0,0,0,0,0,0,0,0,0,0,0,0,53,1,54,3.38,0 (tie),53 (tinkfro)
stone_shovel,0,0,0,0,3,3,5,50,1,1,25,0,1,2,0,0,91,5.69,0 (tie),50 (Jagiero)
stone_slab,1,0,0,49,0,8,0,0,8,0,1,0,3,5,0,0,75,4.69,0 (tie),49 (Blondskunk)
stone_stairs,0,0,0,0,0,0,0,0,0,0,0,0,0,0,94,0,94,5.88,0 (tie),94 (tinkfro)
stone_sword,1,0,1,10,2,8,2,1,1,0,3,0,12,7,13,2,63,3.94,0 (tie),13 (tinkfro)
stonecutter,0,0,0,0,0,0,0,0,0,0,3,0,1,0,0,0,4,0.25,0 (tie),3 (PuffingFishHQ)
string,17,9,75,54,1,105,0,7,4,0,82,0,200,15,172,12,753,47.06,0 (tie),200 (This_is_KB)
stripped_acacia_log,0,0,0,4,0,0,0,0,0,0,0,0,0,0,0,0,4,0.25,0 (tie),4 (Blondskunk)
stripped_crimson_stem,0,0,0,0,0,1,0,0,0,0,0,0,0,0,0,0,1,0.06,0 (tie),1 (HughBone)
stripped_dark_oak_log,0,519,0,0,0,0,0,0,0,0,1,0,43,0,9,0,572,35.75,0 (tie),519 (Artorvian)
stripped_dark_oak_wood,0,114,0,0,0,0,0,4,0,0,0,0,0,0,0,0,118,7.38,0 (tie),114 (Artorvian)
stripped_jungle_log,0,11,25,0,0,0,0,0,0,0,0,0,2,0,0,0,38,2.38,0 (tie),25 (Ash298)
stripped_jungle_wood,0,0,0,0,0,0,0,0,0,0,0,0,6,0,0,0,6,0.38,0 (tie),6 (This_is_KB)
stripped_mangrove_log,0,0,0,9,0,0,0,0,16,0,0,0,4,0,0,0,29,1.81,0 (tie),16 (JustinL94)
stripped_mangrove_wood,1,0,0,17,0,0,0,0,0,0,0,0,8,0,0,0,26,1.63,0 (tie),17 (Blondskunk)
stripped_oak_log,0,2,0,0,0,1,0,0,0,0,0,0,0,1,1,0,5,0.31,0 (tie),2 (Artorvian)
stripped_oak_wood,0,0,0,0,0,0,0,0,0,0,0,0,0,0,1,0,1,0.06,0 (tie),1 (tinkfro)
stripped_spruce_log,0,120,0,3,0,0,0,0,0,0,0,0,0,0,0,0,123,7.69,0 (tie),120 (Artorvian)
stripped_spruce_wood,0,0,0,0,0,0,0,0,0,0,0,0,0,0,1,0,1,0.06,0 (tie),1 (tinkfro)
stripped_warped_stem,0,1,0,0,0,1,0,0,0,0,1,0,0,0,0,0,3,0.19,0 (tie),1 (tie)
sugar,0,0,0,0,0,4,0,0,188,0,1082,0,21,0,9,2,1306,81.63,0 (tie),1082 (PuffingFishHQ)
sugar_cane,131,1,0,18,0,1,0,1,1,4,94,0,0,100,1581,0,1932,120.75,0 (tie),1581 (tinkfro)
sunflower,0,0,0,0,0,0,0,14,0,0,0,0,0,5,0,0,19,1.19,0 (tie),14 (Jagiero)
suspicious_stew,0,0,0,0,0,0,0,0,0,0,26,0,3,2,8,0,39,2.44,0 (tie),26 (PuffingFishHQ)
sweet_berries,29,4,3,0,0,5,0,0,0,0,1,0,8,0,19,0,69,4.31,0 (tie),29 (AllOutJay)
tall_grass,0,0,0,0,0,0,0,0,0,0,0,0,0,2,0,0,2,0.13,0 (tie),2 (ThisIsDoom)
terracotta,0,0,0,0,0,15,0,0,0,11,12,0,0,0,7,0,45,2.81,0 (tie),15 (HughBone)
tnt,0,0,0,18,0,25,0,0,0,0,3,0,0,4,0,267,317,19.81,0 (tie),267 (WhiteFyr)
torch,1,9,2,275,2,366,0,128,422,2,548,0,92,24,254,41,2166,135.38,0 (tie),548 (PuffingFishHQ)
torchflower_seeds,0,0,0,3,0,0,0,0,0,0,0,0,0,0,0,0,3,0.19,0 (tie),3 (Blondskunk)
totem_of_undying,0,0,0,0,0,2,0,0,295,0,297,0,0,0,9,0,603,37.69,0 (tie),297 (PuffingFishHQ)
trident,0,0,0,0,0,0,0,1,0,0,0,0,0,0,0,0,1,0.06,0 (tie),1 (Jagiero)
tripwire_hook,0,0,0,0,0,0,0,0,0,0,5,0,0,0,0,0,5,0.31,0 (tie),5 (PuffingFishHQ)
tropical_fish,12,0,0,5,0,0,0,0,20,0,0,0,0,0,2,3,42,2.63,0 (tie),20 (JustinL94)
tube_coral,0,0,0,0,0,0,0,1,0,0,0,0,0,0,0,0,1,0.06,0 (tie),1 (Jagiero)
tube_coral_fan,0,0,0,0,0,0,0,8,0,0,0,0,0,0,0,0,8,0.50,0 (tie),8 (Jagiero)
tuff,10,31,1,143,0,504,9,209,1,0,102,0,284,119,43,4,1460,91.25,0 (tie),504 (HughBone)
twisting_vines,0,0,0,4,0,0,0,0,0,0,0,0,0,2,6,6,18,1.13,0 (tie),6 (tie)
verdant_froglight,0,0,0,32,0,0,0,0,0,0,0,0,0,0,62,13,107,6.69,0 (tie),62 (tinkfro)
vine,15,0,0,2,0,0,0,0,0,0,0,0,0,0,0,0,17,1.06,0 (tie),15 (AllOutJay)
ward_armor_trim_smithing_template,0,0,0,0,0,0,0,0,0,0,1,0,0,0,0,0,1,0.06,0 (tie),1 (PuffingFishHQ)
warped_fungus,0,0,0,25,0,5,0,0,0,0,187,0,3,6,0,245,471,29.44,0 (tie),245 (WhiteFyr)
warped_fungus_on_a_stick,0,0,0,0,0,1,0,0,0,0,3,0,0,0,1,0,5,0.31,0 (tie),3 (PuffingFishHQ)
warped_nylium,0,0,0,0,0,0,0,0,12,0,1,0,39,0,0,7,59,3.69,0 (tie),39 (This_is_KB)
warped_planks,0,18,0,0,0,2,1,0,0,0,0,0,0,0,2,0,23,1.44,0 (tie),18 (Artorvian)
warped_roots,3,0,0,0,0,0,0,0,0,0,7,0,12,0,1,14,37,2.31,0 (tie),14 (WhiteFyr)
warped_sign,0,0,0,0,0,0,0,0,0,0,0,0,1,0,0,0,1,0.06,0 (tie),1 (This_is_KB)
warped_slab,0,0,0,0,0,0,13,0,0,0,0,0,0,0,0,0,13,0.81,0 (tie),13 (ImGP)
warped_stairs,0,0,0,0,0,0,20,0,0,0,0,0,0,0,0,0,20,1.25,0 (tie),20 (ImGP)
warped_stem,0,2,0,0,0,1,0,0,0,0,2,0,39,9,10,1,64,4.00,0 (tie),39 (This_is_KB)
warped_trapdoor,0,0,22,0,0,0,0,0,0,0,0,0,7,0,0,0,29,1.81,0 (tie),22 (Ash298)
warped_wart_block,0,1,0,0,0,0,0,0,20,0,64,0,37,10,57,0,189,11.81,0 (tie),64 (PuffingFishHQ)
water_bucket,1,2,2,8,1,10,2,0,5,0,6,0,0,2,6,0,45,2.81,0 (tie),10 (HughBone)
weeping_vines,0,0,0,0,0,11,0,0,0,0,5,0,0,4,11,0,31,1.94,0 (tie),11 (tie)
wet_sponge,0,0,0,0,0,0,0,0,0,0,0,0,0,0,56,0,56,3.50,0 (tie),56 (tinkfro)
wheat,4,34,0,27,2,67,10,2,92,1,30,0,35,612,143,2,1061,66.31,0 (tie),612 (ThisIsDoom)
wheat_seeds,368,203,340,779,44,988,49,287,455,20,4778,20,2534,609,1775,44,13293,830.81,20 (tie),4778 (PuffingFishHQ)
white_banner,1,1,0,3,0,15,0,0,554,0,699,0,15,0,28,0,1316,82.25,0 (tie),699 (PuffingFishHQ)
white_bed,0,0,1,3,0,4,1,0,6,2,0,0,0,3,3,0,23,1.44,0 (tie),6 (JustinL94)
white_candle,0,0,1,0,0,13,0,0,0,0,0,0,0,0,101,0,115,7.19,0 (tie),101 (tinkfro)
white_carpet,0,0,0,0,0,0,0,0,0,0,0,0,5,4,300,0,309,19.31,0 (tie),300 (tinkfro)
white_concrete,0,1,0,0,0,0,0,0,0,0,0,0,7,0,0,0,8,0.50,0 (tie),7 (This_is_KB)
white_concrete_powder,0,0,0,48,0,0,0,0,0,0,0,0,948,0,0,0,996,62.25,0 (tie),948 (This_is_KB)
white_dye,0,0,0,1,0,1,0,0,0,0,1,0,5,0,0,0,8,0.50,0 (tie),5 (This_is_KB)
white_shulker_box,0,0,0,0,0,0,0,0,0,0,1,0,0,0,0,0,1,0.06,0 (tie),1 (PuffingFishHQ)
white_stained_glass,0,0,0,2,0,0,0,0,0,0,68,0,2,0,0,0,72,4.50,0 (tie),68 (PuffingFishHQ)
white_stained_glass_pane,0,0,0,2,0,0,0,0,0,0,25,0,0,0,0,0,27,1.69,0 (tie),25 (PuffingFishHQ)
white_terracotta,0,0,0,0,0,3,0,0,0,0,5,0,0,64,0,0,72,4.50,0 (tie),64 (ThisIsDoom)
white_tulip,1,4,1,10,0,13,0,0,0,0,3,0,1,0,12,0,45,2.81,0 (tie),13 (HughBone)
white_wool,3,69,129,1,0,99,27,1,64,0,88,4,6,0,100,0,591,36.94,0 (tie),129 (Ash298)
wither_rose,0,0,0,0,0,0,0,0,0,0,66,0,4,0,0,0,70,4.38,0 (tie),66 (PuffingFishHQ)
wither_skeleton_skull,0,0,0,0,0,0,0,0,1,0,3,0,0,0,0,0,4,0.25,0 (tie),3 (PuffingFishHQ)
wooden_axe,1,1,0,0,1,0,1,0,0,0,0,0,1,0,2,0,7,0.44,0 (tie),2 (tinkfro)
wooden_hoe,0,0,0,2,0,0,1,0,0,0,0,0,0,0,0,0,3,0.19,0 (tie),2 (Blondskunk)
wooden_pickaxe,0,0,0,0,1,4,1,0,1,0,1,1,2,2,3,0,16,1.00,0 (tie),4 (HughBone)
wooden_shovel,0,0,0,0,0,0,0,0,0,0,0,0,1,0,0,0,1,0.06,0 (tie),1 (This_is_KB)
wooden_sword,1,0,0,0,0,0,0,0,0,0,0,1,3,0,0,0,5,0.31,0 (tie),3 (This_is_KB)
writable_book,0,0,0,0,0,0,0,0,0,0,0,0,0,0,1,0,1,0.06,0 (tie),1 (tinkfro)
written_book,0,0,0,0,0,0,0,4,0,0,23,0,0,0,4,0,31,1.94,0 (tie),23 (PuffingFishHQ)
yellow_bed,0,1,1,0,0,4,0,0,1,0,1,0,0,1,2,0,11,0.69,0 (tie),4 (HughBone)
yellow_candle,0,0,4,16,0,0,0,0,0,0,0,0,0,0,0,0,20,1.25,0 (tie),16 (Blondskunk)
yellow_carpet,3,0,0,0,0,0,0,0,0,0,0,0,0,0,0,0,3,0.19,0 (tie),3 (AllOutJay)
yellow_concrete,0,0,0,0,0,0,0,0,0,0,0,0,58,0,0,0,58,3.63,0 (tie),58 (This_is_KB)
yellow_concrete_powder,0,0,14,48,0,0,0,0,0,0,0,0,0,0,81,0,143,8.94,0 (tie),81 (tinkfro)
yellow_dye,2,0,0,50,0,0,0,0,0,0,0,0,13,0,1,0,66,4.13,0 (tie),50 (Blondskunk)
yellow_stained_glass,0,14,142,0,0,63,0,0,0,0,0,0,0,0,63,0,282,17.63,0 (tie),142 (Ash298)
yellow_stained_glass_pane,0,4,0,0,0,0,0,0,0,0,0,0,0,0,0,0,4,0.25,0 (tie),4 (Artorvian)
yellow_terracotta,0,0,0,0,0,0,0,0,0,0,1,0,0,0,0,0,1,0.06,0 (tie),1 (PuffingFishHQ)
yellow_wool,17,284,148,52,0,0,0,0,0,0,9,0,16,0,11,0,537,33.56,0 (tie),284 (Artorvian)
,,,,,,,,,,,,,,,,,,,,,,,,,,,,,,,,,,,,,,,,,
pTotal,19134,15337,5320,19057,1022,19064,1018,13806,15647,3574,94255,200,41359,23093,52700,11566
pAvg,90.68,63.12,30.06,64.16,15.03,65.74,12.12,97.23,72.11,41.56,236.82,5.88,109.71,96.22,131.75,70.96
pMin,1 (tie),1 (tie),1 (tie),1 (tie),1 (tie),1 (tie),1 (tie),1 (tie),1 (tie),1 (tie),1 (tie),1 (tie),1 (tie),1 (tie),1 (tie),1 (tie)
pMax,5818 (bone),1020 (clay_ball),704 (arrow),3903 (ender_pearl),598 (arrow),2542 (netherrack),292 (feather),3363 (rotten_flesh),1845 (cobbled_deepslate),998 (ender_pearl),9503 (poppy),36 (firework_rocket),3644 (netherrack),4046 (arrow),6739 (stone),2901 (netherrack)