mined,AllOutJay,Artorvian,Ash298,Blondskunk,BrokenPixelSK,HughBone,ImGP,Jagiero,JustinL94,KingZee,PuffingFishHQ,squaremario,This_is_KB,ThisIsDoom,tinkfro,WhiteFyr,total,avg,min,max
acacia_button,1,0,0,3,0,0,0,0,0,0,2,0,0,0,0,0,6,0.38,0 (tie),3 (Blondskunk)
acacia_fence,0,0,0,0,0,0,0,0,0,0,0,0,0,0,5,0,5,0.31,0 (tie),5 (tinkfro)
acacia_fence_gate,0,0,0,1,0,0,0,0,0,0,0,0,0,0,0,0,1,0.06,0 (tie),1 (Blondskunk)
acacia_leaves,183,6,0,10,0,0,0,0,0,1,708,0,92,22,50,0,1072,67.00,0 (tie),708 (PuffingFishHQ)
acacia_log,287,54,49,115,3,0,9,0,0,42,586,0,24,100,593,0,1862,116.38,0 (tie),593 (tinkfro)
acacia_planks,0,0,0,12,0,0,0,0,0,0,23,0,0,0,6,0,41,2.56,0 (tie),23 (PuffingFishHQ)
acacia_sapling,0,0,0,0,0,0,0,0,0,0,2,0,0,1,0,0,3,0.19,0 (tie),2 (PuffingFishHQ)
acacia_slab,0,0,0,3,0,0,0,0,0,0,0,0,0,0,0,0,3,0.19,0 (tie),3 (Blondskunk)
acacia_stairs,0,0,0,7,0,0,0,0,0,0,5,0,0,0,1,0,13,0.81,0 (tie),7 (Blondskunk)
acacia_trapdoor,0,1,0,12,0,0,0,0,0,4,0,0,0,0,49,0,66,4.13,0 (tie),49 (tinkfro)
acacia_wall_sign,0,0,0,1,0,0,0,0,0,0,0,0,0,0,3,0,4,0.25,0 (tie),3 (tinkfro)
acacia_wood,0,0,0,0,0,0,0,0,0,0,10,0,0,0,0,0,10,0.63,0 (tie),10 (PuffingFishHQ)
activator_rail,0,0,0,0,0,3,0,0,0,0,0,0,0,0,0,0,3,0.19,0 (tie),3 (HughBone)
allium,0,0,9,115,0,0,0,3,3,9,38,0,0,5,13,4,199,12.44,0 (tie),115 (Blondskunk)
amethyst_block,2,246,5,178,28,7,65,424,0,215,354,0,62,426,106,432,2550,159.38,0 (tie),432 (WhiteFyr)
amethyst_cluster,2,51,2,100,0,39,3,25,8,3,4,0,47,21,145,144,594,37.13,0 (tie),145 (tinkfro)
ancient_debris,0,0,0,10,0,31,0,5,0,0,55,0,47,2,33,72,255,15.94,0 (tie),72 (WhiteFyr)
andesite,732,298,2145,2591,332,1201,716,2663,294,2742,2745,19,3090,1170,2065,17385,40188,2511.75,19 (squaremario),17385 (WhiteFyr)
andesite_slab,2,0,13,24,0,0,0,8,0,6,4,0,7,0,31,2,97,6.06,0 (tie),31 (tinkfro)
andesite_stairs,0,0,6,17,0,0,0,0,0,1,0,0,0,0,0,0,24,1.50,0 (tie),17 (Blondskunk)
andesite_wall,0,0,7,5,0,4,0,0,2,0,3,0,6,0,20,6,53,3.31,0 (tie),20 (tinkfro)
anvil,0,3,0,13,0,4,0,2,0,0,11,0,9,8,5,4,59,3.69,0 (tie),13 (Blondskunk)
attached_pumpkin_stem,0,0,0,0,0,0,0,0,0,0,7,0,0,0,3,0,10,0.63,0 (tie),7 (PuffingFishHQ)
azalea,2,7,0,46,4,5,12,112,1,1,414,2,9,25,115,4,759,47.44,0 (Ash298),414 (PuffingFishHQ)
azalea_leaves,650,383,114,1890,80,2,0,0,78,38,1556,0,1002,411,74,264,6542,408.88,0 (tie),1890 (Blondskunk)
azure_bluet,0,36,33,30,3,10,0,5,4,15,18,1,18,9,82,27,291,18.19,0 (tie),82 (tinkfro)
bamboo,33,3,57,52,149,25,0,112,33,18,1309,0,107,167,161,382,2608,163.00,0 (tie),1309 (PuffingFishHQ)
bamboo_block,0,0,0,0,0,0,0,0,0,0,22,0,0,0,0,0,22,1.38,0 (tie),22 (PuffingFishHQ)
bamboo_mosaic,0,0,0,0,0,0,0,0,0,0,4,0,0,0,0,0,4,0.25,0 (tie),4 (PuffingFishHQ)
bamboo_mosaic_slab,0,0,0,0,0,0,0,0,0,0,9,0,0,0,0,0,9,0.56,0 (tie),9 (PuffingFishHQ)
bamboo_planks,0,0,0,0,0,0,0,0,0,1,4,0,0,0,0,0,5,0.31,0 (tie),4 (PuffingFishHQ)
bamboo_pressure_plate,0,0,0,0,0,0,0,0,0,0,1,0,0,0,0,0,1,0.06,0 (tie),1 (PuffingFishHQ)
bamboo_sapling,1,0,0,0,0,0,0,0,0,0,17,0,4,2,2,0,26,1.63,0 (tie),17 (PuffingFishHQ)
bamboo_slab,0,0,0,0,0,0,0,0,0,0,44,0,0,0,0,0,44,2.75,0 (tie),44 (PuffingFishHQ)
bamboo_trapdoor,0,0,0,0,0,0,0,0,0,0,0,0,0,0,5,0,5,0.31,0 (tie),5 (tinkfro)
barrel,27,25,25,67,19,14,0,0,15,11,61,0,6,33,91,94,488,30.50,0 (tie),94 (WhiteFyr)
basalt,1,3,227,3487,68,33,418,1678,35,20,385,0,1306,363,788,8380,17192,1074.50,0 (squaremario),8380 (WhiteFyr)
beacon,2,0,0,5,0,0,0,0,0,0,15,0,5,0,9,5,41,2.56,0 (tie),15 (PuffingFishHQ)
bee_nest,2,76,5,17,2,0,0,0,1,10,28,0,1,0,17,0,159,9.94,0 (tie),76 (Artorvian)
beehive,14,0,0,4,1,0,0,0,0,0,0,0,0,0,35,0,54,3.38,0 (tie),35 (tinkfro)
beetroots,0,23,16,0,0,0,1,0,1,0,0,0,6,6,10,45,108,6.75,0 (tie),45 (WhiteFyr)
bell,0,4,1,0,0,0,0,0,1,6,0,0,1,12,14,0,39,2.44,0 (tie),14 (tinkfro)
big_dripleaf,0,0,0,0,0,3,0,0,2,0,7,1,2,2,4,0,21,1.31,0 (tie),7 (PuffingFishHQ)
big_dripleaf_stem,0,0,0,1,0,3,0,0,0,0,1,0,4,3,0,0,12,0.75,0 (tie),4 (This_is_KB)
birch_door,0,1,0,0,0,0,0,0,0,0,2,0,0,0,3,0,6,0.38,0 (tie),3 (tinkfro)
birch_fence,0,0,0,1,0,14,0,0,0,0,1,0,15,0,0,0,31,1.94,0 (tie),15 (This_is_KB)
birch_fence_gate,0,0,0,0,0,0,0,0,0,0,0,0,1,0,0,0,1,0.06,0 (tie),1 (This_is_KB)
birch_leaves,24,172,56,1468,22,222,59,6,0,24,604,0,286,13,207,33,3196,199.75,0 (tie),1468 (Blondskunk)
birch_log,325,301,1357,904,60,371,409,54,12,74,1949,7,1428,53,394,154,7852,490.75,7 (squaremario),1949 (PuffingFishHQ)
birch_planks,0,132,6,7,0,12,1,0,1,14,52,5,1,10,18,0,259,16.19,0 (tie),132 (Artorvian)
birch_pressure_plate,0,0,0,0,0,0,0,0,0,0,0,0,0,0,2,0,2,0.13,0 (tie),2 (tinkfro)
birch_sapling,0,0,3,0,0,3,1,0,0,0,1,0,0,0,0,0,8,0.50,0 (tie),3 (tie)
birch_sign,1,2,1,2,0,4,0,0,0,0,3,0,0,0,2,0,15,0.94,0 (tie),4 (HughBone)
birch_slab,0,0,0,16,0,0,0,0,0,0,38,0,0,0,26,1,81,5.06,0 (tie),38 (PuffingFishHQ)
birch_stairs,0,0,0,24,0,0,0,0,0,0,42,0,0,2,26,0,94,5.88,0 (tie),42 (PuffingFishHQ)
birch_trapdoor,0,0,0,0,0,15,0,0,0,0,5,0,0,0,38,0,58,3.63,0 (tie),38 (tinkfro)
birch_wall_sign,1,5,1,0,0,12,0,0,0,4,9,0,0,0,5,0,37,2.31,0 (tie),12 (HughBone)
birch_wood,0,0,6,0,0,8,0,0,0,0,0,0,0,0,0,0,14,0.88,0 (tie),8 (HughBone)
black_banner,0,0,0,0,0,0,0,0,0,0,0,0,3,0,0,0,3,0.19,0 (tie),3 (This_is_KB)
black_bed,0,5,0,3,3,14,0,0,0,0,0,0,153,1,0,27,206,12.88,0 (tie),153 (This_is_KB)
black_candle,0,1,0,0,0,0,0,0,0,0,0,0,1,0,0,0,2,0.13,0 (tie),1 (tie)
black_carpet,0,0,23,0,0,1,0,0,2,0,30,0,15,0,1,4,76,4.75,0 (tie),30 (PuffingFishHQ)
black_concrete,0,0,0,0,0,36,0,758,0,0,323,0,62,0,149,64,1392,87.00,0 (tie),758 (Jagiero)
black_concrete_powder,0,3,2,2,0,3,0,20,0,5,5,0,57,0,10,0,107,6.69,0 (tie),57 (This_is_KB)
black_glazed_terracotta,0,0,0,0,0,0,0,0,0,0,0,0,14,0,0,0,14,0.88,0 (tie),14 (This_is_KB)
black_shulker_box,0,0,0,7,0,0,0,0,0,0,1,0,579,0,0,0,587,36.69,0 (tie),579 (This_is_KB)
black_stained_glass,0,0,0,0,0,22,0,0,3,0,13,0,16,0,0,0,54,3.38,0 (tie),22 (HughBone)
black_stained_glass_pane,1,2,0,0,0,1,0,0,0,0,13,0,0,0,0,0,17,1.06,0 (tie),13 (PuffingFishHQ)
black_terracotta,0,15,0,2,0,0,0,0,0,0,0,0,88,0,23,22,150,9.38,0 (tie),88 (This_is_KB)
black_wall_banner,0,0,0,0,0,0,0,0,0,0,0,0,1,0,0,6,7,0.44,0 (tie),6 (WhiteFyr)
black_wool,1,12,5,8,0,680,0,0,0,13,0,0,32,0,6,8,765,47.81,0 (tie),680 (HughBone)
blackstone,99,271,123,222,116,184,73,9440,105,67,343,0,3948,340,282,966,16579,1036.19,0 (squaremario),9440 (Jagiero)
blackstone_slab,0,0,0,5,0,0,0,34,0,0,0,0,0,0,0,0,39,2.44,0 (tie),34 (Jagiero)
blackstone_stairs,0,0,0,1,0,0,0,9,0,0,0,0,6,0,0,0,16,1.00,0 (tie),9 (Jagiero)
blackstone_wall,0,0,0,0,1,0,0,0,0,1,1,0,0,0,5,0,8,0.50,0 (tie),5 (tinkfro)
blast_furnace,7,0,0,2,0,0,0,3,6,9,10,0,0,2,6,0,45,2.81,0 (tie),10 (PuffingFishHQ)
blue_bed,4,0,0,43,0,0,0,0,0,0,0,0,0,0,1,3,51,3.19,0 (tie),43 (Blondskunk)
blue_carpet,0,0,0,2,0,0,0,0,0,0,0,0,0,0,0,0,2,0.13,0 (tie),2 (Blondskunk)
blue_concrete,0,0,0,0,0,0,0,0,0,0,8,0,0,0,4,0,12,0.75,0 (tie),8 (PuffingFishHQ)
blue_concrete_powder,1,0,0,0,0,0,0,0,0,0,0,0,0,0,3,0,4,0.25,0 (tie),3 (tinkfro)
blue_ice,0,0,0,0,0,0,0,0,91,0,693,0,0,0,8,0,792,49.50,0 (tie),693 (PuffingFishHQ)
blue_orchid,0,0,10,0,0,0,0,0,0,0,0,0,11,0,0,0,21,1.31,0 (tie),11 (This_is_KB)
blue_shulker_box,7,0,0,0,0,0,0,0,2,0,2,0,0,0,0,3,14,0.88,0 (tie),7 (AllOutJay)
blue_stained_glass,0,0,0,0,0,0,0,0,0,0,1,0,0,0,0,0,1,0.06,0 (tie),1 (PuffingFishHQ)
blue_stained_glass_pane,0,0,0,13,0,0,0,0,0,0,1,0,487,1,0,0,502,31.38,0 (tie),487 (This_is_KB)
blue_terracotta,0,0,0,3,0,21,0,0,0,0,0,0,0,0,0,0,24,1.50,0 (tie),21 (HughBone)
blue_wool,0,0,0,0,0,0,0,0,0,0,0,0,0,0,8,0,8,0.50,0 (tie),8 (tinkfro)
bone_block,1,157,1,0,15,3,10,0,0,0,3,0,263,0,21,0,474,29.63,0 (tie),263 (This_is_KB)
bookshelf,0,209,34,0,24,1,0,30,12,0,924,0,27,1,63,1,1326,82.88,0 (tie),924 (PuffingFishHQ)
brain_coral,0,64,0,0,0,0,0,9,0,0,2,0,11,10,0,0,96,6.00,0 (tie),64 (Artorvian)
brain_coral_block,0,71,0,0,0,0,0,545,0,0,0,0,0,62,0,0,678,42.38,0 (tie),545 (Jagiero)
brain_coral_fan,0,19,0,0,0,0,0,5,0,0,0,0,4,13,0,0,41,2.56,0 (tie),19 (Artorvian)
brain_coral_wall_fan,0,51,0,0,0,0,0,25,0,0,3,0,20,56,0,0,155,9.69,0 (tie),56 (ThisIsDoom)
brewing_stand,1,2,0,2,0,4,0,0,4,4,20,0,4,6,1,1,49,3.06,0 (tie),20 (PuffingFishHQ)
brick_slab,0,0,2,3,0,0,0,0,0,0,94,0,0,0,2,0,101,6.31,0 (tie),94 (PuffingFishHQ)
brick_stairs,0,1,0,26,0,1,0,0,3,0,93,0,0,0,14,0,138,8.63,0 (tie),93 (PuffingFishHQ)
brick_wall,0,0,0,77,0,3,0,0,0,0,59,0,0,1,10,0,150,9.38,0 (tie),77 (Blondskunk)
bricks,2,8,18,179,0,9,0,0,3,1,2737,0,4,0,133,0,3094,193.38,0 (tie),2737 (PuffingFishHQ)
brown_banner,0,0,0,0,0,1,0,0,0,0,0,0,0,0,0,0,1,0.06,0 (tie),1 (HughBone)
brown_bed,0,0,0,0,0,0,0,0,0,0,0,0,0,0,2,0,2,0.13,0 (tie),2 (tinkfro)
brown_carpet,0,1,2,8,2,2,0,0,2,0,0,0,0,3,0,0,20,1.25,0 (tie),8 (Blondskunk)
brown_concrete,0,0,0,0,0,0,0,1,0,0,0,0,0,0,0,0,1,0.06,0 (tie),1 (Jagiero)
brown_concrete_powder,0,0,0,30,0,0,0,0,0,0,0,0,4,0,0,0,34,2.13,0 (tie),30 (Blondskunk)
brown_mushroom,16,1,12,13,0,16,0,12,2,0,58,0,23,0,34,2,189,11.81,0 (tie),58 (PuffingFishHQ)
brown_mushroom_block,1216,46,87,321,0,0,91,0,0,0,1934,0,315,0,2,45,4057,253.56,0 (tie),1934 (PuffingFishHQ)
brown_shulker_box,27,0,0,1,0,0,0,0,0,0,0,0,29,0,0,0,57,3.56,0 (tie),29 (This_is_KB)
brown_stained_glass_pane,0,0,0,0,0,0,0,0,0,0,0,0,0,0,0,3,3,0.19,0 (tie),3 (WhiteFyr)
brown_terracotta,0,3,0,0,0,9,0,0,0,0,39,0,0,28,1,0,80,5.00,0 (tie),39 (PuffingFishHQ)
brown_wool,0,0,0,0,0,70,0,0,0,0,0,0,0,0,0,6,76,4.75,0 (tie),70 (HughBone)
bubble_column,0,0,0,0,0,0,0,0,1,0,0,0,0,0,0,0,1,0.06,0 (tie),1 (JustinL94)
bubble_coral,0,66,0,0,0,0,0,10,0,0,3,0,0,11,0,0,90,5.63,0 (tie),66 (Artorvian)
bubble_coral_block,0,67,0,0,0,0,0,906,0,0,10,0,0,32,0,0,1015,63.44,0 (tie),906 (Jagiero)
bubble_coral_fan,0,14,0,0,0,0,0,1,0,0,2,0,0,12,0,0,29,1.81,0 (tie),14 (Artorvian)
bubble_coral_wall_fan,0,51,0,0,0,0,0,34,0,0,3,0,0,49,0,0,137,8.56,0 (tie),51 (Artorvian)
budding_amethyst,2,22,0,12,0,2,2,56,0,27,13,0,5,1,8,3,153,9.56,0 (tie),56 (Jagiero)
cactus,0,48,52,60,10,11,0,0,0,1,3,0,37,45,8,0,275,17.19,0 (tie),60 (Blondskunk)
cake,0,1,0,0,0,0,0,0,0,0,0,0,0,0,1,0,2,0.13,0 (tie),1 (tie)
calcite,149,312,83,547,359,48,738,1278,0,4990,1667,0,129,592,91,513,11496,718.50,0 (tie),4990 (KingZee)
campfire,0,53,0,6,2,2,0,24,0,0,13,0,2,5,12,0,119,7.44,0 (tie),53 (Artorvian)
candle,0,58,23,0,0,0,0,0,0,0,0,0,0,0,89,0,170,10.63,0 (tie),89 (tinkfro)
carrots,33,9,105,10,1,500,392,43,405,30,646,0,526,1228,483,226,4637,289.81,0 (squaremario),1228 (ThisIsDoom)
cartography_table,0,0,0,2,0,0,0,0,0,2,0,0,0,3,0,0,7,0.44,0 (tie),3 (ThisIsDoom)
carved_pumpkin,0,192,0,0,0,0,0,0,0,0,173,0,1,0,5,0,371,23.19,0 (tie),192 (Artorvian)
cauldron,1,0,0,5,0,0,0,0,1,0,10,0,8,5,23,7,60,3.75,0 (tie),23 (tinkfro)
cave_vines,0,5,3,69,0,15,1,0,1,0,3,1,17,2,0,4,121,7.56,0 (tie),69 (Blondskunk)
cave_vines_plant,1,1,0,10,0,1,0,0,0,0,0,0,5,2,0,0,20,1.25,0 (tie),10 (Blondskunk)
chain,0,2,0,3,0,0,0,56,2,0,10,0,11,41,67,0,192,12.00,0 (tie),67 (tinkfro)
cherry_button,0,0,0,0,0,0,0,0,0,0,0,0,23,0,0,0,23,1.44,0 (tie),23 (This_is_KB)
cherry_fence,0,0,0,0,0,0,0,0,0,0,0,0,2,0,0,0,2,0.13,0 (tie),2 (This_is_KB)
cherry_leaves,0,0,0,1090,0,0,0,0,0,40,882,0,779,0,79,0,2870,179.38,0 (tie),1090 (Blondskunk)
cherry_log,0,0,0,141,0,0,0,0,0,20,66,0,486,0,43,0,756,47.25,0 (tie),486 (This_is_KB)
cherry_planks,0,0,0,0,0,0,0,0,0,0,4,0,1,0,0,0,5,0.31,0 (tie),4 (PuffingFishHQ)
cherry_sapling,0,0,0,1,0,0,0,0,0,0,1,0,6,0,1,0,9,0.56,0 (tie),6 (This_is_KB)
cherry_slab,0,0,0,0,0,0,0,0,0,0,0,0,2,0,0,0,2,0.13,0 (tie),2 (This_is_KB)
cherry_stairs,0,0,0,0,0,0,0,0,0,0,0,0,17,0,0,0,17,1.06,0 (tie),17 (This_is_KB)
cherry_trapdoor,0,0,0,2,0,0,0,0,0,0,0,0,252,0,0,0,254,15.88,0 (tie),252 (This_is_KB)
cherry_wall_hanging_sign,0,0,0,0,0,0,0,0,0,0,0,0,3,0,0,0,3,0.19,0 (tie),3 (This_is_KB)
cherry_wood,0,0,0,2,0,0,0,0,0,0,0,0,0,0,0,0,2,0.13,0 (tie),2 (Blondskunk)
chest,17,86,87,169,58,162,32,240,89,39,408,0,515,80,209,414,2605,162.81,0 (squaremario),515 (This_is_KB)
chipped_anvil,0,2,0,2,0,2,1,3,0,0,0,0,1,0,3,0,14,0.88,0 (tie),3 (tie)
chiseled_bookshelf,0,0,0,2,0,0,0,0,0,0,41,0,5,0,0,0,48,3.00,0 (tie),41 (PuffingFishHQ)
chiseled_deepslate,0,0,0,1,0,0,0,0,0,0,0,0,0,0,2,0,3,0.19,0 (tie),2 (tinkfro)
chiseled_polished_blackstone,0,0,5,0,0,0,0,0,0,0,0,0,0,0,3,0,8,0.50,0 (tie),5 (Ash298)
chiseled_quartz_block,0,0,0,12,0,0,0,0,0,0,0,0,0,0,0,0,12,0.75,0 (tie),12 (Blondskunk)
chiseled_sandstone,0,0,0,0,0,4,0,0,0,1,22,0,0,0,0,0,27,1.69,0 (tie),22 (PuffingFishHQ)
chiseled_stone_bricks,0,0,0,18,0,2,0,0,0,0,32,0,0,0,14,0,66,4.13,0 (tie),32 (PuffingFishHQ)
chiseled_tuff,21,0,0,3,0,0,0,0,0,0,18,0,0,0,2,0,44,2.75,0 (tie),21 (AllOutJay)
chiseled_tuff_bricks,26,0,0,1,0,0,0,0,0,0,2,0,0,0,1,0,30,1.88,0 (tie),26 (AllOutJay)
chorus_flower,10,0,0,0,0,5,0,0,0,0,4,0,6,0,0,0,25,1.56,0 (tie),10 (AllOutJay)
chorus_plant,9,4,0,0,0,12,0,0,1,0,73,0,9,1,0,0,109,6.81,0 (tie),73 (PuffingFishHQ)
clay,3,2098,576,354,30,1,0,1,8,0,93,21,289,174,1471,12,5131,320.69,0 (tie),2098 (Artorvian)
coal_block,0,0,0,0,0,0,0,0,0,0,1,0,0,0,11,0,12,0.75,0 (tie),11 (tinkfro)
coal_ore,724,366,443,2405,354,701,635,2051,398,2063,1413,56,1480,784,1292,10180,25345,1584.06,56 (squaremario),10180 (WhiteFyr)
coarse_dirt,26,32,9,2085,1208,6,22,0,0,0,129,0,20,1,116,13,3667,229.19,0 (tie),2085 (Blondskunk)
cobbled_deepslate,53,86,430,202,32,110,1,575,32,15,517,4,297,50,86,628,3118,194.88,1 (ImGP),628 (WhiteFyr)
cobbled_deepslate_slab,1,14,11,23,0,0,0,43,1,0,4,0,2,4,1,0,104,6.50,0 (tie),43 (Jagiero)
cobbled_deepslate_stairs,0,0,2,3,0,0,0,209,0,1,3,0,3,3,0,0,224,14.00,0 (tie),209 (Jagiero)
cobbled_deepslate_wall,0,10,29,9,0,0,1,72,0,0,2,0,3,0,0,0,126,7.88,0 (tie),72 (Jagiero)
cobblestone,108,182,1717,1120,209,751,79,581,366,161,1607,1,777,203,816,321,8999,562.44,1 (squaremario),1717 (Ash298)
cobblestone_slab,2,15,13,231,0,24,0,33,0,0,35,0,13,0,31,4,401,25.06,0 (tie),231 (Blondskunk)
cobblestone_stairs,0,13,18,33,0,6,0,3,4,1,16,0,26,6,92,4,222,13.88,0 (tie),92 (tinkfro)
cobblestone_wall,0,46,7,29,40,40,0,1,0,0,21,0,0,1,16,0,201,12.56,0 (tie),46 (Artorvian)
cobweb,3,241,5,0,0,191,25,0,4,14,97,0,63,95,49,0,787,49.19,0 (tie),241 (Artorvian)
cocoa,0,21,0,132,0,5,0,102,5,3,4,0,81,37,4,6,400,25.00,0 (tie),132 (Blondskunk)
comparator,0,9,1,1,1,2,0,1,0,0,33,0,8,0,13,0,69,4.31,0 (tie),33 (PuffingFishHQ)
composter,0,1,2,5,1,0,0,0,0,4,105,0,3,0,1,1,123,7.69,0 (tie),105 (PuffingFishHQ)
conduit,0,0,1,0,0,0,0,0,0,0,0,0,0,0,0,0,1,0.06,0 (tie),1 (Ash298)
copper_block,0,1,0,0,1,0,0,0,0,43,5,0,15,51,0,0,116,7.25,0 (tie),51 (ThisIsDoom)
copper_bulb,0,0,0,1,0,0,0,0,0,0,0,0,0,0,0,0,1,0.06,0 (tie),1 (Blondskunk)
copper_ore,151,1476,351,1362,140,282,13,446,469,1204,1656,0,641,1322,463,12618,22594,1412.13,0 (squaremario),12618 (WhiteFyr)
copper_trapdoor,0,0,0,1,0,0,0,0,0,0,0,0,0,0,0,0,1,0.06,0 (tie),1 (Blondskunk)
cornflower,1,58,11,21,0,1,0,6,1,0,66,0,5,23,58,8,259,16.19,0 (tie),66 (PuffingFishHQ)
cracked_deepslate_bricks,0,5,3,0,0,0,0,0,0,0,1,0,0,5,4,0,18,1.13,0 (tie),5 (tie)
cracked_deepslate_tiles,0,1,0,0,0,0,0,0,0,0,0,0,0,0,3,0,4,0.25,0 (tie),3 (tinkfro)
cracked_polished_blackstone_bricks,0,0,17,23,0,17,0,0,0,0,19,0,9,0,277,15,377,23.56,0 (tie),277 (tinkfro)
cracked_stone_bricks,0,0,6,2,0,15,0,0,0,2,2,0,0,0,6,1,34,2.13,0 (tie),15 (HughBone)
crafter,13,0,0,1,0,0,0,0,0,0,2,0,0,0,0,0,16,1.00,0 (tie),13 (AllOutJay)
crafting_table,19,50,93,94,26,53,52,90,27,12,66,8,157,60,118,61,986,61.63,8 (squaremario),157 (This_is_KB)
crimson_button,0,0,0,0,0,0,0,0,0,0,0,0,2,0,0,0,2,0.13,0 (tie),2 (This_is_KB)
crimson_fungus,0,4,0,0,0,1,2,0,4,0,15,0,11,2,0,0,39,2.44,0 (tie),15 (PuffingFishHQ)
crimson_nylium,0,71,1,0,0,80,5,0,22,0,48,0,17,9,0,18,271,16.94,0 (tie),80 (HughBone)
crimson_planks,0,0,0,0,2,6,0,0,0,0,0,0,0,5,0,0,13,0.81,0 (tie),6 (HughBone)
crimson_roots,0,41,0,0,0,10,1,0,2,0,3,0,9,18,1,15,100,6.25,0 (tie),41 (Artorvian)
crimson_sign,0,0,0,0,0,0,0,0,0,0,0,0,0,0,1,0,1,0.06,0 (tie),1 (tinkfro)
crimson_slab,0,0,0,0,0,2,0,0,0,0,0,0,0,0,2,0,4,0.25,0 (tie),2 (tie)
crimson_stairs,0,0,0,0,0,4,0,0,0,0,0,0,0,0,0,0,4,0.25,0 (tie),4 (HughBone)
crimson_stem,0,16,0,73,37,275,6,0,0,0,154,0,27,7,100,0,695,43.44,0 (tie),275 (HughBone)
crimson_trapdoor,0,0,0,0,0,0,0,0,0,0,0,0,0,0,67,0,67,4.19,0 (tie),67 (tinkfro)
crimson_wall_sign,0,0,0,0,0,0,0,0,0,0,0,0,0,0,17,0,17,1.06,0 (tie),17 (tinkfro)
crying_obsidian,0,4,0,7,0,0,0,0,0,0,11,0,0,0,0,0,22,1.38,0 (tie),11 (PuffingFishHQ)
cut_copper,0,8,0,0,0,0,0,0,0,0,0,0,0,0,0,0,8,0.50,0 (tie),8 (Artorvian)
cut_copper_stairs,0,0,0,36,2,0,0,0,0,0,0,0,0,7,0,0,45,2.81,0 (tie),36 (Blondskunk)
cut_sandstone,0,0,21,5,10,68,0,0,18,10,215,0,0,0,19,0,366,22.88,0 (tie),215 (PuffingFishHQ)
cut_sandstone_slab,0,0,0,0,0,0,0,0,0,0,15,0,0,0,0,0,15,0.94,0 (tie),15 (PuffingFishHQ)
cyan_bed,3,0,0,530,105,0,0,0,1,0,0,0,2,0,0,0,641,40.06,0 (tie),530 (Blondskunk)
cyan_candle,0,0,0,4,0,0,0,0,0,0,0,0,0,0,0,0,4,0.25,0 (tie),4 (Blondskunk)
cyan_carpet,0,0,0,4,0,0,0,0,0,0,0,0,0,1,1,1,7,0.44,0 (tie),4 (Blondskunk)
cyan_concrete,0,0,0,49,0,0,0,0,0,0,0,0,10,0,49,0,108,6.75,0 (tie),49 (tie)
cyan_concrete_powder,0,0,0,0,0,0,0,0,0,0,0,0,0,0,6,0,6,0.38,0 (tie),6 (tinkfro)
cyan_glazed_terracotta,0,0,0,0,0,0,0,0,0,0,60,0,0,0,0,0,60,3.75,0 (tie),60 (PuffingFishHQ)
cyan_shulker_box,0,0,0,129,0,0,0,0,0,0,0,0,0,0,0,0,129,8.06,0 (tie),129 (Blondskunk)
cyan_stained_glass,0,0,0,0,0,0,0,0,0,0,3,0,0,0,0,0,3,0.19,0 (tie),3 (PuffingFishHQ)
cyan_terracotta,40,0,0,0,0,0,0,0,0,0,0,0,196,0,188,544,968,60.50,0 (tie),544 (WhiteFyr)
cyan_wall_banner,0,0,0,0,1,0,0,0,0,0,0,0,0,0,0,0,1,0.06,0 (tie),1 (BrokenPixelSK)
cyan_wool,0,2,0,8,0,12,0,0,0,0,0,0,305,3,13,0,343,21.44,0 (tie),305 (This_is_KB)
damaged_anvil,0,0,0,0,0,0,0,0,3,0,4,0,3,0,1,0,11,0.69,0 (tie),4 (PuffingFishHQ)
dandelion,4,305,64,167,31,73,12,37,16,6,140,0,142,120,145,74,1336,83.50,0 (squaremario),305 (Artorvian)
dark_oak_button,0,0,0,6,0,0,0,0,0,0,5,0,0,0,1,0,12,0.75,0 (tie),6 (Blondskunk)
dark_oak_door,0,16,0,1,0,0,0,0,0,0,0,0,0,0,2,0,19,1.19,0 (tie),16 (Artorvian)
dark_oak_fence,0,5,46,20,26,0,1,0,3,0,0,0,50,3,37,0,191,11.94,0 (tie),50 (This_is_KB)
dark_oak_fence_gate,0,7,1,3,0,0,0,5,0,0,0,0,1,0,4,0,21,1.31,0 (tie),7 (Artorvian)
dark_oak_hanging_sign,0,0,0,8,0,0,0,0,0,0,0,0,0,0,0,0,8,0.50,0 (tie),8 (Blondskunk)
dark_oak_leaves,9,181,19,66,2,1,7,1153,177,134,242,0,214,24,103,76,2408,150.50,0 (squaremario),1153 (Jagiero)
dark_oak_log,367,1311,945,2838,712,1,597,1478,718,677,2756,4,12815,1530,358,460,27567,1722.94,1 (HughBone),12815 (This_is_KB)
dark_oak_planks,0,8,233,29,0,0,0,20,3,0,89,0,0,0,72,30,484,30.25,0 (tie),233 (Ash298)
dark_oak_sapling,5,0,1,11,0,3,2,8,9,1,8,0,0,15,1,3,67,4.19,0 (tie),15 (ThisIsDoom)
dark_oak_sign,0,0,0,8,0,0,0,0,0,0,0,0,0,2,6,0,16,1.00,0 (tie),8 (Blondskunk)
dark_oak_slab,0,10,6,12,0,2,0,1,29,1,65,0,3,0,26,2,157,9.81,0 (tie),65 (PuffingFishHQ)
dark_oak_stairs,0,65,36,63,2,0,1,0,10,2,18,0,4,0,25,70,296,18.50,0 (tie),70 (WhiteFyr)
dark_oak_trapdoor,1,54,24,56,0,0,1,0,1,0,43,0,1,8,37,3,229,14.31,0 (tie),56 (Blondskunk)
dark_oak_wall_hanging_sign,0,0,0,2,0,0,0,0,0,0,0,0,0,0,0,0,2,0.13,0 (tie),2 (Blondskunk)
dark_oak_wall_sign,0,0,0,19,0,0,0,0,1,0,4,0,2,0,1,0,27,1.69,0 (tie),19 (Blondskunk)
dark_oak_wood,0,0,2,0,0,0,0,0,0,0,10,0,0,0,0,0,12,0.75,0 (tie),10 (PuffingFishHQ)
dark_prismarine,0,0,0,0,0,20,0,0,0,1,59,0,0,0,1,0,81,5.06,0 (tie),59 (PuffingFishHQ)
dark_prismarine_slab,0,0,0,0,0,0,0,0,0,0,77,0,0,0,0,0,77,4.81,0 (tie),77 (PuffingFishHQ)
dark_prismarine_stairs,0,0,0,0,0,0,0,0,0,2,46,0,0,0,0,0,48,3.00,0 (tie),46 (PuffingFishHQ)
dead_brain_coral_block,0,31,0,0,0,0,0,284,0,0,0,0,0,0,0,0,315,19.69,0 (tie),284 (Jagiero)
dead_bubble_coral_block,0,0,0,0,0,0,0,550,0,0,0,0,0,0,0,0,550,34.38,0 (tie),550 (Jagiero)
dead_bubble_coral_fan,0,8,0,0,0,0,0,0,0,0,0,0,0,0,0,0,8,0.50,0 (tie),8 (Artorvian)
dead_bubble_coral_wall_fan,0,2,0,0,0,0,0,0,0,0,0,0,0,0,0,0,2,0.13,0 (tie),2 (Artorvian)
dead_bush,1,0,1,28,3,14,0,3,0,0,32,0,3,6,149,0,240,15.00,0 (tie),149 (tinkfro)
dead_fire_coral_block,0,20,0,0,0,0,0,0,0,0,0,0,0,0,0,0,20,1.25,0 (tie),20 (Artorvian)
dead_horn_coral,0,0,0,0,0,0,0,0,0,0,6,0,0,0,0,0,6,0.38,0 (tie),6 (PuffingFishHQ)
decorated_pot,0,0,0,28,0,0,0,0,0,0,2,0,0,0,3,0,33,2.06,0 (tie),28 (Blondskunk)
deepslate,10415,5522,3699,20604,3933,10174,1636,51020,3002,11138,28380,235,31511,3155,1983,192716,379123,23695.19,235 (squaremario),192716 (WhiteFyr)
deepslate_brick_slab,0,0,4,14,0,0,0,70,4,0,0,0,0,13,114,22,241,15.06,0 (tie),114 (tinkfro)
deepslate_brick_stairs,0,0,16,76,0,0,0,266,0,0,0,0,1,9,18,3,389,24.31,0 (tie),266 (Jagiero)
deepslate_brick_wall,0,0,12,5,0,0,0,49,0,0,0,0,0,0,2,0,68,4.25,0 (tie),49 (Jagiero)
deepslate_bricks,2,6,36,156,2,1,0,737,6,0,386,1,0,7,37,462,1839,114.94,0 (tie),737 (Jagiero)
deepslate_coal_ore,0,2,0,0,0,3,0,0,0,0,4,0,30,2,1,12,54,3.38,0 (tie),30 (This_is_KB)
deepslate_copper_ore,56,384,21,0,0,272,0,0,44,186,196,0,420,48,22,430,2079,129.94,0 (tie),430 (WhiteFyr)
deepslate_diamond_ore,140,140,125,549,32,242,18,663,167,232,339,24,355,80,147,681,3934,245.88,18 (ImGP),681 (WhiteFyr)
deepslate_emerald_ore,0,0,0,0,0,0,0,0,0,0,0,0,0,0,0,4,4,0.25,0 (tie),4 (WhiteFyr)
deepslate_gold_ore,175,264,293,612,32,292,47,634,94,130,341,3,338,240,247,1151,4893,305.81,3 (squaremario),1151 (WhiteFyr)
deepslate_iron_ore,215,260,486,476,175,382,159,651,144,95,359,49,251,352,205,1049,5308,331.75,49 (squaremario),1049 (WhiteFyr)
deepslate_lapis_ore,50,49,46,264,10,87,17,225,60,94,85,21,180,75,108,686,2057,128.56,10 (BrokenPixelSK),686 (WhiteFyr)
deepslate_redstone_ore,418,337,696,1539,28,241,86,597,308,117,940,9,554,394,415,2241,8920,557.50,9 (squaremario),2241 (WhiteFyr)
deepslate_tile_slab,7,4,0,77,0,0,0,3,2,0,1131,0,23,0,5,0,1252,78.25,0 (tie),1131 (PuffingFishHQ)
deepslate_tile_stairs,0,6,1,15,0,0,0,7,6,0,0,0,30,0,7,1,73,4.56,0 (tie),30 (This_is_KB)
deepslate_tile_wall,0,1,1,14,0,0,0,11,0,0,2,0,0,0,1,0,30,1.88,0 (tie),14 (Blondskunk)
deepslate_tiles,0,35,0,61,1,0,0,360,10,0,22,0,64,0,10,579,1142,71.38,0 (tie),579 (WhiteFyr)
detector_rail,0,0,0,0,0,0,0,0,0,0,5,0,0,0,1,0,6,0.38,0 (tie),5 (PuffingFishHQ)
diamond_block,0,0,0,0,0,0,0,0,0,0,0,0,0,0,3,0,3,0.19,0 (tie),3 (tinkfro)
diamond_ore,0,10,3,0,0,0,0,0,12,0,0,1,0,6,2,4,38,2.38,0 (tie),12 (JustinL94)
diorite,111,923,478,1248,602,71,633,1807,267,400,1735,37,1583,755,2207,15250,28107,1756.69,37 (squaremario),15250 (WhiteFyr)
diorite_slab,1,26,16,19,0,8,3,0,0,0,0,0,2,0,2,0,77,4.81,0 (tie),26 (Artorvian)
diorite_stairs,0,2,2,2,0,0,2,0,0,0,0,0,0,0,0,6,14,0.88,0 (tie),6 (WhiteFyr)
diorite_wall,0,3,0,1,0,1,0,17,0,0,2,0,1,0,9,3,37,2.31,0 (tie),17 (Jagiero)
dirt,1841,1466,8025,18955,1657,2531,2300,11267,841,3167,13903,13,12352,1463,14738,12952,107471,6716.94,13 (squaremario),18955 (Blondskunk)
dirt_path,6,9,213,89,143,127,18,7,84,6,401,0,86,71,502,60,1822,113.88,0 (squaremario),502 (tinkfro)
dispenser,0,4,8,1,6,77,0,5,1,0,22,0,5,0,6,0,135,8.44,0 (tie),77 (HughBone)
dragon_head,0,0,0,0,0,1,0,0,0,0,0,0,0,0,0,0,1,0.06,0 (tie),1 (HughBone)
dragon_wall_head,0,1,4,6,0,1,0,0,4,0,8,0,5,2,0,0,31,1.94,0 (tie),8 (PuffingFishHQ)
dried_kelp_block,0,0,1,0,0,0,0,0,0,0,2,0,0,0,3,0,6,0.38,0 (tie),3 (tinkfro)
dripstone_block,165,113,87,69,135,73,182,804,34,14,2550,1,366,214,773,2371,7951,496.94,1 (squaremario),2550 (PuffingFishHQ)
dropper,0,0,0,0,0,0,0,2,0,0,12,0,0,0,6,0,20,1.25,0 (tie),12 (PuffingFishHQ)
emerald_block,0,0,0,0,0,13,0,0,0,0,38,0,0,0,2,0,53,3.31,0 (tie),38 (PuffingFishHQ)
emerald_ore,4,2,6,4,9,2,2,0,0,12,2,0,0,0,14,34,91,5.69,0 (tie),34 (WhiteFyr)
enchanting_table,0,4,0,0,1,0,0,2,0,0,0,0,1,0,2,0,10,0.63,0 (tie),4 (Artorvian)
end_rod,22,0,20,16,0,1,0,0,18,0,55,0,6,9,419,0,566,35.38,0 (tie),419 (tinkfro)
end_stone,265,84,400,2,0,23,0,17,441,0,2564,0,67,994,920,0,5777,361.06,0 (tie),2564 (PuffingFishHQ)
end_stone_brick_slab,0,0,0,0,0,0,0,0,8,0,3,0,0,0,0,0,11,0.69,0 (tie),8 (JustinL94)
end_stone_bricks,40,5,12,12,0,0,0,0,61,0,53,0,11,19,219,0,432,27.00,0 (tie),219 (tinkfro)
ender_chest,37,4,12,367,0,51,1,15,32,0,82,0,351,0,548,172,1672,104.50,0 (tie),548 (tinkfro)
exposed_copper,0,1,0,0,0,0,0,0,0,24,0,0,0,43,0,0,68,4.25,0 (tie),43 (ThisIsDoom)
exposed_cut_copper,0,2,0,0,0,0,0,0,0,0,0,0,0,0,0,0,2,0.13,0 (tie),2 (Artorvian)
exposed_cut_copper_slab,0,0,0,0,1,0,0,0,0,0,0,0,0,0,0,0,1,0.06,0 (tie),1 (BrokenPixelSK)
exposed_cut_copper_stairs,1,0,0,12,0,0,0,0,0,0,0,0,0,8,0,0,21,1.31,0 (tie),12 (Blondskunk)
farmland,0,1,75,50,3,1,0,2,0,0,275,0,486,0,95,1,989,61.81,0 (tie),486 (This_is_KB)
fern,1,0,13,361,24,1,0,0,0,1,274,0,26,0,75,1,777,48.56,0 (tie),361 (Blondskunk)
fire,28,248,65,324,93,241,47,147,204,0,1031,2,273,143,555,693,4094,255.88,0 (KingZee),1031 (PuffingFishHQ)
fire_coral,0,68,0,0,0,0,0,13,0,0,0,0,0,7,0,0,88,5.50,0 (tie),68 (Artorvian)
fire_coral_block,0,65,0,0,0,0,0,1,0,0,10,0,0,30,0,0,106,6.63,0 (tie),65 (Artorvian)
fire_coral_fan,0,11,0,0,0,0,0,5,0,0,0,0,0,12,0,0,28,1.75,0 (tie),12 (ThisIsDoom)
fire_coral_wall_fan,0,60,0,0,0,0,0,22,0,0,9,0,0,55,0,0,146,9.13,0 (tie),60 (Artorvian)
fletching_table,0,0,0,0,0,0,0,0,0,0,51,0,0,0,0,0,51,3.19,0 (tie),51 (PuffingFishHQ)
flower_pot,0,3,13,6,1,0,0,0,0,0,3,0,0,0,3,0,29,1.81,0 (tie),13 (Ash298)
flowering_azalea,6,8,1,44,4,3,2,46,0,0,182,9,5,11,80,2,403,25.19,0 (tie),182 (PuffingFishHQ)
flowering_azalea_leaves,219,249,39,704,25,0,0,0,30,12,527,0,332,145,18,103,2403,150.19,0 (tie),704 (Blondskunk)
frogspawn,0,0,0,2,0,0,0,0,0,0,0,0,0,0,1,0,3,0.19,0 (tie),2 (Blondskunk)
furnace,0,77,9,20,10,22,17,10,4,7,69,8,101,22,11,14,401,25.06,0 (AllOutJay),101 (This_is_KB)
gilded_blackstone,0,0,0,0,0,0,0,0,0,0,6,0,8,0,39,2,55,3.44,0 (tie),39 (tinkfro)
glass,0,254,0,47,36,57,0,7,15,21,269,0,221,1,462,1,1391,86.94,0 (tie),462 (tinkfro)
glass_pane,0,3,11,8,0,15,1,0,3,0,5,0,8,0,58,3,115,7.19,0 (tie),58 (tinkfro)
glow_lichen,5,83,1,151,1,1,0,3,1,0,11,0,28,0,1,1,287,17.94,0 (tie),151 (Blondskunk)
glowstone,0,0,0,0,50,140,0,1,0,0,52,0,7,128,265,35,678,42.38,0 (tie),265 (tinkfro)
gold_block,0,1,13,6,0,4,0,0,0,0,2,0,2,1,66,0,95,5.94,0 (tie),66 (tinkfro)
gold_ore,1,59,24,38,0,52,10,54,12,20,322,0,45,66,37,241,981,61.31,0 (tie),322 (PuffingFishHQ)
granite,192,548,415,982,254,235,17,984,492,112,2437,6,2868,196,981,14913,25632,1602.00,6 (squaremario),14913 (WhiteFyr)
granite_slab,0,0,0,0,0,0,0,0,0,0,0,0,0,0,11,0,11,0.69,0 (tie),11 (tinkfro)
granite_wall,0,1,0,13,12,0,0,0,0,0,1,0,0,0,18,0,45,2.81,0 (tie),18 (tinkfro)
grass,0,0,0,0,1099,1054,0,0,0,0,0,0,0,1576,0,0,3729,233.06,0 (tie),1576 (ThisIsDoom)
grass_block,451,2622,6417,37465,1957,3259,2199,4229,1338,2361,42171,14,35644,987,25216,8430,174760,10922.50,14 (squaremario),42171 (PuffingFishHQ)
gravel,1264,567,810,7193,160,883,183,3133,248,4339,2449,0,7431,481,3855,8854,41850,2615.63,0 (squaremario),8854 (WhiteFyr)
gray_carpet,4,2,6,1,2,0,0,0,0,0,3,0,0,1,0,4,23,1.44,0 (tie),6 (Ash298)
gray_concrete,0,24,0,661,0,0,0,0,0,1,0,0,781,0,0,0,1467,91.69,0 (tie),781 (This_is_KB)
gray_concrete_powder,14,0,0,509,0,0,0,0,0,0,0,0,591,0,0,1,1115,69.69,0 (tie),591 (This_is_KB)
gray_shulker_box,29,0,0,0,0,0,0,0,0,0,20,0,0,0,153,0,202,12.63,0 (tie),153 (tinkfro)
gray_stained_glass,0,0,0,0,0,608,0,0,0,3,0,0,0,0,7,0,618,38.63,0 (tie),608 (HughBone)
gray_stained_glass_pane,0,0,0,0,0,0,0,0,0,0,0,0,0,0,34,0,34,2.13,0 (tie),34 (tinkfro)
gray_wool,0,1,1,1,1,18,0,0,0,0,3,1,0,0,44,0,70,4.38,0 (tie),44 (tinkfro)
green_bed,0,0,0,1,0,0,0,0,4,0,22,0,0,0,0,0,27,1.69,0 (tie),22 (PuffingFishHQ)
green_carpet,0,0,0,1,0,0,0,0,0,0,0,0,1,0,0,0,2,0.13,0 (tie),1 (tie)
green_concrete,0,0,0,6,0,0,0,0,0,0,8,0,16,0,0,0,30,1.88,0 (tie),16 (This_is_KB)
green_concrete_powder,0,0,0,0,0,0,0,0,0,0,1,0,0,0,0,0,1,0.06,0 (tie),1 (PuffingFishHQ)
green_shulker_box,7,0,0,0,0,0,0,0,0,0,17,0,0,0,0,0,24,1.50,0 (tie),17 (PuffingFishHQ)
green_stained_glass_pane,0,0,0,2,0,0,0,0,0,0,0,0,24,0,0,9,35,2.19,0 (tie),24 (This_is_KB)
green_terracotta,0,0,0,2,0,0,0,0,0,0,1,0,26,0,359,0,388,24.25,0 (tie),359 (tinkfro)
green_wool,0,0,0,23,0,0,0,0,0,0,0,0,0,0,0,0,23,1.44,0 (tie),23 (Blondskunk)
grindstone,1,2,1,2,1,0,1,8,3,8,8,0,1,3,1,0,40,2.50,0 (tie),8 (tie)
hanging_roots,0,0,0,0,0,0,0,0,0,0,0,0,26,80,1,0,107,6.69,0 (tie),80 (ThisIsDoom)
hay_block,27,1,0,101,208,0,0,0,2,26,0,0,0,69,84,4,522,32.63,0 (tie),208 (BrokenPixelSK)
heavy_weighted_pressure_plate,0,0,0,0,0,0,0,0,0,0,0,0,8,0,2,0,10,0.63,0 (tie),8 (This_is_KB)
honey_block,0,10,0,0,0,0,0,0,0,0,37,0,0,0,0,0,47,2.94,0 (tie),37 (PuffingFishHQ)
honeycomb_block,0,5,13,0,0,0,0,0,0,0,0,0,0,0,0,0,18,1.13,0 (tie),13 (Ash298)
hopper,0,6,19,13,3,23,0,37,12,24,297,0,129,1,31,4,599,37.44,0 (tie),297 (PuffingFishHQ)
horn_coral,0,66,0,0,0,0,0,9,0,0,11,0,0,16,0,0,102,6.38,0 (tie),66 (Artorvian)
horn_coral_block,0,66,0,0,0,0,0,1,0,0,25,0,0,27,0,0,119,7.44,0 (tie),66 (Artorvian)
horn_coral_fan,0,16,0,0,0,0,0,2,0,0,2,0,0,9,1,0,30,1.88,0 (tie),16 (Artorvian)
horn_coral_wall_fan,0,54,0,0,0,0,0,29,0,0,3,0,0,51,3,0,140,8.75,0 (tie),54 (Artorvian)
ice,3,0,0,202,0,0,0,0,69,0,3009,0,1,0,5,259,3548,221.75,0 (tie),3009 (PuffingFishHQ)
infested_cracked_stone_bricks,0,0,1,0,0,0,0,0,0,0,0,0,0,0,0,0,1,0.06,0 (tie),1 (Ash298)
infested_deepslate,2,0,10,1,0,0,7,0,3,0,0,0,11,0,0,144,178,11.13,0 (tie),144 (WhiteFyr)
infested_stone,0,0,14,0,0,0,0,0,0,0,5,0,2,0,3,13,37,2.31,0 (tie),14 (Ash298)
infested_stone_bricks,0,0,2,0,0,2,0,0,0,0,0,0,0,0,1,1,6,0.38,0 (tie),2 (tie)
iron_bars,0,0,10,8,0,6,31,20,2,0,34,0,20,1,187,16,335,20.94,0 (tie),187 (tinkfro)
iron_block,165,0,40,343,0,0,0,0,0,0,296,0,366,0,1611,504,3325,207.81,0 (tie),1611 (tinkfro)
iron_door,0,0,2,2,1,2,0,1,0,0,9,0,13,0,13,6,49,3.06,0 (tie),13 (tie)
iron_ore,93,382,317,269,442,511,294,984,143,516,415,40,323,909,477,2626,8741,546.31,40 (squaremario),2626 (WhiteFyr)
iron_trapdoor,9,7,5,4,0,2,0,0,1,6,4,0,0,0,221,0,259,16.19,0 (tie),221 (tinkfro)
jack_o_lantern,0,15,10,0,0,0,0,0,0,0,18,0,0,0,0,0,43,2.69,0 (tie),18 (PuffingFishHQ)
jukebox,4,2,3,1,0,0,0,0,0,0,2,0,7,0,2,0,21,1.31,0 (tie),7 (This_is_KB)
jungle_button,0,0,0,0,0,0,0,0,0,0,1,0,0,0,0,0,1,0.06,0 (tie),1 (PuffingFishHQ)
jungle_door,0,0,0,1,0,0,0,0,0,3,1,0,1,8,0,1,15,0.94,0 (tie),8 (ThisIsDoom)
jungle_fence,0,0,5,0,0,0,0,0,0,0,22,0,23,3,13,0,66,4.13,0 (tie),23 (This_is_KB)
jungle_fence_gate,0,0,2,0,0,0,0,0,0,0,5,0,2,2,4,0,15,0.94,0 (tie),5 (PuffingFishHQ)
jungle_hanging_sign,0,0,0,0,0,0,0,0,0,0,0,0,1,0,0,0,1,0.06,0 (tie),1 (This_is_KB)
jungle_leaves,0,170,63,10,57,1,0,516,58,224,846,0,140,116,88,1,2290,143.13,0 (tie),846 (PuffingFishHQ)
jungle_log,0,220,943,30,69,3,12,182,34,525,7595,0,771,178,826,0,11388,711.75,0 (tie),7595 (PuffingFishHQ)
jungle_planks,0,2,62,2,0,0,0,0,2,0,67,0,0,20,160,0,315,19.69,0 (tie),160 (tinkfro)
jungle_sapling,0,0,1,0,0,0,0,0,1,4,1,0,1,0,3,0,11,0.69,0 (tie),4 (KingZee)
jungle_sign,0,0,2,0,0,0,1,0,0,0,0,0,1,0,0,0,4,0.25,0 (tie),2 (Ash298)
jungle_slab,0,0,9,0,0,0,0,0,0,0,37,0,20,5,13,0,84,5.25,0 (tie),37 (PuffingFishHQ)
jungle_stairs,0,0,6,0,0,0,0,0,0,1,35,0,9,9,61,0,121,7.56,0 (tie),61 (tinkfro)
jungle_trapdoor,0,2,5,0,0,0,0,0,2,3,9,0,28,3,64,0,116,7.25,0 (tie),64 (tinkfro)
jungle_wall_hanging_sign,0,0,0,0,0,0,0,0,0,0,1,0,0,0,0,0,1,0.06,0 (tie),1 (PuffingFishHQ)
jungle_wall_sign,0,0,1,0,0,0,1,0,0,0,1,0,0,0,1,0,4,0.25,0 (tie),1 (tie)
jungle_wood,0,0,20,0,0,0,0,0,0,0,0,0,0,0,0,0,20,1.25,0 (tie),20 (Ash298)
kelp,0,0,0,15,0,133,0,66,0,0,768,0,218,0,1,0,1201,75.06,0 (tie),768 (PuffingFishHQ)
kelp_plant,0,0,1,20,1,60,0,75,0,0,84,0,89,0,1,0,331,20.69,0 (tie),89 (This_is_KB)
ladder,0,10,18,7,3,223,1,28,1,0,16,0,22,0,10,10,349,21.81,0 (tie),223 (HughBone)
lantern,1,0,14,25,1,7,0,30,6,0,34,0,16,0,6,20,160,10.00,0 (tie),34 (PuffingFishHQ)
lapis_block,0,0,0,0,0,0,0,0,0,0,0,0,0,0,6,0,6,0.38,0 (tie),6 (tinkfro)
lapis_ore,9,54,10,44,10,30,28,117,41,32,95,4,54,54,56,308,946,59.13,4 (squaremario),308 (WhiteFyr)
large_amethyst_bud,0,1,0,3,0,0,0,0,0,0,5,0,5,0,0,0,14,0.88,0 (tie),5 (tie)
large_fern,0,0,0,170,3,0,0,0,0,4,0,0,0,0,109,0,286,17.88,0 (tie),170 (Blondskunk)
lava_cauldron,0,0,0,0,0,0,0,0,0,0,0,0,0,0,2,0,2,0.13,0 (tie),2 (tinkfro)
lectern,0,2,0,1,1,1,0,0,132,1,989,0,0,0,54,0,1181,73.81,0 (tie),989 (PuffingFishHQ)
lever,1,2,18,31,2,6,0,2,4,4,27,0,60,5,30,0,192,12.00,0 (tie),60 (This_is_KB)
light_blue_bed,126,0,0,373,0,0,0,0,0,0,2,0,5,0,1,2,509,31.81,0 (tie),373 (Blondskunk)
light_blue_carpet,0,0,0,2,0,0,0,0,0,0,0,0,0,0,0,0,2,0.13,0 (tie),2 (Blondskunk)
light_blue_concrete,0,0,0,741,0,0,0,0,0,0,0,0,5,0,0,0,746,46.63,0 (tie),741 (Blondskunk)
light_blue_shulker_box,31,0,0,578,0,7,0,0,0,3,7,0,55,0,162,98,941,58.81,0 (tie),578 (Blondskunk)
light_blue_stained_glass,0,0,0,9,0,0,0,0,0,0,0,0,0,0,0,0,9,0.56,0 (tie),9 (Blondskunk)
light_blue_stained_glass_pane,0,0,0,1,0,0,0,0,0,0,0,0,1,0,0,0,2,0.13,0 (tie),1 (tie)
light_blue_terracotta,0,0,0,0,0,0,0,0,0,0,22,0,0,0,2,0,24,1.50,0 (tie),22 (PuffingFishHQ)
light_blue_wall_banner,0,0,0,3,1,0,0,0,0,0,0,0,0,0,0,0,4,0.25,0 (tie),3 (Blondskunk)
light_blue_wool,7,0,0,25,0,0,0,0,0,0,1,0,25,0,0,0,58,3.63,0 (tie),25 (tie)
light_gray_bed,8,0,1,205,0,1,0,0,5,0,3,0,1,0,14,11,249,15.56,0 (tie),205 (Blondskunk)
light_gray_carpet,1,1,0,2,0,1,0,0,7,0,2,0,0,1,46,2,63,3.94,0 (tie),46 (tinkfro)
light_gray_concrete,0,0,0,0,0,0,0,0,0,0,0,0,12,16,0,65,93,5.81,0 (tie),65 (WhiteFyr)
light_gray_concrete_powder,0,0,0,0,0,0,0,0,0,0,0,0,0,0,2,0,2,0.13,0 (tie),2 (tinkfro)
light_gray_shulker_box,0,0,0,0,0,0,0,0,0,0,70,0,7,0,134,32,243,15.19,0 (tie),134 (tinkfro)
light_gray_stained_glass,0,8,3,2,0,0,0,0,0,0,213,0,0,0,0,3,229,14.31,0 (tie),213 (PuffingFishHQ)
light_gray_stained_glass_pane,0,1,0,0,0,0,0,0,0,0,0,0,0,0,5,0,6,0.38,0 (tie),5 (tinkfro)
light_gray_terracotta,0,5,0,0,0,9,0,0,0,1,106,0,3,33,131,158,446,27.88,0 (tie),158 (WhiteFyr)
light_gray_wool,0,2,0,0,0,4,0,0,1,0,0,0,13,0,0,0,20,1.25,0 (tie),13 (This_is_KB)
lightning_rod,0,0,0,14,10,0,0,0,0,4,1,0,0,0,0,0,29,1.81,0 (tie),14 (Blondskunk)
lilac,0,1,21,10,1,1,0,0,2,0,18,0,18,16,18,4,110,6.88,0 (tie),21 (Ash298)
lily_of_the_valley,0,6,12,23,0,25,0,52,2,2,8,3,0,20,23,3,179,11.19,0 (tie),52 (Jagiero)
lily_pad,0,0,1,23,0,0,0,0,0,0,15,0,10,0,1,0,50,3.13,0 (tie),23 (Blondskunk)
lime_bed,0,0,9,4,0,0,0,0,3,0,1,0,0,0,1,0,18,1.13,0 (tie),9 (Ash298)
lime_carpet,0,0,8,0,0,0,0,0,0,0,10,0,0,0,20,0,38,2.38,0 (tie),20 (tinkfro)
lime_shulker_box,0,0,0,151,0,0,0,0,0,0,0,0,1,0,95,8,255,15.94,0 (tie),151 (Blondskunk)
lime_stained_glass,0,0,6,0,0,0,0,0,0,0,1,0,11,0,6,109,133,8.31,0 (tie),109 (WhiteFyr)
lime_stained_glass_pane,0,0,0,19,0,0,0,0,0,0,39,0,15,0,1,79,153,9.56,0 (tie),79 (WhiteFyr)
lime_terracotta,0,0,0,0,0,0,0,0,0,0,0,0,52,0,0,0,52,3.25,0 (tie),52 (This_is_KB)
lodestone,0,0,0,0,0,0,0,0,0,0,0,0,0,0,3,0,3,0.19,0 (tie),3 (tinkfro)
loom,0,10,3,3,0,0,0,0,4,0,10,0,4,0,0,0,34,2.13,0 (tie),10 (tie)
magenta_shulker_box,0,0,0,0,0,0,0,0,0,0,0,0,0,0,81,0,81,5.06,0 (tie),81 (tinkfro)
magenta_stained_glass,0,2,7,5,0,0,0,0,2,0,4,0,3,6,8,0,37,2.31,0 (tie),8 (tinkfro)
magenta_terracotta,0,0,0,0,0,0,0,0,0,0,0,0,0,0,11,0,11,0.69,0 (tie),11 (tinkfro)
magenta_wall_banner,0,0,0,0,0,0,0,0,0,0,8,0,0,0,0,0,8,0.50,0 (tie),8 (PuffingFishHQ)
magma_block,0,17,0,428,1,90,3,1093,0,0,1356,1,84,25,201,38,3337,208.56,0 (tie),1356 (PuffingFishHQ)
mangrove_button,0,0,0,5,0,0,0,0,0,0,6,0,6,0,0,0,17,1.06,0 (tie),6 (tie)
mangrove_door,0,0,0,4,0,0,0,0,0,2,2,0,1,0,2,0,11,0.69,0 (tie),4 (Blondskunk)
mangrove_fence,0,1,0,114,0,0,0,9,0,0,71,0,49,0,0,0,244,15.25,0 (tie),114 (Blondskunk)
mangrove_fence_gate,0,6,0,8,0,0,0,2,0,0,2,0,4,0,0,0,22,1.38,0 (tie),8 (Blondskunk)
mangrove_leaves,1745,338,1609,5338,218,1,1019,25975,2580,1246,628,0,2544,4088,1207,2836,51372,3210.75,0 (squaremario),25975 (Jagiero)
mangrove_log,336,159,152,1688,217,1,680,2099,223,259,62,0,623,733,180,2486,9898,618.63,0 (squaremario),2486 (WhiteFyr)
mangrove_planks,0,1,51,99,1,0,4,140,0,0,4,0,45,12,69,56,482,30.13,0 (tie),140 (Jagiero)
mangrove_propagule,1,8,3,32,21,0,12,50,9,24,16,0,115,34,11,33,369,23.06,0 (tie),115 (This_is_KB)
mangrove_roots,217,276,307,1580,432,7,1371,4037,644,551,320,0,1287,1277,400,5162,17868,1116.75,0 (squaremario),5162 (WhiteFyr)
mangrove_sign,0,0,0,0,0,0,0,0,0,0,0,0,6,0,0,0,6,0.38,0 (tie),6 (This_is_KB)
mangrove_slab,0,0,11,46,0,0,0,494,14,0,0,0,188,0,4,941,1698,106.13,0 (tie),941 (WhiteFyr)
mangrove_stairs,0,4,1,29,1,0,0,54,9,0,2,0,125,0,8,22,255,15.94,0 (tie),125 (This_is_KB)
mangrove_trapdoor,0,0,4,48,0,0,0,66,0,0,0,0,94,0,13,14,239,14.94,0 (tie),94 (This_is_KB)
mangrove_wall_sign,0,0,0,0,0,0,0,0,0,0,0,0,3,0,5,0,8,0.50,0 (tie),5 (tinkfro)
mangrove_wood,0,0,0,0,0,0,0,0,0,15,22,0,0,0,0,20,57,3.56,0 (tie),22 (PuffingFishHQ)
medium_amethyst_bud,0,2,1,1,0,0,1,0,0,0,2,0,1,1,0,0,9,0.56,0 (tie),2 (tie)
melon,0,1,36,0,32,3,0,0,1,4,53,0,5,1,21,0,157,9.81,0 (tie),53 (PuffingFishHQ)
melon_stem,0,0,0,0,0,0,0,0,0,0,0,0,0,0,2,0,2,0.13,0 (tie),2 (tinkfro)
moss_block,61,447,456,1808,563,89,724,4427,34,7,26516,10,322,48,701,154,36367,2272.94,7 (KingZee),26516 (PuffingFishHQ)
moss_carpet,11,33,21,812,21,10,66,200,20,0,731,3,224,73,111,38,2374,148.38,0 (KingZee),812 (Blondskunk)
mossy_cobblestone,20,4,69,378,0,18,5,334,1,47,73,0,106,3,45,149,1252,78.25,0 (tie),378 (Blondskunk)
mossy_cobblestone_slab,0,1,0,20,0,0,0,3,0,0,3,0,26,0,1,0,54,3.38,0 (tie),26 (This_is_KB)
mossy_cobblestone_stairs,0,0,0,2,0,0,0,11,0,0,0,0,5,0,0,0,18,1.13,0 (tie),11 (Jagiero)
mossy_cobblestone_wall,0,0,0,2,0,0,0,4,0,0,0,0,0,0,0,0,6,0.38,0 (tie),4 (Jagiero)
mossy_stone_brick_slab,0,0,0,0,0,0,0,1,0,0,0,0,19,0,0,0,20,1.25,0 (tie),19 (This_is_KB)
mossy_stone_brick_stairs,0,0,0,0,0,0,0,9,0,0,0,0,5,0,0,0,14,0.88,0 (tie),9 (Jagiero)
mossy_stone_brick_wall,0,0,0,0,0,0,0,4,0,0,0,0,0,0,0,0,4,0.25,0 (tie),4 (Jagiero)
mossy_stone_bricks,0,0,6,13,0,11,0,512,0,0,6,0,55,0,2,3,608,38.00,0 (tie),512 (Jagiero)
mud,635,165,1067,6497,958,0,620,313,423,647,3796,0,1611,2587,2154,623,22096,1381.00,0 (tie),6497 (Blondskunk)
mud_brick_slab,0,0,0,49,0,0,0,0,0,0,4,0,1,0,1,0,55,3.44,0 (tie),49 (Blondskunk)
mud_brick_stairs,0,0,1,46,3,1,0,0,4,0,2,0,10,7,1,4,79,4.94,0 (tie),46 (Blondskunk)
mud_brick_wall,0,0,0,62,0,0,0,0,6,0,0,0,0,0,6,0,74,4.63,0 (tie),62 (Blondskunk)
mud_bricks,2,0,32,211,2,12,0,7,8,0,139,0,0,0,14,103,530,33.13,0 (tie),211 (Blondskunk)
muddy_mangrove_roots,83,64,43,190,76,0,1,12,0,90,3,0,1,219,189,31,1002,62.63,0 (tie),219 (ThisIsDoom)
mushroom_stem,123,10,19,34,0,0,11,0,0,0,216,0,240,0,65,18,736,46.00,0 (tie),240 (This_is_KB)
mycelium,0,0,0,0,0,67,0,0,0,0,0,0,0,0,0,0,67,4.19,0 (tie),67 (HughBone)
nether_brick_fence,0,0,0,18,30,0,1,3,5,0,55,0,0,7,8,26,153,9.56,0 (tie),55 (PuffingFishHQ)
nether_brick_slab,0,1,0,3,0,0,0,0,0,0,0,0,0,0,0,0,4,0.25,0 (tie),3 (Blondskunk)
nether_brick_stairs,0,0,0,2,0,0,0,0,0,0,37,0,0,0,1,0,40,2.50,0 (tie),37 (PuffingFishHQ)
nether_bricks,0,10,0,207,203,76,0,6,15,0,400,0,5,22,30,625,1599,99.94,0 (tie),625 (WhiteFyr)
nether_gold_ore,0,1,0,34,13,29,0,3,22,104,545,0,110,54,28,153,1096,68.50,0 (tie),545 (PuffingFishHQ)
nether_quartz_ore,61,460,113,12300,883,617,1,197,5,72,757,0,2359,935,182,159,19101,1193.81,0 (squaremario),12300 (Blondskunk)
nether_sprouts,0,1,0,0,0,108,3,0,0,0,4,0,22,1,1,3,143,8.94,0 (tie),108 (HughBone)
nether_wart,0,0,0,0,0,12,0,3,0,0,21,0,31,59,0,90,216,13.50,0 (tie),90 (WhiteFyr)
nether_wart_block,0,143,4,19,8,98,28,0,4,0,161,0,157,19,5,0,646,40.38,0 (tie),161 (PuffingFishHQ)
netherrack,348,1149,1499,10378,396,6384,449,3647,1249,122,17926,0,34765,2342,4569,12390,97613,6100.81,0 (squaremario),34765 (This_is_KB)
note_block,0,0,4,0,0,0,0,0,0,0,7,0,1,0,7,0,19,1.19,0 (tie),7 (tie)
oak_button,0,0,0,0,0,0,0,0,0,0,2,0,7,0,4,0,13,0.81,0 (tie),7 (This_is_KB)
oak_door,0,1,5,4,1,6,0,0,0,0,4,0,0,0,18,2,41,2.56,0 (tie),18 (tinkfro)
oak_fence,2,17,6,23,0,179,54,0,8,8,25,0,91,4,569,0,986,61.63,0 (tie),569 (tinkfro)
oak_fence_gate,0,0,0,6,0,0,0,0,0,0,2,0,4,0,4,0,16,1.00,0 (tie),6 (Blondskunk)
oak_hanging_sign,0,0,0,0,0,0,0,0,0,0,12,0,0,0,0,0,12,0.75,0 (tie),12 (PuffingFishHQ)
oak_leaves,442,1355,1653,2134,499,1297,454,219,373,277,5164,4,3091,1620,1785,325,20692,1293.25,4 (squaremario),5164 (PuffingFishHQ)
oak_log,1267,1602,1712,3405,480,1743,764,161,276,356,5088,45,6956,376,1388,1213,26832,1677.00,45 (squaremario),6956 (This_is_KB)
oak_planks,0,214,426,155,21,324,38,1,99,28,126,0,109,13,138,63,1755,109.69,0 (tie),426 (Ash298)
oak_sapling,2,0,24,1,0,0,9,0,5,0,6,0,5,37,0,2,91,5.69,0 (tie),37 (ThisIsDoom)
oak_sign,0,3,1,25,0,0,0,0,1,1,23,0,9,0,10,8,81,5.06,0 (tie),25 (Blondskunk)
oak_slab,0,250,17,3,2,209,0,0,3,0,80,0,35,0,196,0,795,49.69,0 (tie),250 (Artorvian)
oak_stairs,0,102,246,129,11,81,0,3,61,0,85,0,5,0,124,51,898,56.13,0 (tie),246 (Ash298)
oak_trapdoor,1,21,38,50,14,54,0,9,21,0,50,0,21,0,166,2,447,27.94,0 (tie),166 (tinkfro)
oak_wall_hanging_sign,0,0,0,0,0,0,0,0,0,0,2,0,0,0,0,0,2,0.13,0 (tie),2 (PuffingFishHQ)
oak_wall_sign,0,8,1,27,23,7,0,1,15,1,36,0,24,3,83,16,245,15.31,0 (tie),83 (tinkfro)
oak_wood,0,0,73,0,0,0,0,0,0,0,2,0,0,0,3,0,78,4.88,0 (tie),73 (Ash298)
observer,1,0,45,0,5,83,0,10,6,0,117,0,0,0,29,0,296,18.50,0 (tie),117 (PuffingFishHQ)
obsidian,128,86,44,288,12,276,16,197,18,41,994,0,471,20,267,145,3003,187.69,0 (squaremario),994 (PuffingFishHQ)
ochre_froglight,66,0,10,180,0,0,0,0,0,0,17,0,45,0,40,4,362,22.63,0 (tie),180 (Blondskunk)
orange_bed,2,0,0,104,0,1,0,0,0,0,0,0,0,0,0,1,108,6.75,0 (tie),104 (Blondskunk)
orange_carpet,0,1,0,1,0,0,0,0,0,0,0,0,0,0,0,0,2,0.13,0 (tie),1 (tie)
orange_shulker_box,1,0,0,113,0,0,0,0,0,25,0,0,0,0,180,1,320,20.00,0 (tie),180 (tinkfro)
orange_stained_glass_pane,0,0,1,35,0,0,0,0,0,0,0,0,0,0,0,0,36,2.25,0 (tie),35 (Blondskunk)
orange_terracotta,0,10,0,191,2,29,0,0,0,6,1710,0,579,246,544,0,3317,207.31,0 (tie),1710 (PuffingFishHQ)
orange_tulip,0,12,43,32,26,31,0,7,5,14,77,0,13,20,25,5,310,19.38,0 (tie),77 (PuffingFishHQ)
orange_wool,0,0,0,0,0,0,0,0,0,0,0,0,29,0,0,0,29,1.81,0 (tie),29 (This_is_KB)
oxeye_daisy,2,6,13,48,0,16,0,5,4,0,1,0,11,29,21,11,167,10.44,0 (tie),48 (Blondskunk)
oxidized_copper,0,19,0,0,54,0,0,0,0,123,449,0,0,192,0,0,837,52.31,0 (tie),449 (PuffingFishHQ)
oxidized_copper_bulb,0,0,0,0,0,0,0,0,0,0,3,0,0,0,0,0,3,0.19,0 (tie),3 (PuffingFishHQ)
oxidized_copper_trapdoor,0,0,0,0,0,0,0,0,0,3,6,0,0,0,0,0,9,0.56,0 (tie),6 (PuffingFishHQ)
oxidized_cut_copper,0,52,2,0,0,0,0,0,0,0,2,0,0,0,0,0,56,3.50,0 (tie),52 (Artorvian)
oxidized_cut_copper_slab,0,0,0,0,2,0,0,0,0,0,0,0,0,2,0,0,4,0.25,0 (tie),2 (tie)
oxidized_cut_copper_stairs,0,0,0,0,0,0,0,0,0,0,10,0,0,17,0,0,27,1.69,0 (tie),17 (ThisIsDoom)
packed_ice,154,0,0,1640,0,0,0,0,1,95,4884,0,3,0,304,1,7082,442.63,0 (tie),4884 (PuffingFishHQ)
packed_mud,0,0,98,113,32,3,10,31,6,0,108,0,8,1,7,48,465,29.06,0 (tie),113 (Blondskunk)
pearlescent_froglight,0,0,0,10,0,0,0,0,0,0,1,0,0,0,23,0,34,2.13,0 (tie),23 (tinkfro)
peony,0,13,11,17,4,50,1,0,1,0,42,0,4,32,21,4,200,12.50,0 (tie),50 (HughBone)
pink_bed,0,0,0,1,0,0,0,0,0,0,5,0,81,0,0,0,87,5.44,0 (tie),81 (This_is_KB)
pink_concrete_powder,0,0,0,0,0,0,0,0,0,0,0,0,50,0,1,0,51,3.19,0 (tie),50 (This_is_KB)
pink_petals,28,0,0,346,0,0,0,0,0,2,121,0,466,0,4,2,969,60.56,0 (tie),466 (This_is_KB)
pink_shulker_box,0,0,0,0,0,0,0,0,0,0,14,0,166,0,0,0,180,11.25,0 (tie),166 (This_is_KB)
pink_stained_glass,0,0,0,0,0,0,0,0,0,0,7,0,0,0,0,0,7,0.44,0 (tie),7 (PuffingFishHQ)
pink_stained_glass_pane,0,0,0,0,0,0,0,0,0,0,0,0,352,0,0,0,352,22.00,0 (tie),352 (This_is_KB)
pink_tulip,0,6,12,73,0,29,0,0,0,107,2,0,0,2,3,2,236,14.75,0 (tie),107 (KingZee)
pink_wool,0,0,0,0,0,0,0,0,0,27,0,0,8,0,0,0,35,2.19,0 (tie),27 (KingZee)
piston,0,0,7,4,5,8,0,9,21,3,72,0,30,0,20,0,179,11.19,0 (tie),72 (PuffingFishHQ)
piston_head,1,0,0,0,0,1,0,0,2,0,6,0,27,0,1,0,38,2.38,0 (tie),27 (This_is_KB)
pitcher_crop,0,0,0,21,0,0,0,0,0,0,0,0,0,0,0,0,21,1.31,0 (tie),21 (Blondskunk)
pitcher_plant,0,0,0,3,0,0,0,0,0,0,0,0,0,0,0,0,3,0.19,0 (tie),3 (Blondskunk)
player_head,3,91,16,52,4,10,0,0,25,3,4,0,38,0,81,3,330,20.63,0 (tie),91 (Artorvian)
player_wall_head,0,20,9,14,2,6,3,1,9,9,15,0,24,0,15,6,133,8.31,0 (tie),24 (This_is_KB)
podzol,0,0,246,407,5,158,9,1,156,58,888,0,829,0,1808,167,4732,295.75,0 (tie),1808 (tinkfro)
pointed_dripstone,13,29,157,62,12,93,14,47,23,8,323,2,49,109,121,173,1235,77.19,2 (squaremario),323 (PuffingFishHQ)
polished_andesite,10,0,0,158,0,60,0,0,1,4,360,0,13,0,14,2,622,38.88,0 (tie),360 (PuffingFishHQ)
polished_andesite_slab,0,0,0,44,1,33,0,0,4,0,608,0,0,0,11,0,701,43.81,0 (tie),608 (PuffingFishHQ)
polished_andesite_stairs,0,0,1,99,0,18,0,0,0,0,101,0,4,0,22,25,270,16.88,0 (tie),101 (PuffingFishHQ)
polished_basalt,0,0,0,0,0,24,0,0,0,2,15,0,2,0,28,0,71,4.44,0 (tie),28 (tinkfro)
polished_blackstone,0,0,0,1,0,0,0,0,0,0,3,0,36,0,4,0,44,2.75,0 (tie),36 (This_is_KB)
polished_blackstone_brick_slab,0,5,0,0,0,0,0,41,0,0,0,0,0,0,0,0,46,2.88,0 (tie),41 (Jagiero)
polished_blackstone_brick_stairs,0,0,0,0,0,0,0,12,0,0,1,0,3,0,8,0,24,1.50,0 (tie),12 (Jagiero)
polished_blackstone_brick_wall,0,2,1,0,0,1,0,4,0,0,0,0,9,0,14,0,31,1.94,0 (tie),14 (tinkfro)
polished_blackstone_bricks,0,0,66,120,0,83,0,101,0,0,9,0,17,0,653,47,1096,68.50,0 (tie),653 (tinkfro)
polished_blackstone_button,0,0,0,0,0,0,0,0,0,0,2,0,0,0,12,0,14,0.88,0 (tie),12 (tinkfro)
polished_blackstone_pressure_plate,0,0,0,1,0,0,0,0,0,0,0,0,0,0,0,0,1,0.06,0 (tie),1 (Blondskunk)
polished_blackstone_slab,0,0,0,39,0,0,1,0,0,0,1,0,13,0,1,0,55,3.44,0 (tie),39 (Blondskunk)
polished_blackstone_stairs,0,0,0,0,0,0,0,0,0,1,0,0,15,0,0,0,16,1.00,0 (tie),15 (This_is_KB)
polished_blackstone_wall,0,0,0,0,0,0,0,0,0,0,3,0,0,0,18,0,21,1.31,0 (tie),18 (tinkfro)
polished_deepslate,19,2,0,229,10,10,0,39,1,0,123,0,2,0,28,461,924,57.75,0 (tie),461 (WhiteFyr)
polished_deepslate_slab,5,1,0,148,0,0,0,3,2,0,315,0,4,0,1,219,698,43.63,0 (tie),315 (PuffingFishHQ)
polished_deepslate_stairs,5,4,0,5,0,0,0,0,3,0,2,0,2,0,4,33,58,3.63,0 (tie),33 (WhiteFyr)
polished_deepslate_wall,0,1,4,0,0,0,0,0,0,0,0,0,0,0,0,0,5,0.31,0 (tie),4 (Ash298)
polished_diorite,0,3,23,10,3,4,0,0,0,2,1,0,5,0,142,45,238,14.88,0 (tie),142 (tinkfro)
polished_diorite_slab,0,0,9,9,0,0,0,0,0,0,0,0,0,0,20,2,40,2.50,0 (tie),20 (tinkfro)
polished_diorite_stairs,0,2,1,1,0,0,0,0,0,0,0,0,0,0,52,5,61,3.81,0 (tie),52 (tinkfro)
polished_granite,0,2,0,6,0,9,0,0,0,0,4,0,0,0,4,0,25,1.56,0 (tie),9 (HughBone)
polished_tuff,33,0,0,0,0,0,0,0,0,0,22,0,6,0,0,0,61,3.81,0 (tie),33 (AllOutJay)
polished_tuff_slab,9,0,0,0,0,0,0,0,0,0,36,0,5,0,0,0,50,3.13,0 (tie),36 (PuffingFishHQ)
polished_tuff_stairs,16,0,0,0,0,0,0,0,0,0,0,0,0,0,0,0,16,1.00,0 (tie),16 (AllOutJay)
poppy,0,290,13,42,27,9,28,59,4,2,33,0,120,115,67,53,862,53.88,0 (tie),290 (Artorvian)
potatoes,7,399,667,533,6,13,46,33,593,0,177,0,16,57,194,531,3272,204.50,0 (tie),667 (Ash298)
potted_blue_orchid,0,0,0,1,0,0,0,0,0,0,0,0,1,0,0,0,2,0.13,0 (tie),1 (tie)
potted_cactus,0,0,3,0,0,0,0,0,0,0,0,0,0,9,0,0,12,0.75,0 (tie),9 (ThisIsDoom)
potted_cherry_sapling,0,0,0,1,0,0,0,0,0,0,0,0,0,0,0,0,1,0.06,0 (tie),1 (Blondskunk)
potted_cornflower,0,0,0,1,0,0,0,0,0,0,0,0,0,0,0,0,1,0.06,0 (tie),1 (Blondskunk)
potted_dead_bush,0,0,0,0,0,0,0,0,0,0,0,0,0,5,0,0,5,0.31,0 (tie),5 (ThisIsDoom)
potted_fern,0,0,0,2,0,0,0,0,0,0,0,0,0,0,0,0,2,0.13,0 (tie),2 (Blondskunk)
potted_flowering_azalea_bush,0,0,1,0,0,0,0,0,0,0,0,0,0,0,0,0,1,0.06,0 (tie),1 (Ash298)
potted_lily_of_the_valley,0,0,0,1,0,0,0,0,0,0,0,0,0,0,1,0,2,0.13,0 (tie),1 (tie)
potted_oxeye_daisy,0,0,0,1,0,0,0,0,0,0,0,0,0,0,0,0,1,0.06,0 (tie),1 (Blondskunk)
potted_red_tulip,0,0,0,0,0,0,0,0,0,0,0,0,0,0,2,0,2,0.13,0 (tie),2 (tinkfro)
potted_spruce_sapling,0,0,0,0,0,0,0,0,0,1,0,0,0,0,0,0,1,0.06,0 (tie),1 (KingZee)
powder_snow,82,0,0,110,21,0,0,0,0,0,0,0,8,0,11,0,232,14.50,0 (tie),110 (Blondskunk)
powered_rail,0,0,16,6,3,4,0,3,0,132,143,0,30,5,27,0,369,23.06,0 (tie),143 (PuffingFishHQ)
prismarine,0,0,39,0,0,18,0,2,0,0,4,0,0,0,36,0,99,6.19,0 (tie),39 (Ash298)
prismarine_bricks,0,0,1,0,0,31,0,63,0,0,10,0,0,0,1,0,106,6.63,0 (tie),63 (Jagiero)
prismarine_slab,0,0,0,0,0,0,0,0,0,0,0,0,0,0,6,0,6,0.38,0 (tie),6 (tinkfro)
prismarine_stairs,0,0,0,0,0,0,0,0,0,0,0,0,0,0,4,0,4,0.25,0 (tie),4 (tinkfro)
prismarine_wall,0,0,0,0,0,0,0,0,0,0,0,0,0,0,1,0,1,0.06,0 (tie),1 (tinkfro)
pumpkin,0,224,19,19,29,1,0,13,6,1,180,0,48,1,137,13,691,43.19,0 (tie),224 (Artorvian)
pumpkin_stem,0,0,0,0,0,0,0,0,0,0,13,0,6,0,0,0,19,1.19,0 (tie),13 (PuffingFishHQ)
purple_glazed_terracotta,0,0,0,4,0,0,0,0,0,0,0,0,0,0,0,0,4,0.25,0 (tie),4 (Blondskunk)
purple_shulker_box,1,0,0,40,0,0,0,0,0,0,3,0,0,0,0,0,44,2.75,0 (tie),40 (Blondskunk)
purple_stained_glass_pane,0,0,0,1,0,0,0,0,0,0,0,0,0,0,0,0,1,0.06,0 (tie),1 (Blondskunk)
purple_wall_banner,0,0,0,0,1,0,0,0,0,0,0,0,0,0,0,0,1,0.06,0 (tie),1 (BrokenPixelSK)
purpur_block,5,11,14,96,0,0,0,0,52,0,133,0,103,71,59,0,544,34.00,0 (tie),133 (PuffingFishHQ)
purpur_pillar,2,2,13,8,0,0,0,0,11,0,35,0,1,39,5,0,116,7.25,0 (tie),39 (ThisIsDoom)
purpur_slab,0,0,6,3,0,0,0,0,4,0,14,0,0,6,7,0,40,2.50,0 (tie),14 (PuffingFishHQ)
purpur_stairs,4,1,1,7,0,1,0,0,5,0,16,0,4,6,3,0,48,3.00,0 (tie),16 (PuffingFishHQ)
quartz_block,0,1,0,0,0,0,0,0,0,2,26,0,534,0,6,0,569,35.56,0 (tie),534 (This_is_KB)
quartz_bricks,0,0,0,70,0,0,0,0,0,0,0,0,3,0,0,0,73,4.56,0 (tie),70 (Blondskunk)
quartz_pillar,0,0,0,8,0,0,0,0,0,0,0,0,53,0,2,0,63,3.94,0 (tie),53 (This_is_KB)
quartz_slab,0,7,0,0,0,0,0,0,0,0,4,0,299,0,2,0,312,19.50,0 (tie),299 (This_is_KB)
quartz_stairs,0,19,0,0,0,3,0,0,0,0,10,0,67,0,0,0,99,6.19,0 (tie),67 (This_is_KB)
rail,0,1,87,24,13,417,0,0,361,718,1131,0,123,58,8,10,2951,184.44,0 (tie),1131 (PuffingFishHQ)
raw_copper_block,0,0,4,0,0,3,0,0,0,0,0,0,0,1,33,3,44,2.75,0 (tie),33 (tinkfro)
raw_gold_block,0,0,1,0,0,0,0,0,0,0,0,0,0,0,3,0,4,0.25,0 (tie),3 (tinkfro)
raw_iron_block,0,0,5,1,2,3,2,4,0,0,4,0,0,1,2,1,25,1.56,0 (tie),5 (Ash298)
red_bed,0,0,0,0,49,0,0,0,0,0,18,0,25,0,3,0,95,5.94,0 (tie),49 (BrokenPixelSK)
red_candle,0,0,0,0,0,0,0,0,0,0,0,0,0,0,1,0,1,0.06,0 (tie),1 (tinkfro)
red_carpet,0,0,0,5,4,4,0,0,1,0,0,0,1,7,4,5,31,1.94,0 (tie),7 (ThisIsDoom)
red_concrete,0,0,0,0,64,0,0,0,0,0,8,0,0,0,189,0,261,16.31,0 (tie),189 (tinkfro)
red_concrete_powder,0,0,0,0,0,0,0,8,0,0,0,0,0,0,2,0,10,0.63,0 (tie),8 (Jagiero)
red_mushroom,0,0,0,6,0,0,0,0,0,0,24,0,0,0,52,0,82,5.13,0 (tie),52 (tinkfro)
red_mushroom_block,0,45,161,3,0,0,0,0,0,0,130,0,1741,0,52,90,2222,138.88,0 (tie),1741 (This_is_KB)
red_sand,0,168,0,0,0,3,0,7,0,2,18,0,0,46,420,0,664,41.50,0 (tie),420 (tinkfro)
red_sandstone,0,1,0,0,0,0,0,0,0,0,0,0,0,0,1,0,2,0.13,0 (tie),1 (tie)
red_shulker_box,13,0,0,98,0,6,0,0,1,0,11,0,71,0,256,98,554,34.63,0 (tie),256 (tinkfro)
red_stained_glass,0,1,2,0,0,0,0,6,0,0,0,0,3,0,3,0,15,0.94,0 (tie),6 (Jagiero)
red_terracotta,0,17,0,2,0,328,0,0,0,1,1982,0,1451,4444,0,0,8225,514.06,0 (tie),4444 (ThisIsDoom)
red_tulip,18,11,26,60,17,16,0,43,5,21,30,0,10,8,85,3,353,22.06,0 (tie),85 (tinkfro)
red_wool,0,0,0,12,0,0,0,0,0,358,0,0,242,0,1,0,613,38.31,0 (tie),358 (KingZee)
redstone_block,0,2,7,0,0,1,0,0,2,3,276,0,2,0,13,0,306,19.13,0 (tie),276 (PuffingFishHQ)
redstone_lamp,0,20,0,0,0,0,0,0,0,0,6,0,0,0,69,0,95,5.94,0 (tie),69 (tinkfro)
redstone_ore,0,37,14,2,0,17,13,26,0,8,30,0,28,30,67,105,377,23.56,0 (tie),105 (WhiteFyr)
redstone_torch,0,0,7,2,0,11,0,2,4,14,39,0,0,0,13,0,92,5.75,0 (tie),39 (PuffingFishHQ)
redstone_wall_torch,2,1,11,5,6,0,0,0,0,5,44,0,0,0,5,0,79,4.94,0 (tie),44 (PuffingFishHQ)
redstone_wire,0,52,269,2,6,113,0,11,11,0,222,0,50,0,144,0,880,55.00,0 (tie),269 (Ash298)
reinforced_deepslate,0,0,1,0,0,0,0,0,0,0,0,0,0,0,0,0,1,0.06,0 (tie),1 (Ash298)
repeater,0,8,23,6,0,6,0,27,3,0,52,0,26,0,27,0,178,11.13,0 (tie),52 (PuffingFishHQ)
rooted_dirt,2,0,2,148,0,0,0,0,1,18,128,0,1096,7,3,0,1405,87.81,0 (tie),1096 (This_is_KB)
rose_bush,0,4,3,34,15,48,0,7,2,0,28,0,4,0,30,2,177,11.06,0 (tie),48 (HughBone)
sand,219,881,5351,5930,688,4222,877,6646,519,2850,6942,0,10433,3206,1841,6870,57475,3592.19,0 (squaremario),10433 (This_is_KB)
sandstone,9,0,1108,1960,9,228,1051,28,0,67,6543,0,3,22,64,3,11095,693.44,0 (tie),6543 (PuffingFishHQ)
sandstone_slab,0,0,13,0,0,0,3,0,0,0,35,0,0,0,0,0,51,3.19,0 (tie),35 (PuffingFishHQ)
sandstone_stairs,0,0,2,4,2,0,0,0,0,0,4,0,0,0,0,0,12,0.75,0 (tie),4 (tie)
scaffolding,48,18,67,1452,126,301,1,1498,286,422,664,0,4415,190,374,239,10101,631.31,0 (squaremario),4415 (This_is_KB)
sculk,16,217,564,3,0,1786,71,3025,14,3,1077,3,213,13,511,6655,14171,885.69,0 (BrokenPixelSK),6655 (WhiteFyr)
sculk_catalyst,0,5,9,4,0,2,0,5,0,0,8,0,0,1,73,7,114,7.13,0 (tie),73 (tinkfro)
sculk_sensor,1,58,24,7,0,8,2,32,1,0,101,0,0,5,302,32,573,35.81,0 (tie),302 (tinkfro)
sculk_shrieker,0,12,3,1,0,2,0,4,0,0,18,0,0,2,57,3,102,6.38,0 (tie),57 (tinkfro)
sculk_vein,2,60,76,0,0,156,2,202,3,0,12,0,1,0,95,244,853,53.31,0 (tie),244 (WhiteFyr)
sea_lantern,2,0,0,0,0,17,0,0,0,0,3,0,0,0,6,0,28,1.75,0 (tie),17 (HughBone)
sea_pickle,0,36,0,48,3,0,0,7,0,0,91,0,4,57,33,0,279,17.44,0 (tie),91 (PuffingFishHQ)
seagrass,8,21,94,64,20,17,0,123,16,1,102,0,58,231,23,3,781,48.81,0 (tie),231 (ThisIsDoom)
short_grass,64,631,909,2594,0,0,388,1481,294,297,3204,101,5350,0,1573,1309,18195,1137.19,0 (tie),5350 (This_is_KB)
shroomlight,0,70,15,24,0,24,21,0,2,6,99,0,2,30,64,0,357,22.31,0 (tie),99 (PuffingFishHQ)
shulker_box,78,1,272,446,0,66,0,0,63,0,925,0,287,7,219,1014,3378,211.13,0 (tie),1014 (WhiteFyr)
skeleton_skull,0,0,0,0,0,0,0,0,0,0,0,0,0,0,5,0,5,0.31,0 (tie),5 (tinkfro)
slime_block,0,0,0,0,0,2,0,0,0,0,128,0,0,0,10,1,141,8.81,0 (tie),128 (PuffingFishHQ)
small_amethyst_bud,0,4,0,0,0,0,0,0,0,0,0,0,1,4,2,0,11,0.69,0 (tie),4 (tie)
small_dripleaf,0,1,0,1,0,0,0,0,1,0,0,0,14,2,3,0,22,1.38,0 (tie),14 (This_is_KB)
smithing_table,0,0,0,1,0,0,0,0,0,0,3,0,0,0,0,1,5,0.31,0 (tie),3 (PuffingFishHQ)
smoker,4,0,0,1,1,0,0,1,7,1,0,0,0,2,1,0,18,1.13,0 (tie),7 (JustinL94)
smooth_basalt,38,345,3,50,214,20,237,474,2,185,479,0,6,61,23,335,2472,154.50,0 (squaremario),479 (PuffingFishHQ)
smooth_quartz,12,4,0,29,1,0,0,0,0,0,0,0,178,0,436,0,660,41.25,0 (tie),436 (tinkfro)
smooth_quartz_slab,4,1,0,11,0,0,0,0,0,0,22,0,37,0,23,0,98,6.13,0 (tie),37 (This_is_KB)
smooth_quartz_stairs,2,22,0,17,0,0,0,0,0,0,3,0,5,0,105,0,154,9.63,0 (tie),105 (tinkfro)
smooth_red_sandstone,0,5,0,0,0,0,0,0,0,0,0,0,0,0,9,0,14,0.88,0 (tie),9 (tinkfro)
smooth_sandstone,0,0,0,16,7,0,2,0,0,0,106,0,0,0,8,0,139,8.69,0 (tie),106 (PuffingFishHQ)
smooth_sandstone_slab,0,0,0,0,0,0,0,0,0,0,91,0,0,0,13,0,104,6.50,0 (tie),91 (PuffingFishHQ)
smooth_sandstone_stairs,0,0,0,1,1,0,0,0,0,0,32,0,0,0,2,0,36,2.25,0 (tie),32 (PuffingFishHQ)
smooth_stone,1,2,11,41,0,2,0,0,63,0,254,0,91,0,55,0,520,32.50,0 (tie),254 (PuffingFishHQ)
smooth_stone_slab,1,0,0,1887,0,4,0,0,8,22,366,0,656,0,13,0,2957,184.81,0 (tie),1887 (Blondskunk)
snow,44,0,0,5,0,10,0,0,0,0,1317,0,15,0,888,0,2279,142.44,0 (tie),1317 (PuffingFishHQ)
snow_block,112,1,0,36,0,4,0,0,0,0,75,0,86,0,7,0,321,20.06,0 (tie),112 (AllOutJay)
soul_campfire,0,0,0,0,0,0,0,0,0,0,1,0,0,0,7,0,8,0.50,0 (tie),7 (tinkfro)
soul_fire,4,50,2,5,8,6,21,0,2,0,18,0,15,10,13,0,154,9.63,0 (tie),50 (Artorvian)
soul_lantern,0,0,3,1,0,3,0,0,0,0,0,0,0,0,2,0,9,0.56,0 (tie),3 (tie)
soul_sand,0,0,2,115,15,341,0,3,69,0,3476,0,495,35,43,103,4697,293.56,0 (tie),3476 (PuffingFishHQ)
soul_soil,0,0,14,38,0,159,8,0,35,1,972,0,97,91,896,11,2322,145.13,0 (tie),972 (PuffingFishHQ)
soul_torch,0,0,0,0,0,0,0,0,0,0,0,0,14,0,0,0,14,0.88,0 (tie),14 (This_is_KB)
spawner,2,3,0,0,0,4,0,0,0,0,0,0,0,1,12,0,22,1.38,0 (tie),12 (tinkfro)
sponge,0,0,0,0,0,0,0,0,0,0,6,0,0,0,56,0,62,3.88,0 (tie),56 (tinkfro)
spore_blossom,1,0,2,16,0,0,0,0,1,0,0,0,54,4,11,0,89,5.56,0 (tie),54 (This_is_KB)
spruce_button,0,2,1,15,0,1,0,0,0,0,0,0,12,0,0,0,31,1.94,0 (tie),15 (Blondskunk)
spruce_door,0,8,0,1,1,0,0,0,1,2,2,0,7,0,4,0,26,1.63,0 (tie),8 (Artorvian)
spruce_fence,0,6,37,89,1,4,22,0,64,24,48,0,39,1,67,175,577,36.06,0 (tie),175 (WhiteFyr)
spruce_fence_gate,0,0,18,2,0,0,0,0,3,3,14,0,9,0,9,1,59,3.69,0 (tie),18 (Ash298)
spruce_hanging_sign,0,0,0,1,0,0,0,0,0,0,0,0,0,0,0,1,2,0.13,0 (tie),1 (tie)
spruce_leaves,20,191,56,172,3,3,37,466,64,258,602,0,242,283,82,276,2755,172.19,0 (squaremario),602 (PuffingFishHQ)
spruce_log,453,645,1900,3274,791,244,657,1936,1601,1184,3429,0,1040,515,3524,7231,28424,1776.50,0 (squaremario),7231 (WhiteFyr)
spruce_planks,3,20,75,381,21,1,33,6,20,113,45,0,3,0,196,83,1000,62.50,0 (tie),381 (Blondskunk)
spruce_pressure_plate,0,0,0,0,0,0,0,0,0,0,4,0,0,0,1,4,9,0.56,0 (tie),4 (tie)
spruce_sapling,2,17,1,8,0,5,23,9,5,8,11,0,4,28,26,8,155,9.69,0 (tie),28 (ThisIsDoom)
spruce_sign,0,0,0,10,0,0,1,0,2,3,1,0,2,0,4,2,25,1.56,0 (tie),10 (Blondskunk)
spruce_slab,0,10,122,150,31,0,144,0,9,3,78,0,4,10,113,117,791,49.44,0 (tie),150 (Blondskunk)
spruce_stairs,0,31,91,116,6,1,22,0,13,1,36,0,16,0,141,144,618,38.63,0 (tie),144 (WhiteFyr)
spruce_trapdoor,0,40,86,167,20,2,32,11,21,1,193,0,61,10,224,9,877,54.81,0 (tie),224 (tinkfro)
spruce_wall_hanging_sign,1,0,0,1,0,0,0,0,0,0,0,0,0,0,0,0,2,0.13,0 (tie),1 (tie)
spruce_wall_sign,1,2,3,131,1,3,1,0,22,0,3,0,10,0,8,68,253,15.81,0 (tie),131 (Blondskunk)
spruce_wood,0,0,58,0,0,0,0,0,0,1,71,0,0,0,30,3,163,10.19,0 (tie),71 (PuffingFishHQ)
sticky_piston,2,8,82,0,0,83,0,0,1,0,86,0,0,0,13,0,275,17.19,0 (tie),86 (PuffingFishHQ)
stone,12353,1554,7540,28247,2815,5782,2019,22737,9244,6733,37707,288,26319,3131,54576,309163,530208,33138.00,288 (squaremario),309163 (WhiteFyr)
stone_brick_slab,0,2,1,218,0,0,0,8,154,0,110,0,5,0,113,7,618,38.63,0 (tie),218 (Blondskunk)
stone_brick_stairs,0,1,15,185,0,4,0,2,1,1,57,0,4,0,197,0,467,29.19,0 (tie),197 (tinkfro)
stone_brick_wall,0,1,0,12,0,3,0,0,6,0,17,0,0,0,162,0,201,12.56,0 (tie),162 (tinkfro)
stone_bricks,10,3,26,449,0,107,1,39,155,1,733,0,81,0,367,50,2022,126.38,0 (tie),733 (PuffingFishHQ)
stone_button,0,0,3,9,0,0,0,0,64,3,8,0,5,0,22,0,114,7.13,0 (tie),64 (JustinL94)
stone_pressure_plate,0,0,0,2,1,3,0,0,0,0,8,0,0,0,4,3,21,1.31,0 (tie),8 (PuffingFishHQ)
stone_slab,5,0,0,132,6,0,0,465,9,34,434,0,14,0,3,15,1117,69.81,0 (tie),465 (Jagiero)
stone_stairs,2,0,2,23,0,0,0,0,0,8,74,0,3,0,18,17,147,9.19,0 (tie),74 (PuffingFishHQ)
stonecutter,6,3,8,24,6,4,0,11,0,9,16,0,36,0,7,4,134,8.38,0 (tie),36 (This_is_KB)
stripped_acacia_log,0,34,0,8,0,0,0,0,0,0,14,0,0,0,1,0,57,3.56,0 (tie),34 (Artorvian)
stripped_bamboo_block,0,0,0,0,0,0,0,0,0,0,1,0,0,0,0,0,1,0.06,0 (tie),1 (PuffingFishHQ)
stripped_birch_log,0,1,0,177,0,0,0,0,0,0,262,0,0,9,1,0,450,28.13,0 (tie),262 (PuffingFishHQ)
stripped_cherry_log,0,0,0,0,0,0,0,0,0,0,2,0,125,0,0,0,127,7.94,0 (tie),125 (This_is_KB)
stripped_crimson_stem,0,0,0,6,0,1,0,0,0,0,0,0,0,0,0,0,7,0.44,0 (tie),6 (Blondskunk)
stripped_dark_oak_log,0,667,184,591,0,0,0,1159,0,8,22,0,66,0,2,48,2747,171.69,0 (tie),1159 (Jagiero)
stripped_dark_oak_wood,0,300,0,70,0,0,0,9,0,1,6,0,0,0,0,0,386,24.13,0 (tie),300 (Artorvian)
stripped_jungle_log,0,32,36,0,0,0,0,0,0,0,39,0,41,0,0,0,148,9.25,0 (tie),41 (This_is_KB)
stripped_jungle_wood,0,0,4,0,0,0,0,0,0,0,0,0,98,0,0,0,102,6.38,0 (tie),98 (This_is_KB)
stripped_mangrove_log,0,12,6,55,99,0,0,309,0,0,0,0,154,7,6,59,707,44.19,0 (tie),309 (Jagiero)
stripped_mangrove_wood,0,0,0,17,0,0,0,0,0,0,0,0,37,0,0,5,59,3.69,0 (tie),37 (This_is_KB)
stripped_oak_log,0,21,17,23,123,14,0,1,1,0,115,0,0,711,1,0,1027,64.19,0 (tie),711 (ThisIsDoom)
stripped_oak_wood,0,0,41,0,0,0,0,0,0,0,0,0,0,0,1,0,42,2.63,0 (tie),41 (Ash298)
stripped_spruce_log,0,359,56,318,258,0,0,0,2,33,63,0,0,769,151,209,2218,138.63,0 (tie),769 (ThisIsDoom)
stripped_spruce_wood,0,12,13,0,8,0,0,0,0,67,1,0,0,0,20,19,140,8.75,0 (tie),67 (KingZee)
stripped_warped_stem,0,42,3,6,0,1,0,0,0,0,3,0,0,0,0,0,55,3.44,0 (tie),42 (Artorvian)
sugar_cane,2871,74,15,375,157,124,127,417,1309,705,1517,0,1522,7798,7336,855,25202,1575.13,0 (squaremario),7798 (ThisIsDoom)
sunflower,0,0,0,0,0,0,0,18,0,0,14,0,0,5,3,0,40,2.50,0 (tie),18 (Jagiero)
suspicious_gravel,0,0,0,4,0,0,0,0,0,0,0,0,0,0,0,0,4,0.25,0 (tie),4 (Blondskunk)
sweet_berry_bush,18,4,4,1,0,0,0,0,0,5,1,0,53,1,29,0,116,7.25,0 (tie),53 (This_is_KB)
tall_grass,15,347,216,540,46,126,53,297,22,57,730,15,575,434,220,181,3874,242.13,15 (tie),730 (PuffingFishHQ)
tall_seagrass,2,27,56,82,2,7,0,103,14,0,33,0,27,105,16,2,476,29.75,0 (tie),105 (ThisIsDoom)
target,0,1,0,0,0,0,0,0,0,0,3,0,0,0,1,0,5,0.31,0 (tie),3 (PuffingFishHQ)
terracotta,0,0,0,783,0,349,0,0,0,26,2510,0,328,2145,1383,536,8060,503.75,0 (tie),2510 (PuffingFishHQ)
tinted_glass,0,3,4,0,0,17,0,0,0,0,14,0,292,0,47,0,377,23.56,0 (tie),292 (This_is_KB)
tnt,0,0,0,1,9,32,0,4,0,9,15,0,0,2,28,13,113,7.06,0 (tie),32 (HughBone)
torch,26,71,74,286,105,178,34,591,80,108,341,3,670,89,222,388,3266,204.13,3 (squaremario),670 (This_is_KB)
torchflower,0,0,0,18,0,0,0,0,0,0,0,0,0,0,0,0,18,1.13,0 (tie),18 (Blondskunk)
torchflower_crop,0,0,0,2,0,0,0,0,0,0,0,0,0,0,0,0,2,0.13,0 (tie),2 (Blondskunk)
trapped_chest,0,0,0,0,0,0,0,0,1,0,1,0,0,0,0,0,2,0.13,0 (tie),1 (tie)
tripwire,0,0,3,0,0,1,8,0,0,0,15,0,0,2,32,0,61,3.81,0 (tie),32 (tinkfro)
tripwire_hook,0,0,0,0,0,0,0,0,0,0,3,0,0,0,11,0,14,0.88,0 (tie),11 (tinkfro)
tube_coral,0,64,0,0,0,0,0,4,0,0,1,0,0,9,0,0,78,4.88,0 (tie),64 (Artorvian)
tube_coral_block,0,68,0,0,0,0,0,0,0,0,13,0,0,20,0,0,101,6.31,0 (tie),68 (Artorvian)
tube_coral_fan,0,14,0,0,0,0,0,8,0,0,0,0,0,17,0,0,39,2.44,0 (tie),17 (ThisIsDoom)
tube_coral_wall_fan,0,53,0,0,0,0,0,21,0,0,1,0,0,39,0,0,114,7.13,0 (tie),53 (Artorvian)
tuff,2020,486,631,2331,200,840,42,4742,260,3152,3936,14,3233,360,601,14966,37814,2363.38,14 (squaremario),14966 (WhiteFyr)
tuff_brick_slab,0,0,0,0,0,0,0,0,0,0,27,0,0,0,0,0,27,1.69,0 (tie),27 (PuffingFishHQ)
tuff_brick_stairs,2,0,0,0,0,0,0,0,0,0,0,0,0,0,0,0,2,0.13,0 (tie),2 (AllOutJay)
tuff_bricks,38,0,0,2,0,0,0,0,0,0,6,0,0,0,0,0,46,2.88,0 (tie),38 (AllOutJay)
tuff_stairs,2,0,0,0,0,0,0,0,0,0,0,0,0,0,0,0,2,0.13,0 (tie),2 (AllOutJay)
turtle_egg,0,0,0,11,0,0,0,0,0,0,0,0,0,0,12,0,23,1.44,0 (tie),12 (tinkfro)
twisting_vines,2,1,1,10,0,2,0,0,0,0,10,0,0,1,1,1,29,1.81,0 (tie),10 (tie)
twisting_vines_plant,0,0,3,8,0,11,0,0,0,0,13,0,0,0,3,7,45,2.81,0 (tie),13 (PuffingFishHQ)
verdant_froglight,1,0,0,34,0,0,0,0,0,0,16,0,4,0,1,22,78,4.88,0 (tie),34 (Blondskunk)
vine,47,111,73,505,12,554,179,462,28,55,881,0,629,89,83,581,4289,268.06,0 (squaremario),881 (PuffingFishHQ)
wall_torch,13,56,16,216,36,88,10,369,81,59,128,1,185,75,39,217,1589,99.31,1 (squaremario),369 (Jagiero)
warped_door,0,3,0,0,1,0,0,0,0,0,0,0,0,0,0,0,4,0.25,0 (tie),3 (Artorvian)
warped_fence,0,0,1,0,0,0,0,0,0,0,0,0,0,0,0,0,1,0.06,0 (tie),1 (Ash298)
warped_fungus,0,3,0,1,3,1,7,0,0,2,48,0,8,6,1,374,454,28.38,0 (tie),374 (WhiteFyr)
warped_nylium,0,0,1,42,0,132,0,0,12,8,172,0,268,61,43,7,746,46.63,0 (tie),268 (This_is_KB)
warped_planks,0,0,0,0,0,8,0,0,0,0,0,0,0,0,0,0,8,0.50,0 (tie),8 (HughBone)
warped_roots,0,0,2,8,0,1,23,0,1,0,23,0,16,5,1,11,91,5.69,0 (tie),23 (tie)
warped_slab,0,0,2,0,0,0,6,0,0,0,0,0,0,0,0,0,8,0.50,0 (tie),6 (ImGP)
warped_stairs,0,0,0,0,0,0,6,0,0,0,0,0,0,0,0,0,6,0.38,0 (tie),6 (ImGP)
warped_stem,0,34,0,213,0,362,135,0,0,0,310,0,66,28,21,0,1169,73.06,0 (tie),362 (HughBone)
warped_trapdoor,0,2,0,0,0,0,0,0,0,0,1,0,0,0,0,5,8,0.50,0 (tie),5 (WhiteFyr)
warped_wart_block,0,2,2,86,0,0,75,0,0,2,931,0,128,41,78,1,1346,84.13,0 (tie),931 (PuffingFishHQ)
water_cauldron,0,0,0,0,0,0,0,0,0,14,0,0,12,4,0,0,30,1.88,0 (tie),14 (KingZee)
waxed_copper_block,0,0,0,1,0,0,0,0,0,0,0,0,0,0,0,0,1,0.06,0 (tie),1 (Blondskunk)
waxed_cut_copper_stairs,0,4,0,0,0,0,0,0,0,2,0,0,0,0,0,0,6,0.38,0 (tie),4 (Artorvian)
waxed_exposed_copper,0,0,0,1,0,0,0,0,0,0,0,0,4,0,0,0,5,0.31,0 (tie),4 (This_is_KB)
waxed_exposed_copper_bulb,0,0,0,15,0,0,0,0,0,0,0,0,0,0,0,0,15,0.94,0 (tie),15 (Blondskunk)
waxed_exposed_copper_grate,0,0,0,2,0,0,0,0,0,0,0,0,0,0,0,0,2,0.13,0 (tie),2 (Blondskunk)
waxed_exposed_copper_trapdoor,0,0,0,0,0,0,0,0,0,0,0,0,4,0,0,0,4,0.25,0 (tie),4 (This_is_KB)
waxed_oxidized_copper,0,0,0,0,0,0,0,0,0,1,0,0,0,0,0,0,1,0.06,0 (tie),1 (KingZee)
waxed_oxidized_cut_copper,0,24,0,0,0,0,0,0,0,0,0,0,0,0,0,0,24,1.50,0 (tie),24 (Artorvian)
waxed_weathered_cut_copper,0,0,0,0,2,0,0,0,0,0,0,0,0,0,0,0,2,0.13,0 (tie),2 (BrokenPixelSK)
waxed_weathered_cut_copper_slab,0,0,0,0,2,0,0,0,0,0,0,0,0,0,0,0,2,0.13,0 (tie),2 (BrokenPixelSK)
weathered_copper,0,2,0,0,4,0,0,0,0,80,0,0,1,84,0,0,171,10.69,0 (tie),84 (ThisIsDoom)
weathered_cut_copper,0,9,0,0,8,0,0,0,0,0,0,0,0,0,0,0,17,1.06,0 (tie),9 (Artorvian)
weathered_cut_copper_slab,0,0,0,0,52,0,0,0,0,0,0,0,0,0,0,0,52,3.25,0 (tie),52 (BrokenPixelSK)
weathered_cut_copper_stairs,0,0,0,0,10,0,0,0,0,0,0,0,0,0,0,0,10,0.63,0 (tie),10 (BrokenPixelSK)
weeping_vines,0,0,1,2,0,11,0,0,0,0,2,0,41,0,1,7,65,4.06,0 (tie),41 (This_is_KB)
weeping_vines_plant,0,2,0,2,0,14,1,0,6,0,9,0,31,3,0,8,76,4.75,0 (tie),31 (This_is_KB)
wet_sponge,0,0,0,0,0,0,0,0,0,0,6,0,0,0,54,0,60,3.75,0 (tie),54 (tinkfro)
wheat,961,478,496,2831,646,804,1756,1231,2121,879,2349,0,5482,1843,2004,8821,32702,2043.88,0 (squaremario),8821 (WhiteFyr)
white_banner,0,0,0,0,0,2,0,0,0,0,2,0,8,0,5,0,17,1.06,0 (tie),8 (This_is_KB)
white_bed,0,116,0,24,52,35,2,23,38,149,74,1,152,3,13,5,687,42.94,0 (tie),152 (This_is_KB)
white_candle,0,4,0,0,0,2,0,0,0,0,0,0,0,0,80,0,86,5.38,0 (tie),80 (tinkfro)
white_carpet,0,3,2,0,0,0,0,2,3,0,3,0,0,1,37,6,57,3.56,0 (tie),37 (tinkfro)
white_concrete,0,1,0,70,256,0,0,0,0,11,0,0,63,24,49,64,538,33.63,0 (tie),256 (BrokenPixelSK)
white_concrete_powder,0,0,0,21,0,0,0,0,0,0,0,0,105,0,0,0,126,7.88,0 (tie),105 (This_is_KB)
white_shulker_box,14,0,0,31,0,0,0,0,0,0,0,0,424,0,191,0,660,41.25,0 (tie),424 (This_is_KB)
white_stained_glass,0,2,0,26,0,0,0,0,0,8,158,0,0,0,3,2,199,12.44,0 (tie),158 (PuffingFishHQ)
white_stained_glass_pane,0,2,0,359,0,1,0,0,0,0,101,0,0,0,28,0,491,30.69,0 (tie),359 (Blondskunk)
white_terracotta,0,0,0,31,0,3,0,0,0,0,577,0,0,1532,339,158,2640,165.00,0 (tie),1532 (ThisIsDoom)
white_tulip,3,1,14,107,0,14,0,0,0,12,6,0,9,17,6,6,195,12.19,0 (tie),107 (Blondskunk)
white_wall_banner,0,1,0,3,0,4,0,0,0,0,1,0,5,1,20,0,35,2.19,0 (tie),20 (tinkfro)
white_wool,0,8,20,15,0,157,0,0,1,0,29,0,29,1,115,75,450,28.13,0 (tie),157 (HughBone)
wither_rose,0,0,0,0,0,0,0,0,0,0,0,0,1,0,0,0,1,0.06,0 (tie),1 (This_is_KB)
wither_skeleton_wall_skull,0,0,0,0,0,0,0,0,0,0,0,0,3,0,0,1,4,0.25,0 (tie),3 (This_is_KB)
yellow_banner,0,0,0,1,0,0,0,0,0,0,0,0,0,0,0,0,1,0.06,0 (tie),1 (Blondskunk)
yellow_bed,2,1,17,0,0,1,0,0,1,2,11,0,0,137,248,0,420,26.25,0 (tie),248 (tinkfro)
yellow_candle,3,0,0,0,0,0,0,0,0,0,0,0,0,0,0,0,3,0.19,0 (tie),3 (AllOutJay)
yellow_carpet,0,0,24,1,0,0,0,0,0,0,0,0,0,0,2,0,27,1.69,0 (tie),24 (Ash298)
yellow_concrete,0,408,45,1,0,0,0,0,0,0,10,0,48,0,400,0,912,57.00,0 (tie),408 (Artorvian)
yellow_concrete_powder,0,1,0,0,0,0,0,0,0,0,0,0,0,0,32,0,33,2.06,0 (tie),32 (tinkfro)
yellow_shulker_box,0,0,0,0,0,0,0,0,0,0,135,0,43,0,302,7,487,30.44,0 (tie),302 (tinkfro)
yellow_stained_glass,0,0,129,3,0,0,0,0,1,0,6,0,0,0,154,13,306,19.13,0 (tie),154 (tinkfro)
yellow_stained_glass_pane,0,0,0,12,0,0,0,0,0,0,0,0,0,0,0,0,12,0.75,0 (tie),12 (Blondskunk)
yellow_terracotta,0,0,0,0,0,0,0,0,0,0,1,0,0,0,1,0,2,0.13,0 (tie),1 (tie)
yellow_wall_banner,0,0,0,2,0,0,0,0,0,0,0,0,0,0,0,0,2,0.13,0 (tie),2 (Blondskunk)
yellow_wool,0,1,70,7,0,0,0,0,0,0,0,0,5,0,4,14,101,6.31,0 (tie),70 (Ash298)
,,,,,,,,,,,,,,,,,,,,,,,,,,,,,,,,,,,,,,,,,
pTotal,47717,43944,67197,237591,28111,60152,27054,200364,36420,60129,319719,1102,265084,68176,178223,715712
pAvg,227.22,124.49,207.40,510.95,137.13,202.53,186.58,871.15,148.65,284.97,631.86,23.45,635.69,248.82,355.73,2565.28
pMin,1 (tie),1 (tie),1 (tie),1 (tie),1 (tie),1 (tie),1 (tie),1 (tie),1 (tie),1 (tie),1 (tie),1 (tie),1 (tie),1 (tie),1 (tie),1 (tie)
pMax,12353 (stone),5522 (deepslate),8025 (dirt),37465 (grass_block),3933 (deepslate),10174 (deepslate),2300 (dirt),51020 (deepslate),9244 (stone),11138 (deepslate),42171 (grass_block),288 (stone),35644 (grass_block),7798 (sugar_cane),54576 (stone),309163 (stone)