picked_up,AllOutJay,Artorvian,Ash298,Blondskunk,BrokenPixelSK,HughBone,ImGP,Jagiero,JustinL94,KingZee,PuffingFishHQ,squaremario,This_is_KB,ThisIsDoom,tinkfro,WhiteFyr,total,avg,min,max
acacia_boat,0,0,0,0,3,0,0,0,0,0,0,0,0,1,0,0,4,0.25,0 (tie),3 (BrokenPixelSK)
acacia_button,4,0,0,1,0,0,0,0,0,0,18,0,0,0,0,0,23,1.44,0 (tie),18 (PuffingFishHQ)
acacia_chest_boat,0,0,0,0,0,0,2,0,0,0,0,0,0,0,0,0,2,0.13,0 (tie),2 (ImGP)
acacia_fence,0,1,0,0,0,0,0,0,0,0,0,0,0,0,5,0,6,0.38,0 (tie),5 (tinkfro)
acacia_fence_gate,0,0,0,1,0,0,0,0,0,0,0,0,0,0,0,0,1,0.06,0 (tie),1 (Blondskunk)
acacia_leaves,178,0,0,61,0,0,0,0,0,0,465,0,1,20,27,0,752,47.00,0 (tie),465 (PuffingFishHQ)
acacia_log,287,68,49,124,3,0,25,0,0,41,960,0,24,100,584,0,2265,141.56,0 (tie),960 (PuffingFishHQ)
acacia_planks,0,2,0,64,0,0,6,0,0,0,71,0,0,0,6,0,149,9.31,0 (tie),71 (PuffingFishHQ)
acacia_sapling,90,7,6,18,0,0,1,0,1,6,130,0,10,106,24,0,399,24.94,0 (tie),130 (PuffingFishHQ)
acacia_sign,0,0,0,2,0,0,0,0,0,0,0,0,0,0,15,0,17,1.06,0 (tie),15 (tinkfro)
acacia_slab,0,0,0,39,0,0,0,0,0,0,0,0,0,0,0,0,39,2.44,0 (tie),39 (Blondskunk)
acacia_stairs,0,0,0,7,0,0,0,0,0,0,13,0,0,0,9,0,29,1.81,0 (tie),13 (PuffingFishHQ)
acacia_trapdoor,0,53,0,12,0,0,0,0,0,4,0,0,0,0,350,0,419,26.19,0 (tie),350 (tinkfro)
acacia_wood,0,0,0,0,0,0,0,0,0,0,10,0,0,0,0,0,10,0.63,0 (tie),10 (PuffingFishHQ)
activator_rail,0,0,0,2,3,16,3,0,0,0,4,0,0,0,11,0,39,2.44,0 (tie),16 (HughBone)
allium,0,19,171,180,0,2,0,6,4,8,40,0,2,5,44,4,485,30.31,0 (tie),180 (Blondskunk)
amethyst_block,3,246,5,246,27,5,128,399,0,246,217,0,171,1976,94,557,4320,270.00,0 (tie),1976 (ThisIsDoom)
amethyst_cluster,0,29,0,103,0,1,0,24,0,0,3,0,30,16,4,162,372,23.25,0 (tie),162 (WhiteFyr)
amethyst_shard,11,235,16,129,0,334,12,40,56,12,32,0,828,16,1266,136,3123,195.19,0 (tie),1266 (tinkfro)
ancient_debris,0,0,0,10,0,31,0,5,10,0,59,0,66,2,37,72,292,18.25,0 (tie),72 (WhiteFyr)
andesite,828,479,2429,4808,332,1199,2754,2867,312,2910,2570,18,3138,1752,2195,22219,50810,3175.63,18 (squaremario),22219 (WhiteFyr)
andesite_slab,1,0,14,192,0,0,0,6,0,132,7,0,11,12,36,2,413,25.81,0 (tie),192 (Blondskunk)
andesite_stairs,0,0,5,25,0,0,0,0,0,1,0,0,0,26,0,0,57,3.56,0 (tie),26 (ThisIsDoom)
andesite_wall,0,24,39,103,0,22,0,0,78,0,3,0,5,16,128,6,424,26.50,0 (tie),128 (tinkfro)
angler_pottery_sherd,0,0,0,6,0,0,0,0,0,0,0,0,0,0,0,0,6,0.38,0 (tie),6 (Blondskunk)
anvil,0,5,0,26,0,4,0,3,0,0,10,0,10,12,5,9,84,5.25,0 (tie),26 (Blondskunk)
apple,56,54,55,91,8,57,29,19,41,31,216,0,159,78,62,52,1008,63.00,0 (squaremario),216 (PuffingFishHQ)
armor_stand,0,0,0,0,0,0,0,0,3,0,91,0,17,11,2,107,231,14.44,0 (tie),107 (WhiteFyr)
arrow,6120,1851,1165,2874,1535,2247,80,168,4885,961,6435,13,3188,8369,4900,2030,46821,2926.31,13 (squaremario),8369 (ThisIsDoom)
axolotl_bucket,0,0,0,0,0,0,0,0,0,0,0,0,0,3,0,0,3,0.19,0 (tie),3 (ThisIsDoom)
azalea,34,23,17,121,41,21,38,308,8,4,1798,2,87,35,327,9,2873,179.56,2 (squaremario),1798 (PuffingFishHQ)
azalea_leaves,563,711,107,2766,78,0,0,0,77,0,1340,0,879,552,76,356,7505,469.06,0 (tie),2766 (Blondskunk)
azure_bluet,2,44,152,108,2,16,1,27,5,37,31,4,38,31,157,27,682,42.63,1 (ImGP),157 (tinkfro)
baked_potato,60,91,595,236,0,199,0,6,0,1,109,6,50,0,3,2,1358,84.88,0 (tie),595 (Ash298)
bamboo,306,51,736,627,2032,358,0,1428,252,311,9727,0,1071,1690,2296,2960,23845,1490.31,0 (tie),9727 (PuffingFishHQ)
bamboo_block,0,0,0,0,0,0,0,0,0,0,21,0,0,0,0,0,21,1.31,0 (tie),21 (PuffingFishHQ)
bamboo_mosaic,0,0,0,0,0,0,0,0,0,0,4,0,0,0,0,0,4,0.25,0 (tie),4 (PuffingFishHQ)
bamboo_mosaic_slab,0,0,0,0,0,0,0,0,0,0,11,0,0,0,0,0,11,0.69,0 (tie),11 (PuffingFishHQ)
bamboo_planks,0,0,0,0,0,0,0,0,0,2,3,0,0,0,0,0,5,0.31,0 (tie),3 (PuffingFishHQ)
bamboo_pressure_plate,0,0,0,0,0,0,0,0,0,0,1,0,0,0,0,0,1,0.06,0 (tie),1 (PuffingFishHQ)
bamboo_raft,0,0,0,0,0,0,0,0,0,0,1,0,0,0,0,0,1,0.06,0 (tie),1 (PuffingFishHQ)
bamboo_slab,0,0,0,1,0,0,0,0,0,6,44,0,0,0,0,0,51,3.19,0 (tie),44 (PuffingFishHQ)
bamboo_trapdoor,0,0,0,0,0,0,0,0,0,0,0,0,0,0,4,0,4,0.25,0 (tie),4 (tinkfro)
barrel,44,191,110,83,19,13,0,0,20,13,127,0,53,64,91,372,1200,75.00,0 (tie),372 (WhiteFyr)
basalt,1,4,207,3466,119,79,1217,1740,53,128,321,0,1305,423,762,8060,17885,1117.81,0 (squaremario),8060 (WhiteFyr)
beacon,5,0,0,6,0,0,0,0,0,0,14,0,6,0,9,5,45,2.81,0 (tie),14 (PuffingFishHQ)
bee_nest,1,89,12,16,0,0,0,0,2,10,26,0,0,0,20,0,176,11.00,0 (tie),89 (Artorvian)
beef,253,154,3,252,169,1,284,718,563,634,686,10,735,1431,871,338,7102,443.88,1 (HughBone),1431 (ThisIsDoom)
beehive,47,60,0,4,0,0,0,0,0,0,0,0,0,15,35,0,161,10.06,0 (tie),60 (Artorvian)
beetroot,0,42,17,0,0,0,1,0,1,0,22,0,30,14,34,94,255,15.94,0 (tie),94 (WhiteFyr)
beetroot_seeds,3,79,51,0,3,2,8,0,8,0,82,0,33,74,85,200,628,39.25,0 (tie),200 (WhiteFyr)
bell,0,4,1,0,0,0,0,0,1,8,0,0,1,62,15,0,92,5.75,0 (tie),62 (ThisIsDoom)
big_dripleaf,0,5,10,13,0,27,0,0,6,0,2,0,52,38,20,0,173,10.81,0 (tie),52 (This_is_KB)
birch_boat,2,2,4,4,0,8,0,2,0,6,36,0,1,0,2,0,67,4.19,0 (tie),36 (PuffingFishHQ)
birch_chest_boat,0,0,0,0,0,0,0,9,0,0,0,0,0,0,0,0,9,0.56,0 (tie),9 (Jagiero)
birch_door,0,6,0,0,0,0,0,0,0,0,5,0,0,0,3,0,14,0.88,0 (tie),6 (Artorvian)
birch_fence,0,8,0,0,0,13,1,0,0,0,4,0,28,0,0,24,78,4.88,0 (tie),28 (This_is_KB)
birch_fence_gate,0,0,0,0,0,0,0,0,0,0,0,0,2,0,0,0,2,0.13,0 (tie),2 (This_is_KB)
birch_leaves,10,84,14,1372,0,0,0,0,0,0,46,0,177,0,148,60,1911,119.44,0 (tie),1372 (Blondskunk)
birch_log,306,384,1359,1072,109,503,1069,53,13,74,2077,7,1591,140,507,265,9529,595.56,7 (squaremario),2077 (PuffingFishHQ)
birch_planks,0,414,6,16,23,35,23,0,1,14,236,17,3,75,18,0,881,55.06,0 (tie),414 (Artorvian)
birch_pressure_plate,0,0,0,0,0,0,0,0,0,0,0,0,0,0,2,0,2,0.13,0 (tie),2 (tinkfro)
birch_sapling,64,57,268,160,19,130,254,5,0,10,252,0,187,32,71,71,1580,98.75,0 (tie),268 (Ash298)
birch_sign,2,16,3,6,0,25,0,0,0,4,20,0,0,0,26,0,102,6.38,0 (tie),26 (tinkfro)
birch_slab,0,0,0,79,0,0,0,0,0,0,59,0,36,0,27,194,395,24.69,0 (tie),194 (WhiteFyr)
birch_stairs,0,0,0,23,8,0,0,0,0,0,37,0,0,2,25,0,95,5.94,0 (tie),37 (PuffingFishHQ)
birch_trapdoor,0,40,0,0,0,14,40,0,0,0,198,0,0,0,38,0,330,20.63,0 (tie),198 (PuffingFishHQ)
birch_wood,0,0,6,0,0,8,0,0,0,0,0,0,0,0,0,0,14,0.88,0 (tie),8 (HughBone)
black_banner,0,48,0,0,0,0,0,0,0,0,0,0,3,0,0,7,58,3.63,0 (tie),48 (Artorvian)
black_bed,1,5,2,4,3,16,0,0,0,0,1,0,157,5,8,38,240,15.00,0 (tie),157 (This_is_KB)
black_candle,0,6,0,0,0,0,0,0,0,0,0,0,3,0,0,0,9,0.56,0 (tie),6 (Artorvian)
black_carpet,0,1,36,0,0,9,0,0,6,0,47,0,89,29,6,3,226,14.13,0 (tie),89 (This_is_KB)
black_concrete,0,0,0,0,0,36,0,752,0,0,326,0,59,0,179,64,1416,88.50,0 (tie),752 (Jagiero)
black_concrete_powder,0,2,2,3,0,4,0,13,0,37,4,0,86,0,10,0,161,10.06,0 (tie),86 (This_is_KB)
black_dye,0,77,0,4,1,3,0,0,0,0,22,0,0,4,0,6,117,7.31,0 (tie),77 (Artorvian)
black_glazed_terracotta,0,0,0,0,0,0,0,0,0,0,0,0,18,0,0,0,18,1.13,0 (tie),18 (This_is_KB)
black_shulker_box,0,0,0,7,0,0,0,0,0,0,1,0,579,0,0,0,587,36.69,0 (tie),579 (This_is_KB)
black_stained_glass,0,0,0,26,0,73,0,0,41,0,199,0,2,0,802,0,1143,71.44,0 (tie),802 (tinkfro)
black_stained_glass_pane,1,36,0,0,0,1,0,0,33,0,28,0,0,0,72,0,171,10.69,0 (tie),72 (tinkfro)
black_terracotta,0,313,0,2,0,0,0,0,0,0,0,0,88,0,38,22,463,28.94,0 (tie),313 (Artorvian)
black_wool,1,559,387,10,0,3098,0,0,7,26,0,0,826,7,952,8,5881,367.56,0 (tie),3098 (HughBone)
blackstone,99,860,117,373,117,298,280,9477,200,332,873,0,4917,319,1196,913,20371,1273.19,0 (squaremario),9477 (Jagiero)
blackstone_slab,0,3,0,18,0,0,0,37,0,0,0,0,0,0,0,0,58,3.63,0 (tie),37 (Jagiero)
blackstone_stairs,0,0,0,4,0,0,0,4,0,0,0,0,10,0,0,0,18,1.13,0 (tie),10 (This_is_KB)
blackstone_wall,0,0,0,0,3,0,0,0,0,1,1,0,0,0,0,0,5,0.31,0 (tie),3 (BrokenPixelSK)
blast_furnace,7,0,1,2,0,0,0,3,9,8,10,0,0,8,102,0,150,9.38,0 (tie),102 (tinkfro)
blaze_powder,1,0,0,0,0,2,0,0,3,0,83,0,2,0,3,0,94,5.88,0 (tie),83 (PuffingFishHQ)
blaze_rod,0,0,0,75,10,11,0,23,110,0,256,0,75,17,10,5,592,37.00,0 (tie),256 (PuffingFishHQ)
blue_bed,0,0,0,50,0,0,0,0,0,0,0,0,0,0,0,1,51,3.19,0 (tie),50 (Blondskunk)
blue_carpet,0,0,0,2,0,0,0,0,0,0,0,0,0,0,0,0,2,0.13,0 (tie),2 (Blondskunk)
blue_concrete,5,0,0,0,0,0,0,0,0,0,8,0,128,0,4,0,145,9.06,0 (tie),128 (This_is_KB)
blue_concrete_powder,10,0,0,0,0,0,0,0,0,0,0,0,0,0,3,0,13,0.81,0 (tie),10 (AllOutJay)
blue_dye,0,0,0,21,1,0,0,0,0,0,0,0,0,24,0,0,46,2.88,0 (tie),24 (ThisIsDoom)
blue_ice,0,0,0,0,0,0,0,0,312,0,684,0,0,0,8,0,1004,62.75,0 (tie),684 (PuffingFishHQ)
blue_orchid,0,32,342,1,0,0,0,0,0,0,11,0,13,0,0,0,399,24.94,0 (tie),342 (Ash298)
blue_shulker_box,7,0,0,0,0,0,0,0,2,0,2,0,0,0,0,3,14,0.88,0 (tie),7 (AllOutJay)
blue_stained_glass,0,0,0,0,0,0,0,0,0,0,9,0,0,0,0,0,9,0.56,0 (tie),9 (PuffingFishHQ)
blue_stained_glass_pane,0,0,0,13,0,0,0,0,0,0,1,0,486,80,0,0,580,36.25,0 (tie),486 (This_is_KB)
blue_terracotta,0,0,0,3,0,21,0,0,0,0,0,0,0,0,0,0,24,1.50,0 (tie),21 (HughBone)
blue_wool,0,0,1,8,0,2,0,0,0,0,0,0,0,0,9,8,28,1.75,0 (tie),9 (tinkfro)
bone,6152,2132,1117,2663,1328,1629,101,119,4667,1399,6711,16,2500,6806,3462,1924,42726,2670.38,16 (squaremario),6806 (ThisIsDoom)
bone_block,49,243,1,0,30,12,40,0,0,0,558,0,390,214,85,0,1622,101.38,0 (tie),558 (PuffingFishHQ)
bone_meal,24,168,215,178,0,57,0,2,317,139,3629,0,150,824,838,110,6651,415.69,0 (tie),3629 (PuffingFishHQ)
book,8,640,78,3,196,46,0,21,87,0,2816,0,75,33,62,4,4069,254.31,0 (tie),2816 (PuffingFishHQ)
bookshelf,0,0,7,0,0,0,0,30,0,0,94,0,3,72,62,0,268,16.75,0 (tie),94 (PuffingFishHQ)
bow,418,171,86,186,81,192,5,12,288,74,405,1,226,497,345,159,3146,196.63,1 (squaremario),497 (ThisIsDoom)
bowl,2,1,0,0,0,0,0,0,0,0,0,0,0,0,0,0,3,0.19,0 (tie),2 (AllOutJay)
brain_coral,0,64,0,0,0,0,0,6,0,0,2,0,11,20,0,0,103,6.44,0 (tie),64 (Artorvian)
brain_coral_block,0,64,0,0,0,0,0,316,0,0,0,0,0,124,0,0,504,31.50,0 (tie),316 (Jagiero)
brain_coral_fan,0,67,0,0,0,0,0,18,0,0,3,0,24,130,0,0,242,15.13,0 (tie),130 (ThisIsDoom)
bread,1,12,87,0,93,23,45,0,1,0,157,0,62,167,117,158,923,57.69,0 (tie),167 (ThisIsDoom)
brewing_stand,1,2,0,2,0,5,0,0,4,4,27,0,5,24,4,1,79,4.94,0 (tie),27 (PuffingFishHQ)
brick,0,168,0,83,20,0,0,0,0,0,55,0,22,84,9,0,441,27.56,0 (tie),168 (Artorvian)
brick_slab,0,10,2,4,0,0,0,0,0,0,134,0,0,0,12,0,162,10.13,0 (tie),134 (PuffingFishHQ)
brick_stairs,2,9,0,41,0,2,0,0,29,0,121,0,0,18,76,0,298,18.63,0 (tie),121 (PuffingFishHQ)
brick_wall,0,8,0,76,0,3,0,0,0,0,58,0,0,1,368,0,514,32.13,0 (tie),368 (tinkfro)
bricks,7,609,18,215,5,73,0,0,3,1,2762,0,4,68,846,0,4611,288.19,0 (tie),2762 (PuffingFishHQ)
brown_banner,0,0,0,0,0,1,0,0,0,0,0,0,0,0,0,0,1,0.06,0 (tie),1 (HughBone)
brown_bed,0,0,0,0,0,0,0,0,0,0,0,0,0,0,2,0,2,0.13,0 (tie),2 (tinkfro)
brown_candle,0,0,0,0,0,0,0,0,0,0,0,0,0,3,0,0,3,0.19,0 (tie),3 (ThisIsDoom)
brown_carpet,0,76,2,5,3,4,0,0,2,0,0,0,0,18,0,0,110,6.88,0 (tie),76 (Artorvian)
brown_concrete_powder,0,0,0,30,0,0,0,0,0,0,0,0,12,0,0,0,42,2.63,0 (tie),30 (Blondskunk)
brown_dye,0,0,0,0,1,8,0,0,0,0,0,0,0,0,0,0,9,0.56,0 (tie),8 (HughBone)
brown_mushroom,444,1,32,21,2,46,0,9,2,0,707,0,110,3,36,19,1432,89.50,0 (tie),707 (PuffingFishHQ)
brown_mushroom_block,0,89,0,365,0,0,159,0,0,0,1317,0,0,0,2,0,1932,120.75,0 (tie),1317 (PuffingFishHQ)
brown_shulker_box,27,0,0,1,0,0,0,0,0,0,0,0,29,0,0,0,57,3.56,0 (tie),29 (This_is_KB)
brown_stained_glass_pane,0,0,0,0,0,0,0,0,0,0,0,0,0,0,0,3,3,0.19,0 (tie),3 (WhiteFyr)
brown_terracotta,0,159,0,0,0,9,0,0,0,0,6,0,0,28,1,0,203,12.69,0 (tie),159 (Artorvian)
brown_wool,0,0,0,0,0,2949,0,0,0,0,1,0,0,0,1,6,2957,184.81,0 (tie),2949 (HughBone)
bubble_coral,0,65,0,0,0,0,0,9,0,0,2,0,0,20,0,0,96,6.00,0 (tie),65 (Artorvian)
bubble_coral_block,0,65,0,0,0,0,0,681,0,0,11,0,0,62,0,0,819,51.19,0 (tie),681 (Jagiero)
bubble_coral_fan,0,65,0,0,0,0,0,24,0,0,5,0,0,116,0,0,210,13.13,0 (tie),116 (ThisIsDoom)
bucket,2,3,0,61,0,9,0,6,7,0,33,0,5,0,9,6,141,8.81,0 (tie),61 (Blondskunk)
cactus,0,111,190,133,18,47,0,6,0,4,18,2,163,119,57,3,871,54.44,0 (tie),190 (Ash298)
cake,0,1,2,0,0,0,0,0,0,0,0,0,0,0,0,0,3,0.19,0 (tie),2 (Ash298)
calcite,150,514,78,530,399,105,2829,1251,0,5114,1564,0,253,2592,90,504,15973,998.31,0 (tie),5114 (KingZee)
campfire,0,88,0,2,1,0,0,0,1,0,12,0,1,3,18,0,126,7.88,0 (tie),88 (Artorvian)
candle,0,393,54,64,0,45,0,0,0,0,6,0,0,46,349,0,957,59.81,0 (tie),393 (Artorvian)
carrot,135,26,440,63,4,2304,1369,176,1610,106,3191,0,2182,5116,2667,1154,20543,1283.94,0 (squaremario),5116 (ThisIsDoom)
carrot_on_a_stick,0,0,0,0,0,0,0,0,0,0,1,0,1,0,2,1,5,0.31,0 (tie),2 (tinkfro)
cartography_table,0,0,0,2,0,0,0,0,0,2,0,0,0,12,0,0,16,1.00,0 (tie),12 (ThisIsDoom)
carved_pumpkin,0,192,0,0,0,0,0,0,0,0,726,0,63,0,5,0,986,61.63,0 (tie),726 (PuffingFishHQ)
cauldron,1,2,0,7,0,0,0,0,3,14,9,0,34,30,25,7,132,8.25,0 (tie),34 (This_is_KB)
chain,0,96,16,13,33,0,0,55,2,2,66,0,33,79,389,8,792,49.50,0 (tie),389 (tinkfro)
chainmail_boots,6,4,0,7,4,0,1,3,7,4,9,0,3,23,0,2,73,4.56,0 (tie),23 (ThisIsDoom)
chainmail_chestplate,9,4,0,4,1,4,0,0,4,2,11,0,5,9,6,6,65,4.06,0 (tie),11 (PuffingFishHQ)
chainmail_helmet,11,4,0,0,0,12,0,3,12,0,8,0,3,9,4,2,68,4.25,0 (tie),12 (tie)
chainmail_leggings,10,3,0,5,1,6,0,2,6,3,9,0,6,13,9,1,74,4.63,0 (tie),13 (ThisIsDoom)
charcoal,0,115,0,12,2,4,0,2,0,0,166,0,294,64,0,0,659,41.19,0 (tie),294 (This_is_KB)
cherry_boat,0,0,0,2,0,0,0,0,0,1,1,0,1,0,1,0,6,0.38,0 (tie),2 (Blondskunk)
cherry_button,0,0,0,0,0,0,0,0,0,0,0,0,37,0,0,0,37,2.31,0 (tie),37 (This_is_KB)
cherry_fence,0,0,0,0,0,0,0,0,0,0,0,0,2,0,0,0,2,0.13,0 (tie),2 (This_is_KB)
cherry_hanging_sign,0,0,0,0,0,0,0,0,0,0,0,0,3,0,0,0,3,0.19,0 (tie),3 (This_is_KB)
cherry_leaves,0,0,0,1083,0,0,0,0,0,0,1185,0,685,0,73,0,3026,189.13,0 (tie),1185 (PuffingFishHQ)
cherry_log,0,0,0,140,0,0,0,0,0,20,183,0,528,0,45,0,916,57.25,0 (tie),528 (This_is_KB)
cherry_planks,0,0,0,0,0,0,0,0,0,0,4,0,58,0,0,0,62,3.88,0 (tie),58 (This_is_KB)
cherry_sapling,0,0,0,33,0,0,0,0,0,12,8,0,223,0,22,0,298,18.63,0 (tie),223 (This_is_KB)
cherry_slab,0,0,0,0,0,0,0,0,0,0,0,0,2,0,0,0,2,0.13,0 (tie),2 (This_is_KB)
cherry_stairs,0,0,0,0,0,0,0,0,0,0,0,0,16,0,0,0,16,1.00,0 (tie),16 (This_is_KB)
cherry_trapdoor,0,0,0,2,0,0,0,0,0,0,0,0,250,0,0,0,252,15.75,0 (tie),250 (This_is_KB)
cherry_wood,0,0,0,2,0,0,0,0,0,0,0,0,0,0,0,0,2,0.13,0 (tie),2 (Blondskunk)
chest,17,99,83,194,61,169,32,291,87,40,617,2,546,88,223,417,2966,185.38,2 (squaremario),617 (PuffingFishHQ)
chest_minecart,0,2,0,0,0,1,1,0,0,19,0,0,2,6,2,0,33,2.06,0 (tie),19 (KingZee)
chicken,10,1,0,43,1,19,0,16,6,1,35,1,0,13,42,2,190,11.88,0 (tie),43 (Blondskunk)
chipped_anvil,0,2,0,2,0,2,1,3,0,0,0,0,1,0,3,0,14,0.88,0 (tie),3 (tie)
chiseled_bookshelf,0,0,0,0,0,0,0,0,0,0,37,0,5,0,0,0,42,2.63,0 (tie),37 (PuffingFishHQ)
chiseled_deepslate,0,0,0,7,0,0,0,0,0,0,0,0,192,0,2,0,201,12.56,0 (tie),192 (This_is_KB)
chiseled_polished_blackstone,0,0,4,0,0,4,0,0,0,0,0,0,0,0,2,0,10,0.63,0 (tie),4 (tie)
chiseled_quartz_block,0,0,0,41,0,0,0,0,0,0,0,0,0,0,0,0,41,2.56,0 (tie),41 (Blondskunk)
chiseled_sandstone,0,0,0,0,0,0,0,0,0,1,21,0,0,0,1,0,23,1.44,0 (tie),21 (PuffingFishHQ)
chiseled_stone_bricks,0,0,0,38,0,4,0,0,0,0,88,0,0,0,14,0,144,9.00,0 (tie),88 (PuffingFishHQ)
chiseled_tuff,84,0,0,3,0,0,0,0,0,0,17,0,0,0,2,0,106,6.63,0 (tie),84 (AllOutJay)
chiseled_tuff_bricks,25,0,0,1,0,0,0,0,0,0,2,0,0,0,1,0,29,1.81,0 (tie),25 (AllOutJay)
chorus_flower,10,0,0,0,0,10,0,0,1,0,4,0,6,0,0,0,31,1.94,0 (tie),10 (tie)
chorus_fruit,130,36,0,0,0,277,0,0,3,0,478,0,84,61,0,0,1069,66.81,0 (tie),478 (PuffingFishHQ)
clay,0,2570,21,2,0,0,0,0,0,0,16,0,1,248,484,5,3347,209.19,0 (tie),2570 (Artorvian)
clay_ball,40,5056,2249,1284,196,32,0,0,32,0,276,84,1049,648,4304,24,15274,954.63,0 (tie),5056 (Artorvian)
clock,0,0,0,0,0,0,0,8,0,0,0,0,0,0,0,0,8,0.50,0 (tie),8 (Jagiero)
coal,1015,759,679,2919,608,839,845,2485,463,1979,2592,77,2083,1360,1376,11544,31623,1976.44,77 (squaremario),11544 (WhiteFyr)
coal_block,0,23,0,0,0,6,13,0,7,0,4,0,0,46,11,0,110,6.88,0 (tie),46 (ThisIsDoom)
coal_ore,92,16,70,1080,0,96,4,694,211,1113,266,0,739,103,1210,4828,10522,657.63,0 (tie),4828 (WhiteFyr)
coarse_dirt,41,31,25,2140,1378,135,22,0,0,0,152,0,71,6,115,15,4131,258.19,0 (tie),2140 (Blondskunk)
coast_armor_trim_smithing_template,0,0,0,0,0,0,0,0,0,0,1,0,1,0,0,0,2,0.13,0 (tie),1 (tie)
cobbled_deepslate,2562,3756,3609,1882,3952,3523,5928,48216,4620,1047,10648,233,8936,4403,1193,180488,284996,17812.25,233 (squaremario),180488 (WhiteFyr)
cobbled_deepslate_slab,1,14,11,152,0,0,0,57,6,0,3,0,1,32,73,0,350,21.88,0 (tie),152 (Blondskunk)
cobbled_deepslate_stairs,0,2,17,4,0,0,0,773,23,63,3,0,16,3,32,0,936,58.50,0 (tie),773 (Jagiero)
cobbled_deepslate_wall,0,18,41,46,0,0,1,201,49,0,38,0,3,0,98,0,495,30.94,0 (tie),201 (Jagiero)
cobblestone,1605,1524,6157,5807,3030,5507,2618,11003,2170,3280,22871,300,17395,2864,3789,17518,107438,6714.88,300 (squaremario),22871 (PuffingFishHQ)
cobblestone_slab,38,36,15,547,0,30,0,26,0,0,43,0,71,12,66,67,951,59.44,0 (tie),547 (Blondskunk)
cobblestone_stairs,0,44,18,80,0,63,0,3,153,17,56,0,33,6,119,69,661,41.31,0 (tie),153 (JustinL94)
cobblestone_wall,0,38,41,107,45,94,0,1,0,0,20,0,0,7,16,18,387,24.19,0 (tie),107 (Blondskunk)
cobweb,0,84,0,0,0,46,0,0,0,0,0,0,0,4,315,0,449,28.06,0 (tie),315 (tinkfro)
cocoa_beans,1,99,2,389,4,15,0,310,40,33,272,0,202,270,12,18,1667,104.19,0 (tie),389 (Blondskunk)
cod,24,0,2,2,0,0,0,0,1,4,14,0,2,2,13,0,64,4.00,0 (tie),24 (AllOutJay)
comparator,0,28,5,1,1,10,0,1,36,0,184,0,10,0,21,0,297,18.56,0 (tie),184 (PuffingFishHQ)
compass,0,0,0,0,0,0,0,0,0,0,12,0,0,8,2,0,22,1.38,0 (tie),12 (PuffingFishHQ)
composter,0,2,2,5,1,0,0,0,5,4,159,0,2,16,1,1,198,12.38,0 (tie),159 (PuffingFishHQ)
conduit,0,0,1,0,0,0,0,0,0,0,0,0,0,0,0,0,1,0.06,0 (tie),1 (Ash298)
cooked_beef,294,221,42,428,1,378,146,764,148,377,546,0,4851,446,2598,9078,20318,1269.88,0 (squaremario),9078 (WhiteFyr)
cooked_chicken,0,1,0,101,0,2,0,3,0,58,10,0,16,0,4,4,199,12.44,0 (tie),101 (Blondskunk)
cooked_cod,0,0,0,0,0,0,0,0,0,0,0,0,0,0,5,0,5,0.31,0 (tie),5 (tinkfro)
cooked_mutton,207,122,82,64,37,384,77,0,27,0,128,19,42,41,600,147,1977,123.56,0 (tie),600 (tinkfro)
cooked_porkchop,25,328,0,32,35,380,128,11,98,2,25,0,15,66,1080,115,2340,146.25,0 (tie),1080 (tinkfro)
cooked_rabbit,0,2,0,0,0,0,0,0,9,0,0,0,0,0,0,0,11,0.69,0 (tie),9 (JustinL94)
cooked_salmon,0,2,20,24,0,0,0,0,2,0,0,0,1,0,50,0,99,6.19,0 (tie),50 (tinkfro)
cookie,0,0,4,0,0,0,0,0,0,0,22,0,0,0,0,0,26,1.63,0 (tie),22 (PuffingFishHQ)
copper_block,0,2,0,0,1,1,0,0,112,43,5,0,15,51,0,0,230,14.38,0 (tie),112 (JustinL94)
copper_bulb,0,0,0,1,0,0,0,0,0,0,0,0,0,0,0,0,1,0.06,0 (tie),1 (Blondskunk)
copper_ingot,3,0,0,9,0,25,29,27,9,1,6,0,0,168,290,15,582,36.38,0 (tie),290 (tinkfro)
copper_ore,38,276,139,963,0,15,0,232,228,511,505,0,208,397,675,6025,10212,638.25,0 (tie),6025 (WhiteFyr)
copper_trapdoor,0,0,0,1,0,0,0,0,0,0,0,0,0,0,0,0,1,0.06,0 (tie),1 (Blondskunk)
cornflower,2,329,133,33,0,4,0,9,1,0,67,0,3,31,62,12,686,42.88,0 (tie),329 (Artorvian)
cracked_deepslate_bricks,0,2,0,0,0,0,0,0,0,0,0,0,0,5,7,0,14,0.88,0 (tie),7 (tinkfro)
cracked_deepslate_tiles,0,0,0,128,0,0,0,0,0,0,0,0,0,0,3,0,131,8.19,0 (tie),128 (Blondskunk)
cracked_polished_blackstone_bricks,0,0,9,25,0,13,0,0,0,0,19,0,9,0,217,9,301,18.81,0 (tie),217 (tinkfro)
cracked_stone_bricks,0,0,7,1,0,30,0,0,0,4,2,0,0,0,6,1,51,3.19,0 (tie),30 (HughBone)
crafter,14,0,0,1,0,0,0,0,0,0,2,0,0,0,0,0,17,1.06,0 (tie),14 (AllOutJay)
crafting_table,23,57,97,110,26,61,52,115,33,14,95,9,167,67,127,67,1120,70.00,9 (squaremario),167 (This_is_KB)
crimson_button,0,0,0,0,0,0,0,0,0,0,0,0,2,0,0,0,2,0.13,0 (tie),2 (This_is_KB)
crimson_fungus,0,9,0,0,0,4,8,0,8,0,26,0,13,9,0,0,77,4.81,0 (tie),26 (PuffingFishHQ)
crimson_nylium,0,63,0,0,0,84,0,0,42,0,29,0,17,0,0,18,253,15.81,0 (tie),84 (HughBone)
crimson_planks,0,20,0,0,30,7,0,0,0,0,0,0,0,30,2,0,89,5.56,0 (tie),30 (tie)
crimson_roots,0,47,1,0,0,28,1,0,11,0,5,0,15,36,2,16,162,10.13,0 (tie),47 (Artorvian)
crimson_sign,0,0,0,0,0,0,0,0,0,0,0,0,0,0,22,0,22,1.38,0 (tie),22 (tinkfro)
crimson_slab,0,0,0,0,0,2,0,0,0,0,0,0,0,0,2,0,4,0.25,0 (tie),2 (tie)
crimson_stairs,0,16,0,0,0,3,0,0,0,0,0,0,0,0,0,0,19,1.19,0 (tie),16 (Artorvian)
crimson_stem,0,16,0,72,37,261,8,0,2,0,149,0,27,7,115,0,694,43.38,0 (tie),261 (HughBone)
crimson_trapdoor,0,72,0,0,0,0,0,0,0,0,0,0,0,0,266,0,338,21.13,0 (tie),266 (tinkfro)
crossbow,0,5,3,8,0,6,0,0,76,0,180,0,7,3,28,2,318,19.88,0 (tie),180 (PuffingFishHQ)
crying_obsidian,0,3,0,21,0,7,0,7,24,0,94,0,1,0,90,0,247,15.44,0 (tie),94 (PuffingFishHQ)
cut_copper,0,124,0,0,0,0,0,0,0,0,0,0,0,0,0,0,124,7.75,0 (tie),124 (Artorvian)
cut_copper_stairs,0,0,0,47,2,0,0,0,0,0,0,0,0,7,0,0,56,3.50,0 (tie),47 (Blondskunk)
cut_sandstone,0,0,25,2,5,92,0,0,77,5,411,0,0,4,143,0,764,47.75,0 (tie),411 (PuffingFishHQ)
cut_sandstone_slab,0,0,0,0,0,0,0,0,0,0,30,0,0,0,0,0,30,1.88,0 (tie),30 (PuffingFishHQ)
cyan_banner,0,0,0,0,1,0,0,0,0,0,0,0,0,0,0,0,1,0.06,0 (tie),1 (BrokenPixelSK)
cyan_bed,1,0,0,535,105,0,0,0,1,0,0,0,0,0,0,0,642,40.13,0 (tie),535 (Blondskunk)
cyan_candle,0,0,0,4,0,0,0,0,0,0,0,0,0,0,0,0,4,0.25,0 (tie),4 (Blondskunk)
cyan_carpet,0,0,0,40,0,0,0,0,0,0,0,0,1,17,2,1,61,3.81,0 (tie),40 (Blondskunk)
cyan_concrete,0,0,0,121,0,0,0,0,0,0,0,0,265,0,49,0,435,27.19,0 (tie),265 (This_is_KB)
cyan_concrete_powder,0,0,0,0,0,0,0,0,0,0,0,0,0,0,7,0,7,0.44,0 (tie),7 (tinkfro)
cyan_dye,0,0,0,9,1,3,0,0,0,0,0,0,0,0,1,0,14,0.88,0 (tie),9 (Blondskunk)
cyan_glazed_terracotta,0,0,0,0,0,0,0,0,0,0,60,0,0,0,0,0,60,3.75,0 (tie),60 (PuffingFishHQ)
cyan_shulker_box,0,0,0,129,0,0,0,0,0,0,0,0,0,0,0,0,129,8.06,0 (tie),129 (Blondskunk)
cyan_stained_glass,0,0,0,20,0,0,0,0,0,0,3,0,0,0,0,0,23,1.44,0 (tie),20 (Blondskunk)
cyan_terracotta,40,0,0,0,0,0,0,0,0,0,0,0,190,0,192,522,944,59.00,0 (tie),522 (WhiteFyr)
cyan_wool,0,2,0,172,380,620,0,0,0,0,0,0,166,178,19,1,1538,96.13,0 (tie),620 (HughBone)
damaged_anvil,0,0,0,0,0,0,0,0,4,0,4,0,3,0,1,0,12,0.75,0 (tie),4 (tie)
dandelion,5,475,1014,299,28,79,1,58,32,11,170,10,190,337,192,156,3057,191.06,1 (ImGP),1014 (Ash298)
dark_oak_boat,0,0,0,0,0,0,0,1,2,0,1,0,0,0,1,0,5,0.31,0 (tie),2 (JustinL94)
dark_oak_button,0,15,0,7,0,0,0,0,0,0,29,0,0,6,1,0,58,3.63,0 (tie),29 (PuffingFishHQ)
dark_oak_chest_boat,0,0,0,0,10,0,0,0,0,0,9,0,0,35,2,0,56,3.50,0 (tie),35 (ThisIsDoom)
dark_oak_door,0,28,0,1,0,0,0,0,0,0,0,0,2,15,5,0,51,3.19,0 (tie),28 (Artorvian)
dark_oak_fence,0,74,90,157,19,0,1,0,4,0,0,0,52,15,27,0,439,27.44,0 (tie),157 (Blondskunk)
dark_oak_fence_gate,0,180,57,3,0,0,0,5,0,0,0,0,0,9,5,0,259,16.19,0 (tie),180 (Artorvian)
dark_oak_hanging_sign,0,0,0,13,0,0,0,0,0,0,0,0,0,0,0,0,13,0.81,0 (tie),13 (Blondskunk)
dark_oak_leaves,1,18,0,37,0,0,0,133,0,0,62,0,3,20,40,0,314,19.63,0 (tie),133 (Jagiero)
dark_oak_log,407,1991,990,2988,709,31,2165,1490,940,676,5222,4,13093,1923,488,694,33811,2113.19,4 (squaremario),13093 (This_is_KB)
dark_oak_planks,0,1200,237,46,0,0,106,24,79,0,471,13,6,658,73,30,2943,183.94,0 (tie),1200 (Artorvian)
dark_oak_pressure_plate,0,0,0,0,0,0,0,0,0,0,1,0,0,0,0,0,1,0.06,0 (tie),1 (PuffingFishHQ)
dark_oak_sapling,48,91,72,196,26,3,85,216,103,103,218,0,592,213,40,40,2046,127.88,0 (squaremario),592 (This_is_KB)
dark_oak_sign,0,6,0,42,0,0,0,0,2,0,8,0,5,58,11,0,132,8.25,0 (tie),58 (ThisIsDoom)
dark_oak_slab,0,255,29,204,0,3,19,1,57,1,145,0,12,4,52,2,784,49.00,0 (tie),255 (Artorvian)
dark_oak_stairs,0,2173,98,127,2,0,28,0,22,2,16,0,7,16,58,70,2619,163.69,0 (tie),2173 (Artorvian)
dark_oak_trapdoor,0,1485,70,136,0,0,29,0,34,0,209,0,14,96,132,3,2208,138.00,0 (tie),1485 (Artorvian)
dark_oak_wood,0,176,2,0,0,0,0,0,0,0,10,0,0,0,0,0,188,11.75,0 (tie),176 (Artorvian)
dark_prismarine,0,0,0,0,0,20,0,0,0,4,56,0,0,0,1,0,81,5.06,0 (tie),56 (PuffingFishHQ)
dark_prismarine_slab,1,0,0,0,0,0,0,0,0,0,73,0,0,0,0,0,74,4.63,0 (tie),73 (PuffingFishHQ)
dark_prismarine_stairs,0,0,0,0,0,0,0,0,0,3,45,0,0,0,0,0,48,3.00,0 (tie),45 (PuffingFishHQ)
daylight_detector,0,6,0,0,0,0,0,0,0,0,0,0,0,1,0,0,7,0.44,0 (tie),6 (Artorvian)
dead_brain_coral_block,0,55,0,0,0,0,0,508,0,0,0,0,0,0,0,0,563,35.19,0 (tie),508 (Jagiero)
dead_bubble_coral_block,0,0,0,0,0,0,0,742,0,0,0,0,0,3,0,0,745,46.56,0 (tie),742 (Jagiero)
dead_bubble_coral_fan,0,19,0,0,0,0,0,0,0,0,0,0,0,0,0,0,19,1.19,0 (tie),19 (Artorvian)
dead_bush,0,0,0,30,0,0,0,0,0,0,19,0,1,25,119,0,194,12.13,0 (tie),119 (tinkfro)
dead_fire_coral_block,0,42,0,0,0,0,0,0,0,0,0,0,0,0,0,0,42,2.63,0 (tie),42 (Artorvian)
dead_horn_coral,0,0,0,0,0,0,0,0,0,0,6,0,0,0,0,0,6,0.38,0 (tie),6 (PuffingFishHQ)
decorated_pot,0,0,0,26,0,0,0,0,0,0,2,0,0,0,3,0,31,1.94,0 (tie),26 (Blondskunk)
deepslate,3962,717,1580,13502,0,6622,0,5054,218,13316,12704,15,19034,565,2465,13836,93590,5849.38,0 (tie),19034 (This_is_KB)
deepslate_brick_slab,0,0,4,55,0,0,0,153,6,0,0,0,0,13,1370,19,1620,101.25,0 (tie),1370 (tinkfro)
deepslate_brick_stairs,0,12,15,668,0,0,0,894,0,0,0,0,9,9,50,3,1660,103.75,0 (tie),894 (Jagiero)
deepslate_brick_wall,0,0,12,91,0,0,0,211,0,0,0,0,0,0,2,0,316,19.75,0 (tie),211 (Jagiero)
deepslate_bricks,2,34,31,1230,2,1,0,723,6,0,672,1,0,7,698,460,3867,241.69,0 (tie),1230 (Blondskunk)
deepslate_coal_ore,0,0,0,0,0,0,0,0,0,0,0,0,16,0,0,6,22,1.38,0 (tie),16 (This_is_KB)
deepslate_copper_ore,0,93,18,0,0,2,0,0,0,78,73,0,281,45,44,135,769,48.06,0 (tie),281 (This_is_KB)
deepslate_diamond_ore,84,48,38,265,0,107,0,339,34,201,149,0,163,21,149,335,1933,120.81,0 (tie),339 (Jagiero)
deepslate_emerald_ore,0,0,0,0,0,0,0,0,0,0,0,0,0,0,0,2,2,0.13,0 (tie),2 (WhiteFyr)
deepslate_gold_ore,101,82,57,326,0,76,0,339,17,68,71,0,183,21,324,535,2200,137.50,0 (tie),535 (WhiteFyr)
deepslate_iron_ore,73,41,147,251,0,6,0,333,41,28,51,0,92,17,138,568,1786,111.63,0 (tie),568 (WhiteFyr)
deepslate_lapis_ore,8,36,24,132,0,18,0,106,16,51,26,0,101,0,181,316,1015,63.44,0 (tie),316 (WhiteFyr)
deepslate_redstone_ore,246,203,116,745,0,16,0,290,48,115,267,0,485,33,365,1145,4074,254.63,0 (tie),1145 (WhiteFyr)
deepslate_tile_slab,8,409,0,334,0,0,0,2,3,0,913,0,24,80,9,0,1782,111.38,0 (tie),913 (PuffingFishHQ)
deepslate_tile_stairs,0,13,0,12,0,0,0,57,6,0,0,0,33,533,6,1,661,41.31,0 (tie),533 (ThisIsDoom)
deepslate_tile_wall,0,47,0,118,0,0,0,132,24,0,2,0,0,1,31,0,355,22.19,0 (tie),132 (Jagiero)
deepslate_tiles,0,621,0,365,62,0,0,904,12,0,20,0,118,1,11,575,2689,168.06,0 (tie),904 (Jagiero)
detector_rail,0,0,0,0,0,0,0,0,0,0,14,0,0,0,3,0,17,1.06,0 (tie),14 (PuffingFishHQ)
diamond,284,211,200,921,39,373,46,760,337,186,515,28,503,206,285,862,5756,359.75,28 (squaremario),921 (Blondskunk)
diamond_axe,2,17,6,22,0,30,4,11,1,6,44,1,12,0,22,5,183,11.44,0 (tie),44 (PuffingFishHQ)
diamond_block,0,0,2,23,0,0,0,0,28,0,18,0,0,0,6,0,77,4.81,0 (tie),28 (JustinL94)
diamond_boots,1,12,5,9,0,16,0,8,3,3,23,1,21,0,37,5,144,9.00,0 (tie),37 (tinkfro)
diamond_chestplate,0,4,5,5,0,4,0,0,0,0,11,0,18,0,20,4,71,4.44,0 (tie),20 (tinkfro)
diamond_helmet,1,5,3,8,0,9,0,0,1,0,22,0,23,3,30,4,109,6.81,0 (tie),30 (tinkfro)
diamond_hoe,0,12,2,1,0,29,0,4,5,0,21,0,6,0,11,2,93,5.81,0 (tie),29 (HughBone)
diamond_horse_armor,0,0,0,0,0,5,1,0,1,0,2,0,0,2,1,0,12,0.75,0 (tie),5 (HughBone)
diamond_leggings,1,14,5,9,0,4,0,4,3,0,20,1,21,0,34,7,123,7.69,0 (tie),34 (tinkfro)
diamond_ore,0,0,2,0,0,0,0,0,6,0,0,0,0,0,2,2,12,0.75,0 (tie),6 (JustinL94)
diamond_pickaxe,15,29,19,28,0,53,4,15,8,7,75,3,26,0,50,17,349,21.81,0 (tie),75 (PuffingFishHQ)
diamond_shovel,1,5,9,12,0,29,1,10,5,4,52,1,13,1,44,5,192,12.00,0 (BrokenPixelSK),52 (PuffingFishHQ)
diamond_sword,4,15,3,14,0,3,0,12,7,5,51,1,27,0,30,5,177,11.06,0 (tie),51 (PuffingFishHQ)
diorite,106,1096,518,1215,932,69,2297,1713,268,472,1557,41,1713,730,2261,17701,32689,2043.06,41 (squaremario),17701 (WhiteFyr)
diorite_slab,1,46,16,20,0,8,30,0,0,0,0,0,10,0,14,0,145,9.06,0 (tie),46 (Artorvian)
diorite_stairs,0,2,2,0,0,0,25,0,0,0,0,0,0,0,0,6,35,2.19,0 (tie),25 (ImGP)
diorite_wall,0,124,0,3,0,0,0,12,20,0,8,0,1,0,29,5,202,12.63,0 (tie),124 (Artorvian)
dirt,2868,3691,11895,34905,4547,5220,9114,13917,1872,5425,38667,24,37993,3930,20113,14141,208322,13020.13,24 (squaremario),38667 (PuffingFishHQ)
dispenser,0,4,8,1,23,76,0,3,2,0,45,0,5,0,10,0,177,11.06,0 (tie),76 (HughBone)
dragon_egg,1,0,0,0,0,0,0,0,0,0,0,0,0,0,0,0,1,0.06,0 (tie),1 (AllOutJay)
dragon_head,0,1,5,5,0,3,0,0,4,0,10,0,6,3,0,0,37,2.31,0 (tie),10 (PuffingFishHQ)
dried_kelp,0,0,0,0,0,0,0,0,0,0,64,0,0,0,1,0,65,4.06,0 (tie),64 (PuffingFishHQ)
dried_kelp_block,0,0,1,0,0,0,0,0,0,0,1,0,0,2,3,0,7,0.44,0 (tie),3 (tinkfro)
dripstone_block,200,99,97,86,159,253,180,748,29,13,2702,1,473,211,1215,2472,8938,558.63,1 (squaremario),2702 (PuffingFishHQ)
dropper,0,0,0,0,0,0,0,2,4,0,63,0,0,0,6,0,75,4.69,0 (tie),63 (PuffingFishHQ)
dune_armor_trim_smithing_template,0,0,0,0,0,0,0,0,0,0,1,0,0,0,0,0,1,0.06,0 (tie),1 (PuffingFishHQ)
egg,70,24,31,179,17,44,14,7,26,65,104,3,138,72,651,112,1557,97.31,3 (squaremario),651 (tinkfro)
elytra,5,12,11,24,0,2,1,4,7,1,28,4,13,3,33,3,151,9.44,0 (BrokenPixelSK),33 (tinkfro)
emerald,17,8,77,22,11,377,2,0,557,0,53001,0,64,20,264,41,54461,3403.81,0 (tie),53001 (PuffingFishHQ)
emerald_block,0,0,0,0,0,13,0,0,11,0,2395,0,0,0,1282,0,3701,231.31,0 (tie),2395 (PuffingFishHQ)
emerald_ore,0,0,2,2,0,5,0,0,0,12,2,0,0,0,18,17,58,3.63,0 (tie),18 (tinkfro)
enchanted_book,3,3,10,2,1,6,1,0,4,1,77,0,1,16,36,1,162,10.13,0 (tie),77 (PuffingFishHQ)
enchanted_golden_apple,0,0,0,0,0,7,0,0,0,0,1,0,0,0,2,1,11,0.69,0 (tie),7 (HughBone)
enchanting_table,0,6,0,0,1,0,0,2,0,0,0,0,1,0,2,0,12,0.75,0 (tie),6 (Artorvian)
end_rod,20,1,31,17,0,96,0,0,19,0,49,0,8,14,599,0,854,53.38,0 (tie),599 (tinkfro)
end_stone,256,80,856,1,0,47,0,17,440,0,2421,0,65,988,884,0,6055,378.44,0 (tie),2421 (PuffingFishHQ)
end_stone_brick_slab,0,0,0,0,0,0,0,0,8,0,2,0,0,0,0,0,10,0.63,0 (tie),8 (JustinL94)
end_stone_bricks,35,1,16,19,0,0,0,0,57,0,59,0,4,17,240,0,448,28.00,0 (tie),240 (tinkfro)
ender_chest,36,4,5,376,0,66,1,16,32,0,89,0,364,0,573,176,1738,108.63,0 (tie),573 (tinkfro)
ender_eye,1,0,0,0,0,10,0,0,0,0,0,0,0,0,0,0,11,0.69,0 (tie),10 (HughBone)
ender_pearl,400,749,412,4930,2,677,1,1097,307,1105,2923,8,1290,5,348,2373,16627,1039.19,1 (ImGP),4930 (Blondskunk)
experience_bottle,0,0,0,0,0,0,0,0,0,0,6,0,0,0,0,0,6,0.38,0 (tie),6 (PuffingFishHQ)
exposed_copper,0,1,0,0,0,0,0,0,0,24,0,0,0,43,0,0,68,4.25,0 (tie),43 (ThisIsDoom)
exposed_copper_bulb,0,0,0,32,0,0,0,0,0,0,0,0,0,0,0,0,32,2.00,0 (tie),32 (Blondskunk)
exposed_cut_copper,0,2,0,0,0,0,0,0,0,0,0,0,0,0,0,0,2,0.13,0 (tie),2 (Artorvian)
exposed_cut_copper_slab,0,0,0,0,1,0,0,0,0,0,0,0,0,0,0,0,1,0.06,0 (tie),1 (BrokenPixelSK)
exposed_cut_copper_stairs,1,0,0,13,0,0,0,0,0,0,0,0,0,8,0,0,22,1.38,0 (tie),13 (Blondskunk)
feather,24,0,8,47,1,14,0,19,8,6,30,10,15,42,45,5,274,17.13,0 (tie),47 (Blondskunk)
fermented_spider_eye,0,0,0,0,0,0,0,0,0,0,1,0,0,0,0,0,1,0.06,0 (tie),1 (PuffingFishHQ)
fern,0,0,0,672,0,0,0,0,0,0,16,0,7,0,258,1,954,59.63,0 (tie),672 (Blondskunk)
filled_map,0,0,0,11,1,0,0,0,0,0,0,0,0,29,0,0,41,2.56,0 (tie),29 (ThisIsDoom)
fire_charge,0,1,0,4,0,0,0,4,9,0,29,0,0,2,27,0,76,4.75,0 (tie),29 (PuffingFishHQ)
fire_coral,0,65,0,0,0,0,0,7,0,0,0,0,0,14,0,0,86,5.38,0 (tie),65 (Artorvian)
fire_coral_block,0,65,0,0,0,0,0,1,0,0,20,0,0,60,0,0,146,9.13,0 (tie),65 (Artorvian)
fire_coral_fan,0,69,0,0,0,0,0,21,0,0,8,0,0,130,0,0,228,14.25,0 (tie),130 (ThisIsDoom)
firework_rocket,27,346,91,506,0,297,64,137,67,0,1348,44,416,0,6397,122,9862,616.38,0 (tie),6397 (tinkfro)
fishing_rod,3,0,0,4,0,0,2,1,0,0,5,4,1,0,3,0,23,1.44,0 (tie),5 (PuffingFishHQ)
fletching_table,0,0,0,0,0,0,0,0,0,0,51,0,0,0,0,0,51,3.19,0 (tie),51 (PuffingFishHQ)
flint,1,53,20,97,23,45,23,356,6,479,217,0,795,127,73,16,2331,145.69,0 (squaremario),795 (This_is_KB)
flint_and_steel,4,7,3,3,1,14,0,2,3,0,20,0,1,9,9,4,80,5.00,0 (tie),20 (PuffingFishHQ)
flower_pot,0,14,16,19,1,0,0,0,0,1,3,0,3,94,8,0,159,9.94,0 (tie),94 (ThisIsDoom)
flowering_azalea,12,23,17,74,16,9,22,125,6,0,933,9,30,33,158,8,1475,92.19,0 (KingZee),933 (PuffingFishHQ)
flowering_azalea_leaves,182,209,39,1053,27,0,0,0,26,0,383,0,284,222,18,139,2582,161.38,0 (tie),1053 (Blondskunk)
furnace,3,87,17,32,10,38,17,10,5,15,74,8,111,31,45,15,518,32.38,3 (AllOutJay),111 (This_is_KB)
furnace_minecart,0,0,0,0,0,9,0,0,0,0,7,0,0,0,0,0,16,1.00,0 (tie),9 (HughBone)
ghast_tear,1,2,4,6,2,0,8,0,3,0,5,0,1,1,1,3,37,2.31,0 (tie),8 (ImGP)
gilded_blackstone,0,0,0,0,0,0,0,0,0,0,6,0,8,0,77,2,93,5.81,0 (tie),77 (tinkfro)
glass,0,483,0,206,156,1544,46,5,529,16,3137,0,212,10,1303,1,7648,478.00,0 (tie),3137 (PuffingFishHQ)
glass_bottle,1,12,255,69,0,134,1,1,104,0,2339,0,613,0,45,4,3578,223.63,0 (tie),2339 (PuffingFishHQ)
glass_pane,0,2,0,0,0,13,17,0,0,0,0,0,8,40,47,0,127,7.94,0 (tie),47 (tinkfro)
glistering_melon_slice,0,0,0,3,10,0,0,0,0,0,36,0,0,0,0,0,49,3.06,0 (tie),36 (PuffingFishHQ)
glow_berries,0,170,8,50,0,85,0,0,10,0,0,0,12,111,12,10,468,29.25,0 (tie),170 (Artorvian)
glow_ink_sac,13,16,31,66,17,25,10,23,6,61,79,2,21,105,124,58,657,41.06,2 (squaremario),124 (tinkfro)
glow_item_frame,0,0,0,0,0,0,0,0,0,0,4,0,0,0,1,0,5,0.31,0 (tie),4 (PuffingFishHQ)
glow_lichen,0,234,0,194,0,0,0,0,0,0,10,0,27,0,1,0,466,29.13,0 (tie),234 (Artorvian)
glowstone,0,0,0,0,0,149,0,1,0,0,47,0,5,88,256,35,581,36.31,0 (tie),256 (tinkfro)
glowstone_dust,0,0,0,2,218,21,0,0,45,0,1207,0,3,637,1,4,2138,133.63,0 (tie),1207 (PuffingFishHQ)
goat_horn,24,0,0,4,0,0,0,0,0,0,9,1,0,0,0,7,45,2.81,0 (tie),24 (AllOutJay)
gold_block,1,40,13,14,0,38,0,0,0,0,2,0,2,6,94,0,210,13.13,0 (tie),94 (tinkfro)
gold_ingot,116,22,0,70,42,117,59,3,706,0,521,0,115,173,282,17,2243,140.19,0 (tie),706 (JustinL94)
gold_nugget,46,11,0,236,56,37,0,0,106,475,177,0,216,128,34,630,2152,134.50,0 (tie),630 (WhiteFyr)
gold_ore,0,3,2,13,0,0,0,31,3,10,3,0,28,23,24,115,255,15.94,0 (tie),115 (WhiteFyr)
golden_apple,0,1,0,4,3,8,0,0,3,0,7,0,5,23,7,1,62,3.88,0 (tie),23 (ThisIsDoom)
golden_axe,0,0,0,1,0,2,0,0,0,0,0,0,0,0,5,0,8,0.50,0 (tie),5 (tinkfro)
golden_boots,41,18,4,14,9,18,1,11,38,7,29,0,26,97,9,19,341,21.31,0 (squaremario),97 (ThisIsDoom)
golden_carrot,28,176,3,58,0,527,0,0,0,0,939,0,4,28,290,39,2092,130.75,0 (tie),939 (PuffingFishHQ)
golden_chestplate,22,13,4,23,11,20,1,10,19,4,27,0,13,79,21,4,271,16.94,0 (squaremario),79 (ThisIsDoom)
golden_helmet,28,11,5,10,8,13,1,17,15,5,34,0,18,32,32,12,241,15.06,0 (squaremario),34 (PuffingFishHQ)
golden_horse_armor,0,0,0,0,0,0,2,0,2,0,2,0,4,13,3,0,26,1.63,0 (tie),13 (ThisIsDoom)
golden_leggings,33,14,2,10,8,9,1,14,17,4,50,1,15,79,19,15,291,18.19,1 (tie),79 (ThisIsDoom)
golden_pickaxe,0,0,0,0,0,0,0,0,0,0,0,0,0,0,2,0,2,0.13,0 (tie),2 (tinkfro)
golden_sword,1,1,2,1,0,4,0,0,0,0,1,0,0,0,0,1,11,0.69,0 (tie),4 (HughBone)
granite,298,1501,477,1010,308,313,9,999,542,119,2311,6,3194,278,986,15234,27585,1724.06,6 (squaremario),15234 (WhiteFyr)
granite_slab,0,0,0,0,1,0,0,0,0,0,0,0,0,0,12,0,13,0.81,0 (tie),12 (tinkfro)
granite_stairs,0,7,7,6,0,0,0,0,0,0,0,0,0,0,0,0,20,1.25,0 (tie),7 (tie)
granite_wall,0,11,10,19,21,0,0,0,0,0,8,0,0,0,18,0,87,5.44,0 (tie),21 (BrokenPixelSK)
grass,0,0,0,0,154,151,0,0,0,0,0,0,0,2,0,0,307,19.19,0 (tie),154 (BrokenPixelSK)
grass_block,186,1151,3468,26893,0,2065,7,11,1161,215,12280,0,16173,37,22114,9007,94768,5923.00,0 (tie),26893 (Blondskunk)
gravel,729,638,829,7284,250,665,161,3272,594,4201,2800,0,6996,651,4636,8972,42678,2667.38,0 (squaremario),8972 (WhiteFyr)
gray_carpet,3,18,6,2,7,0,0,0,0,0,15,0,0,43,4,4,102,6.38,0 (tie),43 (ThisIsDoom)
gray_concrete,0,48,0,987,0,0,0,0,0,1,0,0,2541,0,0,0,3577,223.56,0 (tie),2541 (This_is_KB)
gray_concrete_powder,14,0,0,509,0,0,0,0,0,0,3,0,653,0,0,1,1180,73.75,0 (tie),653 (This_is_KB)
gray_dye,0,0,0,0,1,0,0,0,0,0,0,0,0,0,0,0,1,0.06,0 (tie),1 (BrokenPixelSK)
gray_shulker_box,30,0,0,0,0,0,0,0,0,0,19,0,0,0,154,0,203,12.69,0 (tie),154 (tinkfro)
gray_stained_glass,0,0,0,0,0,601,0,0,0,19,0,0,0,0,6,0,626,39.13,0 (tie),601 (HughBone)
gray_stained_glass_pane,0,0,0,0,0,0,0,0,0,0,0,0,0,0,34,0,34,2.13,0 (tie),34 (tinkfro)
gray_terracotta,0,34,0,0,0,0,0,0,0,0,0,0,0,0,0,0,34,2.13,0 (tie),34 (Artorvian)
gray_wool,1,0,0,1,5,17,0,0,0,0,4,1,1,0,46,3,79,4.94,0 (tie),46 (tinkfro)
green_bed,0,0,0,1,0,0,0,0,4,0,23,0,0,0,0,0,28,1.75,0 (tie),23 (PuffingFishHQ)
green_candle,0,0,0,0,0,0,0,0,0,0,0,0,0,2,0,0,2,0.13,0 (tie),2 (ThisIsDoom)
green_carpet,0,0,0,1,0,0,0,0,0,0,0,0,1,0,0,0,2,0.13,0 (tie),1 (tie)
green_concrete,0,0,0,126,0,0,0,0,0,0,8,0,32,0,0,0,166,10.38,0 (tie),126 (Blondskunk)
green_concrete_powder,0,0,0,0,0,0,0,0,0,0,1,0,0,0,0,0,1,0.06,0 (tie),1 (PuffingFishHQ)
green_dye,0,136,136,0,1,0,0,0,0,0,0,0,20,0,189,0,482,30.13,0 (tie),189 (tinkfro)
green_shulker_box,7,0,0,0,0,0,0,0,0,0,17,0,0,0,0,0,24,1.50,0 (tie),17 (PuffingFishHQ)
green_stained_glass_pane,0,0,0,2,0,0,0,0,0,0,0,0,24,0,0,9,35,2.19,0 (tie),24 (This_is_KB)
green_terracotta,0,0,0,1,0,0,0,0,0,0,1,0,27,0,355,0,384,24.00,0 (tie),355 (tinkfro)
green_wool,0,0,0,21,0,0,0,0,0,0,0,0,0,0,0,0,21,1.31,0 (tie),21 (Blondskunk)
grindstone,1,5,1,2,1,0,1,8,3,12,8,0,1,11,1,0,55,3.44,0 (tie),12 (KingZee)
gunpowder,56,55,63,73,27,41,37,39,111,81,1462,1,43,94,688,183,3054,190.88,1 (squaremario),1462 (PuffingFishHQ)
hanging_roots,0,0,0,0,10,0,0,0,0,0,0,0,22,79,0,0,111,6.94,0 (tie),79 (ThisIsDoom)
hay_block,26,35,0,161,396,0,0,0,3,26,0,0,0,646,202,22,1517,94.81,0 (tie),646 (ThisIsDoom)
heart_of_the_sea,0,0,0,0,1,0,0,1,0,0,0,0,0,0,4,0,6,0.38,0 (tie),4 (tinkfro)
heavy_weighted_pressure_plate,0,0,0,0,0,0,0,0,0,0,0,0,8,0,2,0,10,0.63,0 (tie),8 (This_is_KB)
honey_block,0,76,0,0,0,0,0,0,0,0,36,0,0,0,4,0,116,7.25,0 (tie),76 (Artorvian)
honey_bottle,1,2,0,1,1,0,0,0,0,0,3,0,0,0,2,0,10,0.63,0 (tie),3 (PuffingFishHQ)
honeycomb,3,1006,12,265,3446,0,0,0,0,21,66,0,19,352,27,1,5218,326.13,0 (tie),3446 (BrokenPixelSK)
honeycomb_block,0,672,10,0,0,0,0,0,0,0,0,0,0,0,0,0,682,42.63,0 (tie),672 (Artorvian)
hopper,0,4,20,28,22,22,1,36,24,24,415,0,142,7,146,4,895,55.94,0 (tie),415 (PuffingFishHQ)
hopper_minecart,0,0,2,0,18,17,0,1,0,0,100,0,1,6,2,0,147,9.19,0 (tie),100 (PuffingFishHQ)
horn_coral,0,64,0,0,0,0,0,4,0,0,11,0,0,32,0,0,111,6.94,0 (tie),64 (Artorvian)
horn_coral_block,0,66,0,0,0,0,0,1,0,0,25,0,0,54,0,0,146,9.13,0 (tie),66 (Artorvian)
horn_coral_fan,0,69,0,0,0,0,0,19,0,0,5,0,0,110,3,0,206,12.88,0 (tie),110 (ThisIsDoom)
ice,2,0,0,665,0,0,0,0,52,0,3177,0,2,0,4,935,4837,302.31,0 (tie),3177 (PuffingFishHQ)
ink_sac,73,368,8,49,13,145,3,457,470,3,134,0,594,110,239,170,2836,177.25,0 (squaremario),594 (This_is_KB)
iron_axe,1,3,7,2,4,25,0,1,35,1,163,3,4,5,18,6,278,17.38,0 (ImGP),163 (PuffingFishHQ)
iron_bars,0,92,10,21,0,6,84,9,2,0,63,0,32,45,341,16,721,45.06,0 (tie),341 (tinkfro)
iron_block,166,0,41,402,0,0,55,0,78,0,1888,64,488,44,1703,515,5444,340.25,0 (tie),1888 (PuffingFishHQ)
iron_boots,8,8,11,5,3,24,0,7,13,1,38,2,4,4,39,8,175,10.94,0 (ImGP),39 (tinkfro)
iron_chestplate,3,7,7,5,3,39,1,9,3,5,22,2,0,5,47,2,160,10.00,0 (This_is_KB),47 (tinkfro)
iron_door,0,0,2,2,1,2,4,1,0,0,10,0,13,3,13,6,57,3.56,0 (tie),13 (tie)
iron_helmet,10,2,6,4,3,22,1,0,6,5,25,2,5,3,11,1,106,6.63,0 (Jagiero),25 (PuffingFishHQ)
iron_hoe,0,1,0,1,0,2,0,1,1,0,0,0,0,1,3,0,10,0.63,0 (tie),3 (tinkfro)
iron_horse_armor,0,0,1,0,0,1,0,0,1,0,1,0,4,9,2,1,20,1.25,0 (tie),9 (ThisIsDoom)
iron_ingot,57,30,18,84,95,127,6,24,344,0,18497,110,299,200,670,2358,22919,1432.44,0 (KingZee),18497 (PuffingFishHQ)
iron_leggings,6,4,19,4,3,52,1,8,8,0,33,2,6,7,38,7,198,12.38,0 (KingZee),52 (HughBone)
iron_nugget,0,128,0,59,6,7,7,12,56,0,127,0,5,38,201,0,646,40.38,0 (tie),201 (tinkfro)
iron_ore,13,12,165,95,0,23,0,371,9,270,76,0,46,222,304,1298,2904,181.50,0 (tie),1298 (WhiteFyr)
iron_pickaxe,7,2,12,0,5,22,2,1,4,4,15,1,4,11,16,9,115,7.19,0 (Blondskunk),22 (HughBone)
iron_shovel,1,4,7,2,10,15,0,9,4,0,13,0,9,10,13,1,98,6.13,0 (tie),15 (HughBone)
iron_sword,7,3,11,4,2,13,0,5,2,0,23,2,9,9,25,10,125,7.81,0 (tie),25 (tinkfro)
iron_trapdoor,9,47,5,4,0,2,0,0,1,66,6,0,0,0,341,0,481,30.06,0 (tie),341 (tinkfro)
item_frame,0,0,0,19,4,5,0,14,0,1,63,0,265,20,4,1,396,24.75,0 (tie),265 (This_is_KB)
jack_o_lantern,0,316,50,0,0,0,0,0,0,0,20,0,0,0,0,0,386,24.13,0 (tie),316 (Artorvian)
jukebox,4,2,4,2,0,0,0,0,0,0,3,0,8,0,2,0,25,1.56,0 (tie),8 (This_is_KB)
jungle_boat,0,0,0,0,0,0,0,2,0,0,5,0,0,0,0,0,7,0.44,0 (tie),5 (PuffingFishHQ)
jungle_button,0,0,0,0,0,0,0,0,0,0,1,0,0,0,0,0,1,0.06,0 (tie),1 (PuffingFishHQ)
jungle_door,0,0,0,2,0,0,0,0,0,6,2,0,1,36,0,1,48,3.00,0 (tie),36 (ThisIsDoom)
jungle_fence,0,18,5,17,0,0,0,48,0,0,48,0,23,17,13,0,189,11.81,0 (tie),48 (tie)
jungle_fence_gate,0,11,2,384,0,0,0,0,0,0,1156,0,2,9,3,192,1759,109.94,0 (tie),1156 (PuffingFishHQ)
jungle_hanging_sign,0,0,0,0,0,0,0,0,0,0,1,0,1,0,0,0,2,0.13,0 (tie),1 (tie)
jungle_leaves,0,4,0,10,0,1,0,0,0,0,736,0,33,0,22,1,807,50.44,0 (tie),736 (PuffingFishHQ)
jungle_log,0,344,940,222,127,3,12,181,48,522,8557,0,782,257,912,0,12907,806.69,0 (tie),8557 (PuffingFishHQ)
jungle_planks,0,2,61,2,0,0,17,1,22,0,208,0,1,1297,511,0,2122,132.63,0 (tie),1297 (ThisIsDoom)
jungle_sapling,0,13,38,0,0,0,2,15,9,54,259,0,46,90,23,0,549,34.31,0 (tie),259 (PuffingFishHQ)
jungle_sign,0,12,3,0,0,0,4,0,0,0,13,0,5,0,3,0,40,2.50,0 (tie),13 (PuffingFishHQ)
jungle_slab,1,6,10,5,0,0,0,0,0,0,79,0,15,272,35,0,423,26.44,0 (tie),272 (ThisIsDoom)
jungle_stairs,0,8,6,0,0,0,0,0,0,0,32,0,24,89,62,0,221,13.81,0 (tie),89 (ThisIsDoom)
jungle_trapdoor,0,54,45,0,0,0,0,0,2,15,63,0,27,66,276,0,548,34.25,0 (tie),276 (tinkfro)
jungle_wood,0,1,20,0,0,0,0,0,0,0,0,0,0,0,0,0,21,1.31,0 (tie),20 (Ash298)
kelp,0,114,235,14,10,864,0,1350,9,28,2499,0,871,16,1,64,6075,379.69,0 (tie),2499 (PuffingFishHQ)
ladder,0,33,18,16,6,279,15,149,3,0,223,0,67,16,27,202,1054,65.88,0 (tie),279 (HughBone)
lantern,1,26,13,70,1,19,0,106,22,0,201,0,23,27,52,61,622,38.88,0 (tie),201 (PuffingFishHQ)
lapis_block,0,0,2,0,0,40,29,0,177,0,8,0,0,145,35,0,436,27.25,0 (tie),177 (JustinL94)
lapis_lazuli,398,973,314,2654,242,980,471,2689,962,1223,1796,161,1861,1437,957,7078,24196,1512.25,161 (squaremario),7078 (WhiteFyr)
lapis_ore,0,0,3,13,0,2,0,43,20,17,38,0,38,20,48,140,382,23.88,0 (tie),140 (WhiteFyr)
large_amethyst_bud,0,1,0,5,0,0,0,0,0,0,5,0,0,0,0,0,11,0.69,0 (tie),5 (tie)
lava_bucket,0,0,0,1,0,0,0,0,0,0,4,0,0,0,1,1,7,0.44,0 (tie),4 (PuffingFishHQ)
lead,9,54,15,489,19,11,0,17,32,39,22,0,142,41,224,33,1147,71.69,0 (tie),489 (Blondskunk)
leather,249,158,13,216,129,37,282,713,482,605,491,7,2952,942,1462,6542,15280,955.00,7 (squaremario),6542 (WhiteFyr)
leather_boots,27,9,5,11,5,13,1,10,9,4,19,0,16,43,22,7,201,12.56,0 (squaremario),43 (ThisIsDoom)
leather_chestplate,17,8,1,11,4,11,0,7,22,4,20,0,13,40,18,7,183,11.44,0 (tie),40 (ThisIsDoom)
leather_helmet,17,8,2,5,5,6,0,6,12,2,15,0,10,19,13,4,124,7.75,0 (tie),19 (ThisIsDoom)
leather_leggings,31,8,3,6,3,10,0,13,22,9,20,0,13,31,16,3,188,11.75,0 (tie),31 (tie)
lectern,0,24,0,1,1,1,0,0,132,1,989,0,0,9,54,0,1212,75.75,0 (tie),989 (PuffingFishHQ)
lever,1,6,28,37,2,105,0,8,9,4,258,0,83,9,53,2,605,37.81,0 (tie),258 (PuffingFishHQ)
light_blue_banner,0,0,0,3,2,0,0,0,0,0,0,0,0,0,0,0,5,0.31,0 (tie),3 (Blondskunk)
light_blue_bed,130,0,0,380,0,0,0,0,0,0,0,0,0,0,1,2,513,32.06,0 (tie),380 (Blondskunk)
light_blue_carpet,0,0,0,2,0,0,0,0,0,0,0,0,0,0,0,0,2,0.13,0 (tie),2 (Blondskunk)
light_blue_concrete,0,0,0,843,0,0,0,0,0,0,0,0,581,0,0,0,1424,89.00,0 (tie),843 (Blondskunk)
light_blue_dye,1,0,0,0,1,8,0,0,0,0,0,0,0,0,0,0,10,0.63,0 (tie),8 (HughBone)
light_blue_glazed_terracotta,0,0,0,32,0,0,0,0,0,0,0,0,0,0,0,0,32,2.00,0 (tie),32 (Blondskunk)
light_blue_shulker_box,31,0,0,579,0,7,0,0,0,3,7,0,55,0,162,98,942,58.88,0 (tie),579 (Blondskunk)
light_blue_stained_glass,0,0,0,25,0,24,0,0,0,0,0,0,0,0,0,0,49,3.06,0 (tie),25 (Blondskunk)
light_blue_stained_glass_pane,0,36,0,9,0,0,0,0,0,0,0,0,1,0,0,0,46,2.88,0 (tie),36 (Artorvian)
light_blue_terracotta,0,0,0,0,0,0,0,0,0,0,21,0,0,0,0,0,21,1.31,0 (tie),21 (PuffingFishHQ)
light_blue_wool,7,0,0,101,0,2,0,0,0,0,0,192,10,0,128,0,440,27.50,0 (tie),192 (squaremario)
light_gray_bed,1,0,1,221,0,0,0,0,5,0,2,0,0,0,14,10,254,15.88,0 (tie),221 (Blondskunk)
light_gray_carpet,3,2,0,7,0,2,0,0,8,0,2,0,0,58,72,26,180,11.25,0 (tie),72 (tinkfro)
light_gray_concrete,0,0,0,0,0,0,0,0,0,0,0,0,12,32,0,65,109,6.81,0 (tie),65 (WhiteFyr)
light_gray_concrete_powder,0,66,0,0,0,0,0,0,0,0,0,0,0,0,2,0,68,4.25,0 (tie),66 (Artorvian)
light_gray_dye,0,0,0,10,1,2,0,0,0,0,0,0,0,0,0,17,30,1.88,0 (tie),17 (WhiteFyr)
light_gray_shulker_box,0,0,0,0,0,0,0,0,0,0,70,0,7,0,134,32,243,15.19,0 (tie),134 (tinkfro)
light_gray_stained_glass,0,170,30,39,0,0,0,0,0,0,181,0,0,0,0,3,423,26.44,0 (tie),181 (PuffingFishHQ)
light_gray_stained_glass_pane,0,81,26,0,0,0,0,0,0,0,0,0,0,0,5,0,112,7.00,0 (tie),81 (Artorvian)
light_gray_terracotta,0,271,0,0,0,9,0,0,0,1,98,0,3,33,131,158,704,44.00,0 (tie),271 (Artorvian)
light_gray_wool,0,66,0,59,0,4,51,0,8,0,1,0,16,0,175,0,380,23.75,0 (tie),175 (tinkfro)
lightning_rod,0,16,1,16,19,0,0,0,0,4,4,0,0,2,0,0,62,3.88,0 (tie),19 (BrokenPixelSK)
lilac,0,21,24,19,10,3,0,0,5,0,237,0,26,47,50,0,442,27.63,0 (tie),237 (PuffingFishHQ)
lily_of_the_valley,0,10,126,23,0,26,0,62,2,3,7,3,1,32,35,3,333,20.81,0 (tie),126 (Ash298)
lily_pad,2,0,1,25,0,0,0,0,0,0,16,0,9,0,0,0,53,3.31,0 (tie),25 (Blondskunk)
lime_banner,0,2,0,0,0,0,0,0,0,0,0,0,0,0,0,0,2,0.13,0 (tie),2 (Artorvian)
lime_bed,0,0,11,4,0,0,0,0,3,0,0,0,0,0,1,0,19,1.19,0 (tie),11 (Ash298)
lime_carpet,0,0,7,0,0,0,0,0,0,0,9,0,0,0,55,0,71,4.44,0 (tie),55 (tinkfro)
lime_dye,0,0,42,0,1,0,0,0,0,0,259,0,0,0,34,0,336,21.00,0 (tie),259 (PuffingFishHQ)
lime_shulker_box,0,0,0,151,0,0,0,0,0,0,0,0,1,0,96,8,256,16.00,0 (tie),151 (Blondskunk)
lime_stained_glass,0,0,71,0,0,0,0,0,0,0,1,0,11,0,8,109,200,12.50,0 (tie),109 (WhiteFyr)
lime_stained_glass_pane,0,0,0,19,0,0,0,0,0,0,59,0,15,0,0,79,172,10.75,0 (tie),79 (WhiteFyr)
lime_terracotta,0,0,0,0,0,0,0,0,0,0,0,0,52,0,0,0,52,3.25,0 (tie),52 (This_is_KB)
lime_wool,0,81,0,1,0,0,0,0,0,0,0,0,0,0,184,0,266,16.63,0 (tie),184 (tinkfro)
lodestone,0,0,0,0,0,0,0,0,0,0,0,0,0,0,3,0,3,0.19,0 (tie),3 (tinkfro)
loom,0,24,6,3,0,0,0,0,4,0,14,0,4,21,0,0,76,4.75,0 (tie),24 (Artorvian)
magenta_banner,0,0,0,1,0,0,0,0,0,0,6,0,0,0,0,0,7,0.44,0 (tie),6 (PuffingFishHQ)
magenta_dye,0,0,0,0,1,0,0,0,0,0,54,0,0,0,0,0,55,3.44,0 (tie),54 (PuffingFishHQ)
magenta_shulker_box,0,0,0,0,0,0,0,0,0,0,0,0,0,0,81,0,81,5.06,0 (tie),81 (tinkfro)
magenta_stained_glass,0,0,0,5,0,0,0,0,2,0,1,0,2,0,2,0,12,0.75,0 (tie),5 (Blondskunk)
magenta_terracotta,0,0,0,0,0,0,0,0,0,0,0,0,0,0,11,0,11,0.69,0 (tie),11 (tinkfro)
magma_block,0,14,0,651,1,88,3,1012,1,0,1681,6,171,78,184,40,3930,245.63,0 (tie),1681 (PuffingFishHQ)
magma_cream,3,0,44,395,4,21,8,18,44,0,68,0,17,0,76,4,702,43.88,0 (tie),395 (Blondskunk)
mangrove_button,0,0,0,29,0,0,0,0,0,0,56,0,5,0,0,0,90,5.63,0 (tie),56 (PuffingFishHQ)
mangrove_chest_boat,0,0,0,0,0,0,1,0,0,0,0,0,0,0,0,0,1,0.06,0 (tie),1 (ImGP)
mangrove_door,0,0,0,6,0,0,0,0,0,2,2,0,1,0,2,1,14,0.88,0 (tie),6 (Blondskunk)
mangrove_fence,0,2,0,132,2,0,9,8,0,0,69,0,49,0,0,0,271,16.94,0 (tie),132 (Blondskunk)
mangrove_fence_gate,0,6,0,8,0,0,0,2,0,0,2,0,4,0,0,0,22,1.38,0 (tie),8 (Blondskunk)
mangrove_leaves,1570,12,1521,4101,52,0,802,1709,23,907,632,0,1754,0,1182,2212,16477,1029.81,0 (tie),4101 (Blondskunk)
mangrove_log,407,207,152,1696,237,1,2010,2107,321,257,123,0,621,2757,290,2645,13831,864.44,0 (squaremario),2757 (ThisIsDoom)
mangrove_planks,0,20,49,98,76,0,99,306,27,0,68,0,56,259,115,55,1228,76.75,0 (tie),306 (Jagiero)
mangrove_propagule,26,66,24,249,54,0,112,295,54,80,41,0,221,371,166,482,2241,140.06,0 (tie),482 (WhiteFyr)
mangrove_roots,306,276,304,1724,781,8,2195,4012,1028,551,358,0,1341,1844,531,5136,20395,1274.69,0 (squaremario),5136 (WhiteFyr)
mangrove_sign,0,0,0,2,0,0,0,0,0,0,0,0,14,9,10,0,35,2.19,0 (tie),14 (This_is_KB)
mangrove_slab,1,0,13,54,0,0,32,549,17,0,1,0,202,6,4,906,1785,111.56,0 (tie),906 (WhiteFyr)
mangrove_stairs,0,4,1,41,3,0,24,240,9,0,2,0,122,38,8,22,514,32.13,0 (tie),240 (Jagiero)
mangrove_trapdoor,0,0,4,81,0,0,0,82,24,0,0,0,94,12,13,14,324,20.25,0 (tie),94 (This_is_KB)
mangrove_wood,0,0,0,0,0,0,0,0,0,15,21,0,3,0,0,20,59,3.69,0 (tie),21 (PuffingFishHQ)
medium_amethyst_bud,0,1,0,1,0,0,0,0,0,0,2,0,1,1,0,0,6,0.38,0 (tie),2 (PuffingFishHQ)
melon,0,0,0,0,15,0,0,0,0,0,43,0,0,0,20,0,78,4.88,0 (tie),43 (PuffingFishHQ)
melon_seeds,0,6,0,0,0,14,0,0,0,0,4,0,1,15,4,2,46,2.88,0 (tie),15 (ThisIsDoom)
melon_slice,0,3,180,13,75,25,0,0,3,19,37,0,53,0,3,0,411,25.69,0 (tie),180 (Ash298)
milk_bucket,0,0,0,10,0,0,0,0,0,0,0,0,15,0,1,0,26,1.63,0 (tie),15 (This_is_KB)
minecart,0,0,2,1,0,29,0,0,1,14,936,0,23,0,3,3,1012,63.25,0 (tie),936 (PuffingFishHQ)
moss_block,228,868,875,3897,471,153,2684,4504,86,7,23376,10,710,102,3062,511,41544,2596.50,7 (KingZee),23376 (PuffingFishHQ)
moss_carpet,82,149,126,4778,201,78,415,1509,100,74,5683,4,893,1024,1169,780,17065,1066.56,4 (squaremario),5683 (PuffingFishHQ)
mossy_cobblestone,19,4,72,567,0,219,5,334,1,47,65,0,137,3,72,215,1760,110.00,0 (tie),567 (Blondskunk)
mossy_cobblestone_slab,0,5,0,20,0,0,0,3,0,0,62,0,30,0,1,0,121,7.56,0 (tie),62 (PuffingFishHQ)
mossy_cobblestone_stairs,0,4,0,8,0,0,0,11,0,0,0,0,5,0,0,0,28,1.75,0 (tie),11 (Jagiero)
mossy_cobblestone_wall,0,0,0,8,0,0,0,3,0,0,0,0,0,0,0,0,11,0.69,0 (tie),8 (Blondskunk)
mossy_stone_brick_slab,0,0,0,0,0,0,0,1,0,0,0,0,29,0,0,0,30,1.88,0 (tie),29 (This_is_KB)
mossy_stone_brick_stairs,0,0,0,1,0,0,0,12,0,0,0,0,5,0,0,0,18,1.13,0 (tie),12 (Jagiero)
mossy_stone_brick_wall,0,3,0,0,0,0,0,3,0,0,0,0,0,0,0,0,6,0.38,0 (tie),3 (tie)
mossy_stone_bricks,0,6,7,32,0,56,0,605,0,0,4,0,175,0,2,3,890,55.63,0 (tie),605 (Jagiero)
mourner_pottery_sherd,0,0,0,2,0,0,0,0,0,0,0,0,0,0,0,0,2,0.13,0 (tie),2 (Blondskunk)
mud,631,395,1033,6250,1104,0,1288,307,560,921,624,0,1742,4868,1596,613,21932,1370.75,0 (tie),6250 (Blondskunk)
mud_brick_slab,0,0,0,53,0,0,0,0,0,0,5,0,5,15,1,0,79,4.94,0 (tie),53 (Blondskunk)
mud_brick_stairs,0,0,1,69,3,1,0,0,4,0,2,0,13,29,1,3,126,7.88,0 (tie),69 (Blondskunk)
mud_brick_wall,0,0,0,83,4,0,4,0,8,0,8,0,3,18,117,0,245,15.31,0 (tie),117 (tinkfro)
mud_bricks,2,0,32,212,2,12,24,7,8,0,380,0,12,34,122,103,950,59.38,0 (tie),380 (PuffingFishHQ)
muddy_mangrove_roots,83,128,43,173,87,0,1,12,0,90,3,0,1,454,154,29,1258,78.63,0 (tie),454 (ThisIsDoom)
mushroom_stem,0,22,0,34,0,0,22,0,39,0,185,0,98,0,64,0,464,29.00,0 (tie),185 (PuffingFishHQ)
music_disc_11,0,1,0,0,0,0,0,0,0,0,1,0,0,0,1,0,3,0.19,0 (tie),1 (tie)
music_disc_13,4,3,3,3,0,5,0,0,5,0,0,0,0,0,3,1,27,1.69,0 (tie),5 (tie)
music_disc_5,0,0,0,0,0,0,0,0,0,0,0,0,0,0,5,0,5,0.31,0 (tie),5 (tinkfro)
music_disc_blocks,0,2,0,0,0,0,0,0,0,0,0,0,0,0,3,0,5,0.31,0 (tie),3 (tinkfro)
music_disc_cat,0,2,5,5,0,0,0,0,2,0,3,0,13,4,5,2,41,2.56,0 (tie),13 (This_is_KB)
music_disc_chirp,0,0,0,0,0,0,0,0,0,0,0,0,0,0,5,0,5,0.31,0 (tie),5 (tinkfro)
music_disc_far,0,2,4,0,0,0,0,0,0,0,0,0,0,0,0,0,6,0.38,0 (tie),4 (Ash298)
music_disc_mall,0,0,0,0,0,0,0,0,0,0,0,0,1,0,4,0,5,0.31,0 (tie),4 (tinkfro)
music_disc_mellohi,0,0,0,0,0,0,0,0,0,0,0,0,0,0,4,0,4,0.25,0 (tie),4 (tinkfro)
music_disc_otherside,0,3,5,0,0,0,0,0,2,0,3,0,0,0,4,0,17,1.06,0 (tie),5 (Ash298)
music_disc_pigstep,0,2,2,0,0,1,0,0,0,0,0,0,0,0,1,0,6,0.38,0 (tie),2 (tie)
music_disc_strad,0,0,0,0,0,0,0,0,0,0,0,0,0,0,1,0,1,0.06,0 (tie),1 (tinkfro)
music_disc_wait,0,0,0,0,0,0,0,0,0,0,0,0,0,0,2,0,2,0.13,0 (tie),2 (tinkfro)
music_disc_ward,0,1,0,0,0,0,0,0,0,0,0,0,0,0,3,0,4,0.25,0 (tie),3 (tinkfro)
mutton,120,225,2,3,55,153,130,3,90,4,527,2,7,4,966,14,2305,144.06,2 (tie),966 (tinkfro)
mycelium,0,0,0,0,0,69,0,0,0,0,0,0,0,0,0,0,69,4.31,0 (tie),69 (HughBone)
name_tag,0,1,2,48,0,3,0,0,0,1,68,0,4,12,4,8,151,9.44,0 (tie),68 (PuffingFishHQ)
nautilus_shell,0,0,0,0,0,0,0,19,0,0,0,0,0,0,21,0,40,2.50,0 (tie),21 (tinkfro)
nether_brick,0,0,0,27,0,0,0,9,67,0,196,0,19,0,193,0,511,31.94,0 (tie),196 (PuffingFishHQ)
nether_brick_fence,0,0,0,16,25,0,1,4,52,0,27,0,0,6,8,14,153,9.56,0 (tie),52 (JustinL94)
nether_brick_slab,0,2,0,3,0,0,0,0,0,0,0,0,128,0,0,0,133,8.31,0 (tie),128 (This_is_KB)
nether_brick_stairs,0,2,0,2,0,53,0,0,0,0,38,0,0,0,1,0,96,6.00,0 (tie),53 (HughBone)
nether_bricks,0,51,0,203,185,76,0,10,18,0,416,9,4,36,30,595,1633,102.06,0 (tie),595 (WhiteFyr)
nether_gold_ore,0,0,0,16,0,7,0,3,11,52,506,0,79,41,24,75,814,50.88,0 (tie),506 (PuffingFishHQ)
nether_quartz_ore,14,1,0,6108,0,335,0,146,10,36,115,0,1212,402,47,120,8546,534.13,0 (tie),6108 (Blondskunk)
nether_sprouts,0,0,0,0,0,104,0,0,0,0,0,0,0,0,0,0,104,6.50,0 (tie),104 (HughBone)
nether_star,0,0,0,3,0,0,0,1,0,0,1,0,1,0,1,1,8,0.50,0 (tie),3 (Blondskunk)
nether_wart,0,0,0,0,0,118,0,7,22,0,137,0,115,116,34,253,802,50.13,0 (tie),253 (WhiteFyr)
nether_wart_block,0,142,2,19,12,87,112,0,18,0,145,0,297,51,6,0,891,55.69,0 (tie),297 (This_is_KB)
netherite_axe,0,0,0,3,0,0,0,0,0,0,1,0,0,0,5,1,10,0.63,0 (tie),5 (tinkfro)
netherite_boots,0,0,0,8,0,0,0,0,0,0,8,0,1,0,3,4,24,1.50,0 (tie),8 (tie)
netherite_chestplate,0,0,0,3,0,0,0,0,0,0,1,0,0,0,1,1,6,0.38,0 (tie),3 (Blondskunk)
netherite_helmet,0,0,0,7,0,0,0,0,0,0,0,0,1,0,1,3,12,0.75,0 (tie),7 (Blondskunk)
netherite_hoe,0,0,0,1,0,0,0,0,0,0,0,0,0,0,0,1,2,0.13,0 (tie),1 (tie)
netherite_ingot,0,0,0,4,0,0,0,0,0,0,0,0,0,0,0,0,4,0.25,0 (tie),4 (Blondskunk)
netherite_leggings,0,0,1,6,0,0,0,0,0,0,0,0,1,0,5,2,15,0.94,0 (tie),6 (Blondskunk)
netherite_pickaxe,0,1,0,6,0,0,0,1,0,0,2,0,0,0,8,7,25,1.56,0 (tie),8 (tinkfro)
netherite_shovel,1,0,0,3,0,0,0,0,0,0,2,0,0,0,6,1,13,0.81,0 (tie),6 (tinkfro)
netherite_sword,0,1,0,7,0,0,0,0,0,0,2,0,3,0,7,3,23,1.44,0 (tie),7 (tie)
netherite_upgrade_smithing_template,0,0,0,0,0,0,0,0,0,0,1,0,0,0,0,0,1,0.06,0 (tie),1 (PuffingFishHQ)
netherrack,324,1390,1355,8666,405,5535,398,2810,587,122,16796,0,12363,3174,4200,11436,69561,4347.56,0 (squaremario),16796 (PuffingFishHQ)
note_block,0,7,4,1,0,0,0,0,0,0,7,0,2,0,7,0,28,1.75,0 (tie),7 (tie)
oak_boat,13,1,0,27,0,13,1,6,39,7,65,0,21,0,1,4,198,12.38,0 (tie),65 (PuffingFishHQ)
oak_button,0,0,4,2,24,0,0,0,0,0,6,0,23,0,5,0,64,4.00,0 (tie),24 (BrokenPixelSK)
oak_chest_boat,0,1,0,0,0,0,7,0,0,8,5,0,0,4,2,3,30,1.88,0 (tie),8 (KingZee)
oak_door,6,4,6,8,1,12,0,0,0,0,4,0,0,0,25,3,69,4.31,0 (tie),25 (tinkfro)
oak_fence,44,29,4,45,0,186,64,0,12,8,31,1,124,3,473,32,1056,66.00,0 (tie),473 (tinkfro)
oak_fence_gate,0,0,0,70,12,0,0,0,0,0,2,0,4,0,5,0,93,5.81,0 (tie),70 (Blondskunk)
oak_hanging_sign,0,0,0,0,0,0,0,0,0,0,15,0,0,0,0,0,15,0.94,0 (tie),15 (PuffingFishHQ)
oak_leaves,282,909,1563,1843,359,156,1151,1,4,15,4187,0,1088,78,1514,20,13170,823.13,0 (squaremario),4187 (PuffingFishHQ)
oak_log,1485,2404,1804,4156,617,2381,2787,172,354,396,7083,128,7538,569,1575,1576,35025,2189.06,128 (squaremario),7538 (This_is_KB)
oak_planks,45,350,549,469,99,423,58,3,124,72,331,108,241,150,221,69,3312,207.00,3 (Jagiero),549 (Ash298)
oak_pressure_plate,0,0,0,0,0,2,0,0,0,0,0,0,0,0,0,0,2,0.13,0 (tie),2 (HughBone)
oak_sapling,144,440,469,706,243,769,288,30,108,78,588,0,1036,660,396,348,6303,393.94,0 (squaremario),1036 (This_is_KB)
oak_sign,5,21,8,75,29,9,0,1,39,2,144,0,268,34,185,36,856,53.50,0 (tie),268 (This_is_KB)
oak_slab,6,233,17,7,19,228,0,0,9,0,101,0,30,12,202,0,864,54.00,0 (tie),233 (Artorvian)
oak_stairs,0,95,244,304,11,76,0,6,61,0,82,0,7,0,134,102,1122,70.13,0 (tie),304 (Blondskunk)
oak_trapdoor,34,90,34,168,144,68,0,9,20,0,134,0,26,41,262,2,1032,64.50,0 (tie),262 (tinkfro)
oak_wood,0,0,68,3,0,0,0,0,0,0,2,0,0,0,3,0,76,4.75,0 (tie),68 (Ash298)
observer,1,0,45,1,22,81,0,9,15,0,188,0,1,0,25,0,388,24.25,0 (tie),188 (PuffingFishHQ)
obsidian,137,104,132,416,12,356,16,231,28,48,1084,0,578,20,342,153,3657,228.56,0 (squaremario),1084 (PuffingFishHQ)
ochre_froglight,56,0,18,1020,0,0,0,0,2,0,23,0,54,0,136,27,1336,83.50,0 (tie),1020 (Blondskunk)
orange_bed,2,0,0,106,0,1,0,0,0,0,0,0,0,0,0,1,110,6.88,0 (tie),106 (Blondskunk)
orange_carpet,0,13,0,1,0,0,0,0,0,0,0,0,0,0,0,0,14,0.88,0 (tie),13 (Artorvian)
orange_dye,0,3,0,19,1,0,0,0,0,0,0,0,0,0,0,0,23,1.44,0 (tie),19 (Blondskunk)
orange_shulker_box,1,0,0,114,0,0,0,0,0,25,0,0,0,0,181,1,322,20.13,0 (tie),181 (tinkfro)
orange_stained_glass,0,0,0,10,0,0,0,0,0,0,0,0,0,0,0,0,10,0.63,0 (tie),10 (Blondskunk)
orange_stained_glass_pane,0,0,1,35,0,0,0,0,0,0,0,0,0,0,0,0,36,2.25,0 (tie),35 (Blondskunk)
orange_terracotta,0,10,0,188,1,29,0,0,0,6,1584,0,593,245,510,0,3166,197.88,0 (tie),1584 (PuffingFishHQ)
orange_tulip,7,22,189,25,25,33,0,9,6,14,78,0,7,24,61,5,505,31.56,0 (tie),189 (Ash298)
orange_wool,0,6,0,0,0,0,0,0,2,0,0,0,193,0,98,0,299,18.69,0 (tie),193 (This_is_KB)
oxeye_daisy,3,12,185,119,0,18,0,21,4,0,2,0,12,188,36,11,611,38.19,0 (tie),188 (ThisIsDoom)
oxidized_copper,0,19,0,0,54,0,0,0,0,139,451,0,0,503,0,0,1166,72.88,0 (tie),503 (ThisIsDoom)
oxidized_copper_bulb,0,0,0,0,0,0,0,0,0,0,3,0,0,0,0,0,3,0.19,0 (tie),3 (PuffingFishHQ)
oxidized_copper_trapdoor,0,0,0,0,0,0,0,0,0,7,50,0,0,0,0,0,57,3.56,0 (tie),50 (PuffingFishHQ)
oxidized_cut_copper,0,126,2,0,2,0,0,0,0,0,0,0,0,36,0,0,166,10.38,0 (tie),126 (Artorvian)
oxidized_cut_copper_slab,0,0,0,0,1,0,0,0,0,0,0,0,0,73,0,0,74,4.63,0 (tie),73 (ThisIsDoom)
oxidized_cut_copper_stairs,0,0,0,0,1,0,0,0,0,0,9,0,0,488,0,0,498,31.13,0 (tie),488 (ThisIsDoom)
packed_ice,146,0,0,1529,0,0,0,0,43,94,4711,0,3,0,343,1,6870,429.38,0 (tie),4711 (PuffingFishHQ)
packed_mud,0,0,92,247,157,3,969,29,25,0,160,0,18,24,9,47,1780,111.25,0 (tie),969 (ImGP)
painting,0,30,2,62,5,0,0,0,6,21,0,0,32,38,49,14,259,16.19,0 (tie),62 (Blondskunk)
paper,1,1,0,14,1,38,0,56,22,2,24,0,75,180,133,0,547,34.19,0 (tie),180 (ThisIsDoom)
pearlescent_froglight,0,0,0,405,0,0,0,0,0,0,1,0,0,0,222,2,630,39.38,0 (tie),405 (Blondskunk)
peony,2,23,71,20,4,69,1,0,3,0,93,0,1,56,111,4,458,28.63,0 (tie),111 (tinkfro)
phantom_membrane,4,0,8,2,0,4,0,0,0,0,4,0,3,1,8,4,38,2.38,0 (tie),8 (tie)
piglin_banner_pattern,0,0,0,0,0,2,0,0,0,0,0,0,0,0,1,0,3,0.19,0 (tie),2 (HughBone)
pink_bed,0,0,0,4,0,4,0,0,0,0,11,0,81,0,1,0,101,6.31,0 (tie),81 (This_is_KB)
pink_concrete_powder,0,0,0,0,0,0,0,0,0,0,0,0,50,0,1,0,51,3.19,0 (tie),50 (This_is_KB)
pink_dye,1,0,0,4,1,0,0,0,0,0,0,0,3,0,1,0,10,0.63,0 (tie),4 (Blondskunk)
pink_petals,27,0,0,672,0,0,0,0,0,5,274,0,9104,0,20,4,10106,631.63,0 (tie),9104 (This_is_KB)
pink_shulker_box,0,0,0,1,0,0,0,0,0,0,14,0,166,0,0,0,181,11.31,0 (tie),166 (This_is_KB)
pink_stained_glass,0,0,0,0,0,0,0,0,0,0,6,0,0,0,0,0,6,0.38,0 (tie),6 (PuffingFishHQ)
pink_stained_glass_pane,0,0,0,0,0,0,0,0,0,0,0,0,352,0,0,0,352,22.00,0 (tie),352 (This_is_KB)
pink_tulip,0,38,495,77,0,34,0,18,0,107,1,0,0,2,9,2,783,48.94,0 (tie),495 (Ash298)
pink_wool,0,0,0,0,0,0,0,0,0,219,21,0,424,0,2,0,666,41.63,0 (tie),424 (This_is_KB)
piston,0,0,7,4,6,9,0,16,76,3,348,0,64,0,43,0,576,36.00,0 (tie),348 (PuffingFishHQ)
pitcher_plant,0,0,0,27,0,0,0,0,0,0,0,0,0,0,0,0,27,1.69,0 (tie),27 (Blondskunk)
pitcher_pod,0,0,0,13,0,0,0,0,0,0,0,0,0,0,0,0,13,0.81,0 (tie),13 (Blondskunk)
player_head,35,488,61,153,12,59,8,58,203,38,2344,0,291,52,780,118,4700,293.75,0 (squaremario),2344 (PuffingFishHQ)
plenty_pottery_sherd,0,0,0,3,0,0,0,0,0,0,0,0,0,0,0,0,3,0.19,0 (tie),3 (Blondskunk)
podzol,0,64,245,263,0,0,0,1,3,30,612,0,455,0,1989,166,3828,239.25,0 (tie),1989 (tinkfro)
pointed_dripstone,36,85,325,144,39,326,63,86,75,19,1332,4,196,186,444,699,4059,253.69,4 (squaremario),1332 (PuffingFishHQ)
poisonous_potato,0,13,7,10,0,2,0,1,13,2,2,0,0,0,5,10,65,4.06,0 (tie),13 (tie)
polished_andesite,10,12,0,245,0,64,0,0,91,38,878,0,14,0,473,60,1885,117.81,0 (tie),878 (PuffingFishHQ)
polished_andesite_slab,0,16,0,179,2,288,0,0,26,36,246,0,26,0,39,1,859,53.69,0 (tie),288 (HughBone)
polished_andesite_stairs,0,55,8,141,0,71,0,0,32,16,105,0,4,0,56,73,561,35.06,0 (tie),141 (Blondskunk)
polished_basalt,0,0,0,0,0,24,33,0,34,2,256,0,1,0,27,0,377,23.56,0 (tie),256 (PuffingFishHQ)
polished_blackstone,0,11,0,7,0,0,0,0,0,0,3,0,35,0,8,0,64,4.00,0 (tie),35 (This_is_KB)
polished_blackstone_brick_slab,0,7,0,0,0,0,0,34,0,0,0,0,0,0,0,0,41,2.56,0 (tie),34 (Jagiero)
polished_blackstone_brick_stairs,0,0,0,0,0,0,0,9,0,0,1,0,0,0,7,0,17,1.06,0 (tie),9 (Jagiero)
polished_blackstone_brick_wall,0,2,1,0,0,1,0,1,0,0,0,0,23,0,20,0,48,3.00,0 (tie),23 (This_is_KB)
polished_blackstone_bricks,0,227,80,120,0,62,0,76,0,0,3,0,17,0,542,15,1142,71.38,0 (tie),542 (tinkfro)
polished_blackstone_button,0,0,0,4,1,0,0,0,0,0,2,0,0,0,111,0,118,7.38,0 (tie),111 (tinkfro)
polished_blackstone_pressure_plate,0,0,0,1,0,1,0,0,0,0,0,0,0,0,0,0,2,0.13,0 (tie),1 (tie)
polished_blackstone_slab,0,0,0,40,0,0,1,0,0,0,0,0,44,0,1,0,86,5.38,0 (tie),44 (This_is_KB)
polished_blackstone_stairs,0,0,0,0,0,0,0,0,0,0,0,0,19,0,0,0,19,1.19,0 (tie),19 (This_is_KB)
polished_blackstone_wall,0,16,0,0,0,0,0,0,0,0,3,0,18,0,18,0,55,3.44,0 (tie),18 (tie)
polished_deepslate,36,196,0,387,8,44,0,418,32,0,115,0,160,265,116,646,2423,151.44,0 (tie),646 (WhiteFyr)
polished_deepslate_slab,5,1,0,259,0,0,0,3,23,0,328,0,48,0,65,328,1060,66.25,0 (tie),328 (tie)
polished_deepslate_stairs,5,40,0,5,0,0,0,0,3,0,16,0,2,328,4,96,499,31.19,0 (tie),328 (ThisIsDoom)
polished_deepslate_wall,0,205,4,0,0,0,0,0,22,0,0,0,0,0,12,0,243,15.19,0 (tie),205 (Artorvian)
polished_diorite,0,185,25,29,11,4,0,0,0,2,1,0,8,0,140,358,763,47.69,0 (tie),358 (WhiteFyr)
polished_diorite_slab,0,18,26,11,0,0,0,0,0,0,0,0,0,0,20,10,85,5.31,0 (tie),26 (Ash298)
polished_diorite_stairs,0,13,1,6,0,0,0,0,0,0,0,0,0,0,53,5,78,4.88,0 (tie),53 (tinkfro)
polished_granite,0,70,23,14,0,16,0,0,0,0,133,0,0,0,13,0,269,16.81,0 (tie),133 (PuffingFishHQ)
polished_tuff,33,0,0,0,0,0,0,0,0,0,5,0,6,0,0,0,44,2.75,0 (tie),33 (AllOutJay)
polished_tuff_slab,13,0,0,0,0,0,0,0,0,0,36,0,8,0,0,0,57,3.56,0 (tie),36 (PuffingFishHQ)
polished_tuff_stairs,15,0,0,0,0,0,0,0,0,0,0,0,0,0,0,0,15,0.94,0 (tie),15 (AllOutJay)
poppy,5,333,155,65,26,12,24,64,14,8,409,1,157,149,98,76,1596,99.75,1 (squaremario),409 (PuffingFishHQ)
porkchop,9,71,45,1,46,22,160,24,58,1,346,36,22,126,1067,152,2186,136.63,1 (tie),1067 (tinkfro)
potato,30,1581,2473,1955,24,49,148,133,2327,3,670,0,107,178,829,2502,13009,813.06,0 (squaremario),2502 (WhiteFyr)
potion,2,4,201,14,0,4,1,11,40,0,192,0,334,8,42,3,856,53.50,0 (tie),334 (This_is_KB)
powder_snow_bucket,0,0,0,29,0,0,0,0,0,0,1,0,0,0,0,0,30,1.88,0 (tie),29 (Blondskunk)
powered_rail,0,0,17,29,7,35,0,1,0,143,266,0,104,40,81,0,723,45.19,0 (tie),266 (PuffingFishHQ)
prismarine,0,0,39,0,0,18,0,4,0,0,3,0,0,0,32,0,96,6.00,0 (tie),39 (Ash298)
prismarine_bricks,0,0,0,0,0,30,0,119,0,0,8,0,6,0,1,0,164,10.25,0 (tie),119 (Jagiero)
prismarine_crystals,3,0,0,0,0,0,0,0,0,0,9,0,9,0,2,0,23,1.44,0 (tie),9 (tie)
prismarine_shard,0,0,0,0,0,0,0,0,0,0,8,0,0,0,4,0,12,0.75,0 (tie),8 (PuffingFishHQ)
prismarine_slab,0,0,0,0,0,0,0,0,0,0,0,0,0,0,6,0,6,0.38,0 (tie),6 (tinkfro)
prismarine_stairs,0,0,0,0,0,0,0,0,0,0,0,0,0,0,4,0,4,0.25,0 (tie),4 (tinkfro)
prismarine_wall,0,0,0,0,0,0,0,0,0,0,0,0,0,0,1,0,1,0.06,0 (tie),1 (tinkfro)
pufferfish,6,0,3,7,0,0,0,0,0,0,9,0,2,0,0,1,28,1.75,0 (tie),9 (PuffingFishHQ)
pufferfish_bucket,0,0,0,0,0,0,0,0,0,0,1,0,0,0,0,1,2,0.13,0 (tie),1 (tie)
pumpkin,0,241,19,18,29,28,0,13,6,1,200,0,76,27,143,13,814,50.88,0 (tie),241 (Artorvian)
pumpkin_pie,0,0,0,0,0,0,0,0,0,0,66,0,0,0,0,0,66,4.13,0 (tie),66 (PuffingFishHQ)
pumpkin_seeds,0,771,0,1,0,0,0,0,4,0,772,0,194,2,25,17,1786,111.63,0 (tie),772 (PuffingFishHQ)
purple_banner,0,0,0,0,1,0,0,0,0,0,0,0,0,0,0,0,1,0.06,0 (tie),1 (BrokenPixelSK)
purple_dye,0,0,0,0,1,0,0,0,0,0,0,0,0,0,0,0,1,0.06,0 (tie),1 (BrokenPixelSK)
purple_glazed_terracotta,0,0,0,3,0,0,0,0,0,0,0,0,0,0,0,0,3,0.19,0 (tie),3 (Blondskunk)
purple_shulker_box,1,0,0,43,0,0,0,0,0,0,3,0,0,0,0,0,47,2.94,0 (tie),43 (Blondskunk)
purple_stained_glass_pane,0,0,0,1,0,0,0,0,0,0,0,0,0,0,0,0,1,0.06,0 (tie),1 (Blondskunk)
purpur_block,5,16,17,100,0,1,0,0,45,0,113,0,62,59,38,0,456,28.50,0 (tie),113 (PuffingFishHQ)
purpur_pillar,3,1,13,10,0,0,0,0,8,0,33,0,0,31,3,0,102,6.38,0 (tie),33 (PuffingFishHQ)
purpur_slab,0,0,6,2,0,0,0,0,1,0,13,0,0,11,7,0,40,2.50,0 (tie),13 (PuffingFishHQ)
purpur_stairs,0,1,1,7,0,1,0,0,5,0,17,0,4,3,1,0,40,2.50,0 (tie),17 (PuffingFishHQ)
quartz,100,984,217,13483,875,693,0,132,94,88,1615,0,2642,1350,481,12,22766,1422.88,0 (tie),13483 (Blondskunk)
quartz_block,0,1,0,21,48,0,0,0,0,2,272,0,1791,61,70,0,2266,141.63,0 (tie),1791 (This_is_KB)
quartz_bricks,0,0,0,276,0,0,0,0,0,0,0,0,3,0,0,0,279,17.44,0 (tie),276 (Blondskunk)
quartz_pillar,0,59,0,16,0,0,0,0,0,0,0,0,53,136,2,0,266,16.63,0 (tie),136 (ThisIsDoom)
quartz_slab,0,8,0,0,0,0,0,0,0,0,12,0,343,0,3,0,366,22.88,0 (tie),343 (This_is_KB)
quartz_stairs,0,18,0,4,0,3,0,0,0,0,16,0,73,0,0,0,114,7.13,0 (tie),73 (This_is_KB)
rabbit,0,0,0,2,1,1,0,0,0,0,6,0,1,0,1,0,12,0.75,0 (tie),6 (PuffingFishHQ)
rabbit_foot,0,0,0,0,0,0,0,0,1,0,0,0,0,0,0,0,1,0.06,0 (tie),1 (JustinL94)
rabbit_hide,0,0,0,1,0,0,0,0,8,0,5,0,1,0,0,0,15,0.94,0 (tie),8 (JustinL94)
rail,0,9,98,324,44,2216,7,0,414,745,1935,0,172,175,112,78,6329,395.56,0 (tie),2216 (HughBone)
raw_copper,593,5393,1191,2798,830,1977,38,1612,2160,5712,8861,0,3408,5086,960,52503,93122,5820.13,0 (squaremario),52503 (WhiteFyr)
raw_copper_block,0,67,12,13,0,3,0,0,16,0,0,0,0,108,59,3,281,17.56,0 (tie),108 (ThisIsDoom)
raw_gold,115,539,320,724,43,379,76,704,163,148,1598,3,449,474,207,1560,7502,468.88,3 (squaremario),1598 (PuffingFishHQ)
raw_gold_block,0,21,9,0,0,0,0,0,0,0,0,0,0,37,3,0,70,4.38,0 (tie),37 (ThisIsDoom)
raw_iron,307,969,810,699,982,1177,702,1897,380,648,1267,92,612,1608,805,3675,16630,1039.38,92 (squaremario),3675 (WhiteFyr)
raw_iron_block,0,2,11,0,2,3,2,4,0,0,56,0,0,84,2,1,167,10.44,0 (tie),84 (ThisIsDoom)
recovery_compass,0,0,0,0,0,0,0,0,0,0,0,0,0,0,8,0,8,0.50,0 (tie),8 (tinkfro)
red_banner,0,2,0,0,0,0,0,0,0,0,0,0,1,0,0,0,3,0.19,0 (tie),2 (Artorvian)
red_bed,0,1,0,0,50,1,0,0,0,0,19,0,27,0,3,0,101,6.31,0 (tie),50 (BrokenPixelSK)
red_candle,0,0,0,0,0,0,0,0,0,0,0,0,0,2,2,0,4,0.25,0 (tie),2 (tie)
red_carpet,0,0,0,12,8,4,0,0,8,0,0,0,1,10,50,5,98,6.13,0 (tie),50 (tinkfro)
red_concrete,0,0,0,16,90,0,0,0,0,0,8,0,0,0,189,0,303,18.94,0 (tie),189 (tinkfro)
red_concrete_powder,0,0,0,16,0,0,0,7,0,0,0,0,0,0,32,0,55,3.44,0 (tie),32 (tinkfro)
red_dye,0,56,0,0,7,0,0,0,0,0,12,0,0,0,0,0,75,4.69,0 (tie),56 (Artorvian)
red_glazed_terracotta,0,0,0,0,0,0,0,0,0,0,0,0,18,0,0,0,18,1.13,0 (tie),18 (This_is_KB)
red_mushroom,0,0,50,8,0,0,0,0,0,0,63,0,429,0,67,32,649,40.56,0 (tie),429 (This_is_KB)
red_mushroom_block,0,45,0,0,0,0,0,0,157,0,43,0,445,0,298,0,988,61.75,0 (tie),445 (This_is_KB)
red_nether_brick_stairs,0,8,0,0,0,0,0,0,0,0,0,0,0,0,0,0,8,0.50,0 (tie),8 (Artorvian)
red_nether_bricks,0,0,0,27,0,0,0,0,0,0,0,0,0,16,0,0,43,2.69,0 (tie),27 (Blondskunk)
red_sand,0,168,0,0,0,5,0,7,0,2,13,0,0,46,395,0,636,39.75,0 (tie),395 (tinkfro)
red_sandstone,0,1,0,0,0,0,0,0,0,0,0,0,0,0,1,0,2,0.13,0 (tie),1 (tie)
red_shulker_box,13,0,0,98,0,6,0,0,1,0,11,0,71,0,257,98,555,34.69,0 (tie),257 (tinkfro)
red_stained_glass,0,1,2,0,0,1,0,4,11,0,0,0,5,0,272,0,296,18.50,0 (tie),272 (tinkfro)
red_stained_glass_pane,0,0,0,0,0,0,0,0,48,0,4,0,0,0,104,0,156,9.75,0 (tie),104 (tinkfro)
red_terracotta,0,517,0,2,0,644,0,0,0,2,1961,0,1444,5425,0,0,9995,624.69,0 (tie),5425 (ThisIsDoom)
red_tulip,28,12,511,49,15,22,0,58,6,21,58,0,9,15,256,3,1063,66.44,0 (tie),511 (Ash298)
red_wool,0,0,0,185,420,0,0,0,0,357,6,0,924,68,59,64,2083,130.19,0 (tie),924 (This_is_KB)
redstone,739,1558,3314,4937,277,1274,498,2204,1845,228,15117,39,881,1829,1799,7115,43654,2728.38,39 (squaremario),15117 (PuffingFishHQ)
redstone_block,0,40,125,31,0,79,53,0,301,3,1383,0,90,203,170,0,2478,154.88,0 (tie),1383 (PuffingFishHQ)
redstone_lamp,0,60,0,0,0,60,0,0,0,0,6,0,0,0,71,0,197,12.31,0 (tie),71 (tinkfro)
redstone_ore,0,0,6,0,0,0,0,13,0,8,8,0,20,8,15,51,129,8.06,0 (tie),51 (WhiteFyr)
redstone_torch,3,3,47,12,17,16,0,2,7,53,280,0,4,40,27,0,511,31.94,0 (tie),280 (PuffingFishHQ)
repeater,0,24,36,8,0,10,0,27,74,0,180,0,28,0,36,0,423,26.44,0 (tie),180 (PuffingFishHQ)
rib_armor_trim_smithing_template,0,0,0,1,0,0,0,0,0,0,1,0,0,0,0,0,2,0.13,0 (tie),1 (tie)
rooted_dirt,4,1,2,160,0,0,0,0,3,18,169,0,1033,7,2,0,1399,87.44,0 (tie),1033 (This_is_KB)
rose_bush,0,116,44,246,34,57,0,229,6,0,110,0,21,14,211,2,1090,68.13,0 (tie),246 (Blondskunk)
rotten_flesh,45,113,234,378,33,222,49,3385,58,134,799,9,1031,164,601,454,7709,481.81,9 (squaremario),3385 (Jagiero)
saddle,6,3,3,4,1,26,1,0,1,2,13,0,6,6,22,6,100,6.25,0 (tie),26 (HughBone)
salmon,74,0,5,8,0,0,0,3,147,0,11,0,30,1,64,0,343,21.44,0 (tie),147 (JustinL94)
sand,333,1080,5392,6047,2092,4408,4158,8809,564,2845,15357,0,11262,3603,1997,7013,74960,4685.00,0 (squaremario),15357 (PuffingFishHQ)
sandstone,9,0,1098,1997,15,153,4544,21,8,23,13557,0,2,66,59,3,21555,1347.19,0 (tie),13557 (PuffingFishHQ)
sandstone_slab,0,0,24,0,0,0,3,0,0,0,33,0,0,0,0,0,60,3.75,0 (tie),33 (PuffingFishHQ)
sandstone_stairs,0,0,2,4,6,0,0,0,0,0,1,0,0,0,0,0,13,0.81,0 (tie),6 (BrokenPixelSK)
sandstone_wall,0,0,0,0,0,0,33,0,0,0,0,0,0,0,0,0,33,2.06,0 (tie),33 (ImGP)
scaffolding,239,56,265,3077,198,1256,0,2827,826,686,1987,8,8016,726,1291,4146,25604,1600.25,0 (ImGP),8016 (This_is_KB)
sculk,0,65,61,0,0,10,0,3757,6,2,45,0,208,11,787,6547,11499,718.69,0 (tie),6547 (WhiteFyr)
sculk_catalyst,0,7,10,4,0,1,0,6,16,0,1,0,0,1,110,7,163,10.19,0 (tie),110 (tinkfro)
sculk_sensor,1,34,23,6,0,1,0,30,0,0,35,0,0,4,543,32,709,44.31,0 (tie),543 (tinkfro)
sculk_shrieker,0,15,1,1,0,0,0,4,0,0,11,0,0,1,113,3,149,9.31,0 (tie),113 (tinkfro)
sculk_vein,0,65,53,0,0,0,0,203,0,0,0,0,0,0,227,320,868,54.25,0 (tie),320 (WhiteFyr)
sea_lantern,1,0,4,0,0,21,0,0,0,0,1,0,3,0,11,0,41,2.56,0 (tie),21 (HughBone)
sea_pickle,0,136,0,132,3,0,0,127,0,0,582,0,17,365,78,0,1440,90.00,0 (tie),582 (PuffingFishHQ)
seagrass,0,0,0,55,0,0,0,0,0,0,21,0,88,0,6,0,170,10.63,0 (tie),88 (This_is_KB)
shears,1,10,1,7,11,75,0,1,0,0,17,0,44,26,6,3,202,12.63,0 (tie),75 (HughBone)
shelter_pottery_sherd,0,0,0,3,0,0,0,0,0,0,0,0,0,0,0,0,3,0.19,0 (tie),3 (Blondskunk)
shield,6,4,13,18,3,134,0,7,3,1,36,4,26,8,66,21,350,21.88,0 (ImGP),134 (HughBone)
short_grass,20,177,161,635,0,0,557,0,0,0,227,0,155,0,420,128,2480,155.00,0 (tie),635 (Blondskunk)
shroomlight,0,294,15,21,0,23,80,0,6,6,93,0,2,86,91,0,717,44.81,0 (tie),294 (Artorvian)
shulker_box,83,1,276,446,0,66,0,0,63,0,965,0,292,10,229,1018,3449,215.56,0 (tie),1018 (WhiteFyr)
shulker_shell,32,13,55,41,0,0,0,0,119,182,160,0,44,25,156,48,875,54.69,0 (tie),182 (KingZee)
skeleton_skull,0,0,0,0,0,0,0,0,0,0,0,0,0,0,7,0,7,0.44,0 (tie),7 (tinkfro)
slime_ball,2,0,40,19,0,1,0,71,24,12,122,0,22,0,15,0,328,20.50,0 (tie),122 (PuffingFishHQ)
slime_block,0,0,0,1,0,8,0,0,0,0,116,0,0,0,10,4,139,8.69,0 (tie),116 (PuffingFishHQ)
small_amethyst_bud,0,3,0,0,0,0,0,0,0,0,0,0,1,4,0,0,8,0.50,0 (tie),4 (ThisIsDoom)
small_dripleaf,0,0,0,0,0,0,0,0,0,0,0,0,11,0,0,0,11,0.69,0 (tie),11 (This_is_KB)
smithing_table,0,0,0,1,0,0,0,0,0,0,3,0,0,3,0,1,8,0.50,0 (tie),3 (tie)
smoker,4,0,14,1,1,0,0,1,9,1,0,0,0,17,1,0,49,3.06,0 (tie),17 (ThisIsDoom)
smooth_basalt,38,467,2,62,236,32,772,456,4,247,414,0,7,224,23,396,3380,211.25,0 (squaremario),772 (ImGP)
smooth_quartz,12,41,0,76,39,0,0,0,0,0,3,0,236,0,3276,0,3683,230.19,0 (tie),3276 (tinkfro)
smooth_quartz_slab,4,19,0,11,0,0,0,0,0,0,22,0,95,0,46,0,197,12.31,0 (tie),95 (This_is_KB)
smooth_quartz_stairs,2,83,0,15,0,0,0,0,0,0,3,0,13,23,119,0,258,16.13,0 (tie),119 (tinkfro)
smooth_red_sandstone,0,46,0,0,0,0,0,0,0,0,0,0,0,0,73,0,119,7.44,0 (tie),73 (tinkfro)
smooth_sandstone,0,0,0,16,8,0,91,0,0,0,106,0,0,0,950,0,1171,73.19,0 (tie),950 (tinkfro)
smooth_sandstone_slab,0,0,0,0,0,0,4,0,1,0,172,0,0,0,14,0,191,11.94,0 (tie),172 (PuffingFishHQ)
smooth_sandstone_stairs,0,0,0,1,1,0,0,0,0,0,121,0,0,0,2,0,125,7.81,0 (tie),121 (PuffingFishHQ)
smooth_stone,1,27,10,151,0,33,0,0,378,24,2637,0,221,28,1142,0,4652,290.75,0 (tie),2637 (PuffingFishHQ)
smooth_stone_slab,1,47,0,2323,0,25,0,0,40,169,1636,0,680,0,14,0,4935,308.44,0 (tie),2323 (Blondskunk)
sniffer_egg,0,0,0,7,0,0,0,0,0,0,0,0,0,0,0,0,7,0.44,0 (tie),7 (Blondskunk)
snort_pottery_sherd,0,0,0,6,0,0,0,0,0,0,0,0,0,0,0,0,6,0.38,0 (tie),6 (Blondskunk)
snout_armor_trim_smithing_template,0,0,0,2,0,0,0,0,0,0,1,0,0,0,0,1,4,0.25,0 (tie),2 (Blondskunk)
snow,17,0,0,5,0,0,0,0,0,0,12,5,15,0,130,0,184,11.50,0 (tie),130 (tinkfro)
snow_block,64,1,0,13,0,0,0,0,0,0,252,196,376,0,5,4,911,56.94,0 (tie),376 (This_is_KB)
snowball,32,0,0,93,0,18,0,304,0,0,6308,3,32,0,847,0,7637,477.31,0 (tie),6308 (PuffingFishHQ)
soul_campfire,0,0,0,0,0,0,0,0,0,0,1,0,0,0,7,0,8,0.50,0 (tie),7 (tinkfro)
soul_lantern,0,2,3,11,0,3,0,0,0,0,0,0,11,0,50,0,80,5.00,0 (tie),50 (tinkfro)
soul_sand,0,7,2,145,15,379,3,24,153,12,3268,0,857,22,345,148,5380,336.25,0 (tie),3268 (PuffingFishHQ)
soul_soil,0,18,14,69,0,126,16,0,68,17,787,0,93,96,1033,11,2348,146.75,0 (tie),1033 (tinkfro)
soul_torch,0,0,0,3,0,46,0,0,0,0,23,0,14,0,123,0,209,13.06,0 (tie),123 (tinkfro)
spectral_arrow,0,0,0,91,0,14,0,20,128,0,199,0,21,0,297,0,770,48.13,0 (tie),297 (tinkfro)
spider_eye,3,20,27,5,10,177,6,5,123,11,1238,0,134,17,28,22,1826,114.13,0 (squaremario),1238 (PuffingFishHQ)
splash_potion,2,0,0,5,0,0,0,0,23,0,41,0,15,0,28,0,114,7.13,0 (tie),41 (PuffingFishHQ)
sponge,0,16,0,8,0,0,0,0,4,0,6,0,0,0,84,0,118,7.38,0 (tie),84 (tinkfro)
spore_blossom,2,0,2,16,0,0,0,0,2,0,0,0,52,12,14,0,100,6.25,0 (tie),52 (This_is_KB)
spruce_boat,0,0,0,3,0,3,0,4,7,8,14,0,1,0,5,0,45,2.81,0 (tie),14 (PuffingFishHQ)
spruce_button,1,15,0,93,0,1,0,0,0,0,0,0,10,0,0,1,121,7.56,0 (tie),93 (Blondskunk)
spruce_chest_boat,0,0,0,0,0,0,0,2,0,0,0,0,0,0,0,0,2,0.13,0 (tie),2 (Jagiero)
spruce_door,0,14,0,1,3,0,0,2,1,2,5,0,13,27,4,2,74,4.63,0 (tie),27 (ThisIsDoom)
spruce_fence,0,85,379,162,90,5,21,0,116,24,48,0,43,61,75,223,1332,83.25,0 (tie),379 (Ash298)
spruce_fence_gate,0,93,87,2,21,0,0,0,2,3,13,0,13,29,8,1,272,17.00,0 (tie),93 (Artorvian)
spruce_hanging_sign,1,0,0,7,0,0,0,0,0,0,0,0,0,0,0,1,9,0.56,0 (tie),7 (Blondskunk)
spruce_leaves,6,2,0,8,0,0,0,0,1,0,68,0,111,192,46,0,434,27.13,0 (tie),192 (ThisIsDoom)
spruce_log,533,724,1999,3431,859,306,2063,1930,1705,1261,4532,0,1035,561,4166,7799,32904,2056.50,0 (squaremario),7799 (WhiteFyr)
spruce_planks,2,651,147,565,400,1,87,24,28,155,229,0,17,140,195,66,2707,169.19,0 (squaremario),651 (Artorvian)
spruce_pressure_plate,0,0,0,0,0,0,0,0,2,0,5,0,0,0,1,4,12,0.75,0 (tie),5 (PuffingFishHQ)
spruce_sapling,52,182,170,170,24,55,112,221,188,129,541,0,116,358,405,497,3220,201.25,0 (squaremario),541 (PuffingFishHQ)
spruce_sign,1,21,7,200,4,6,21,0,46,3,35,0,17,4,140,74,579,36.19,0 (tie),200 (Blondskunk)
spruce_slab,2,146,276,485,485,0,308,0,15,3,149,0,4,88,141,186,2288,143.00,0 (tie),485 (tie)
spruce_stairs,0,588,281,173,109,64,43,0,13,1,106,0,14,78,207,198,1875,117.19,0 (tie),588 (Artorvian)
spruce_trapdoor,0,332,109,258,182,2,80,11,37,1,396,0,119,163,266,50,2006,125.38,0 (tie),396 (PuffingFishHQ)
spruce_wood,0,0,58,0,0,0,0,0,0,1,76,0,0,0,47,3,185,11.56,0 (tie),76 (PuffingFishHQ)
spyglass,4,0,0,7,0,0,0,0,0,0,0,0,0,0,6,0,17,1.06,0 (tie),7 (Blondskunk)
stick,299,566,695,1316,183,1037,649,1495,504,371,3306,6,1561,1132,1212,1321,15653,978.31,6 (squaremario),3306 (PuffingFishHQ)
sticky_piston,3,13,83,0,0,95,0,0,6,0,99,0,0,0,17,0,316,19.75,0 (tie),99 (PuffingFishHQ)
stone,1625,1193,3779,25120,134,3058,671,11653,8600,6770,18538,1,12581,1735,52035,311145,458638,28664.88,1 (squaremario),311145 (WhiteFyr)
stone_axe,0,4,0,0,0,9,0,1,3,1,1,1,1,4,7,3,35,2.19,0 (tie),9 (HughBone)
stone_brick_slab,0,18,2,649,0,0,0,8,328,0,276,0,5,0,162,7,1455,90.94,0 (tie),649 (Blondskunk)
stone_brick_stairs,0,55,14,325,0,4,0,2,5,1,49,0,4,0,209,0,668,41.75,0 (tie),325 (Blondskunk)
stone_brick_wall,2,17,0,23,0,5,0,0,6,0,17,0,0,0,208,0,278,17.38,0 (tie),208 (tinkfro)
stone_bricks,9,21,28,1223,0,134,5,39,255,1,1876,0,85,0,749,61,4486,280.38,0 (tie),1876 (PuffingFishHQ)
stone_button,1,8,4,30,0,31,0,0,81,7,258,0,13,44,41,1,519,32.44,0 (tie),258 (PuffingFishHQ)
stone_hoe,0,1,0,0,0,3,0,0,0,0,0,0,1,5,3,3,16,1.00,0 (tie),5 (ThisIsDoom)
stone_pickaxe,1,3,1,0,1,8,0,2,2,13,7,1,1,1,8,8,57,3.56,0 (tie),13 (KingZee)
stone_pressure_plate,0,0,0,1,0,10,0,0,0,0,10,0,0,27,5,2,55,3.44,0 (tie),27 (ThisIsDoom)
stone_shovel,0,0,1,0,1,5,7,4,0,2,1,0,0,0,1,2,24,1.50,0 (tie),7 (ImGP)
stone_slab,6,0,0,257,7,8,5,434,9,140,324,0,63,15,18,15,1301,81.31,0 (tie),434 (Jagiero)
stone_stairs,2,0,2,374,0,0,0,0,0,136,67,0,3,0,18,16,618,38.63,0 (tie),374 (Blondskunk)
stone_sword,2,2,3,14,3,4,1,1,0,1,11,0,11,6,16,7,82,5.13,0 (tie),16 (tinkfro)
stonecutter,6,3,8,24,6,4,0,11,0,9,16,0,36,3,7,4,137,8.56,0 (tie),36 (This_is_KB)
string,16,315,67,92,39,783,60,39,47,112,905,0,748,140,318,92,3773,235.81,0 (squaremario),905 (PuffingFishHQ)
stripped_acacia_log,0,35,0,12,0,0,0,0,0,0,14,0,0,0,1,0,62,3.88,0 (tie),35 (Artorvian)
stripped_bamboo_block,0,0,0,0,0,0,0,0,0,0,1,0,0,0,0,0,1,0.06,0 (tie),1 (PuffingFishHQ)
stripped_birch_log,0,1,0,190,0,0,0,0,0,0,239,0,0,9,1,0,440,27.50,0 (tie),239 (PuffingFishHQ)
stripped_birch_wood,0,0,3,0,0,0,0,0,0,0,0,0,0,0,0,0,3,0.19,0 (tie),3 (Ash298)
stripped_cherry_log,0,0,0,0,0,0,0,0,0,0,2,0,125,0,0,0,127,7.94,0 (tie),125 (This_is_KB)
stripped_crimson_stem,0,0,0,6,0,1,0,0,0,0,0,0,0,0,0,0,7,0.44,0 (tie),6 (Blondskunk)
stripped_dark_oak_log,0,2408,180,629,0,0,0,1196,0,8,14,0,109,0,11,48,4603,287.69,0 (tie),2408 (Artorvian)
stripped_dark_oak_wood,0,962,0,128,0,0,0,13,0,1,3,0,0,0,0,0,1107,69.19,0 (tie),962 (Artorvian)
stripped_jungle_log,0,89,47,0,0,0,0,0,0,0,36,0,41,0,0,0,213,13.31,0 (tie),89 (Artorvian)
stripped_jungle_wood,0,0,4,0,0,0,0,0,0,0,0,0,98,0,0,0,102,6.38,0 (tie),98 (This_is_KB)
stripped_mangrove_log,0,12,6,59,99,0,0,305,18,0,0,0,175,7,6,57,744,46.50,0 (tie),305 (Jagiero)
stripped_mangrove_wood,1,0,0,18,0,0,0,0,0,0,0,0,53,0,0,4,76,4.75,0 (tie),53 (This_is_KB)
stripped_oak_log,0,19,17,23,158,15,0,1,2,0,110,0,0,708,1,0,1054,65.88,0 (tie),708 (ThisIsDoom)
stripped_oak_wood,0,0,41,0,0,0,0,0,0,0,0,0,0,0,1,0,42,2.63,0 (tie),41 (Ash298)
stripped_spruce_log,0,808,111,324,414,0,0,0,3,66,51,0,0,819,154,203,2953,184.56,0 (tie),819 (ThisIsDoom)
stripped_spruce_wood,0,106,13,0,24,0,0,0,0,65,2,0,0,0,22,19,251,15.69,0 (tie),106 (Artorvian)
stripped_warped_stem,0,84,3,6,0,1,0,0,0,0,4,0,0,0,0,0,98,6.13,0 (tie),84 (Artorvian)
sugar,60,0,20,0,0,10,0,0,6,0,1146,0,0,0,8,3,1253,78.31,0 (tie),1146 (PuffingFishHQ)
sugar_cane,3885,160,38,737,294,219,412,743,2138,1125,2881,0,3069,12195,14919,1565,44380,2773.75,0 (squaremario),14919 (tinkfro)
sunflower,0,0,0,0,0,0,0,18,0,0,78,0,0,30,82,0,208,13.00,0 (tie),82 (tinkfro)
suspicious_stew,0,0,0,0,0,0,0,0,0,0,0,0,1,5,0,0,6,0.38,0 (tie),5 (ThisIsDoom)
sweet_berries,32,16,41,0,5,17,0,0,3,14,7,0,130,0,342,0,607,37.94,0 (tie),342 (tinkfro)
tall_grass,0,0,0,0,0,0,0,0,0,0,0,0,0,2,0,0,2,0.13,0 (tie),2 (ThisIsDoom)
target,0,6,0,0,0,1,0,0,0,0,3,0,0,0,1,0,11,0.69,0 (tie),6 (Artorvian)
terracotta,0,510,0,776,0,349,0,0,0,25,2347,0,328,2117,1294,533,8279,517.44,0 (tie),2347 (PuffingFishHQ)
tinted_glass,0,41,4,0,0,17,0,0,0,0,26,0,288,0,155,0,531,33.19,0 (tie),288 (This_is_KB)
tipped_arrow,0,0,0,160,0,0,0,0,0,0,0,0,0,0,0,0,160,10.00,0 (tie),160 (Blondskunk)
tnt,0,0,0,18,5,310,0,66,0,9,265,0,2,27,115,24,841,52.56,0 (tie),310 (HughBone)
torch,400,809,574,1219,320,2052,195,1783,524,538,2135,60,2379,425,1292,1617,16322,1020.13,60 (squaremario),2379 (This_is_KB)
torchflower,0,0,0,18,0,0,0,0,0,0,0,0,0,0,0,0,18,1.13,0 (tie),18 (Blondskunk)
torchflower_seeds,0,0,0,12,0,0,0,0,0,0,0,0,0,0,0,0,12,0.75,0 (tie),12 (Blondskunk)
totem_of_undying,0,1,2,1,0,17,0,0,150,0,183,0,0,0,54,2,410,25.63,0 (tie),183 (PuffingFishHQ)
trapped_chest,0,0,0,0,0,0,0,0,1,0,0,0,0,0,0,0,1,0.06,0 (tie),1 (JustinL94)
trident,0,0,0,0,0,0,0,4,0,0,0,0,0,0,2,0,6,0.38,0 (tie),4 (Jagiero)
tripwire_hook,0,4,0,0,0,0,0,0,0,0,10,0,0,4,12,0,30,1.88,0 (tie),12 (tinkfro)
tropical_fish,12,0,0,44,0,0,0,0,23,0,0,0,0,0,18,3,100,6.25,0 (tie),44 (Blondskunk)
tube_coral,0,64,0,0,0,0,0,1,0,0,1,0,0,18,0,0,84,5.25,0 (tie),64 (Artorvian)
tube_coral_block,0,66,0,0,0,0,0,0,0,0,13,0,0,40,0,0,119,7.44,0 (tie),66 (Artorvian)
tube_coral_fan,0,66,0,0,0,0,0,15,0,0,1,0,0,106,0,0,188,11.75,0 (tie),106 (ThisIsDoom)
tuff,1729,598,857,2584,199,797,40,4895,260,3256,3645,14,3297,478,811,16003,39463,2466.44,14 (squaremario),16003 (WhiteFyr)
tuff_brick_slab,0,0,0,0,0,0,0,0,0,0,22,0,0,0,0,0,22,1.38,0 (tie),22 (PuffingFishHQ)
tuff_brick_stairs,2,0,0,0,0,0,0,0,0,0,0,0,0,0,0,0,2,0.13,0 (tie),2 (AllOutJay)
tuff_bricks,38,0,0,2,0,0,0,0,0,0,4,0,0,0,0,0,44,2.75,0 (tie),38 (AllOutJay)
tuff_stairs,2,0,0,0,0,0,0,0,0,0,0,0,0,0,0,0,2,0.13,0 (tie),2 (AllOutJay)
turtle_egg,0,0,0,9,0,0,0,0,0,0,0,0,0,0,14,0,23,1.44,0 (tie),14 (tinkfro)
twisting_vines,2,10,20,15,0,47,0,0,0,0,34,0,0,11,7,12,158,9.88,0 (tie),47 (HughBone)
verdant_froglight,1,0,0,1487,0,0,0,0,0,0,20,0,4,0,26,54,1592,99.50,0 (tie),1487 (Blondskunk)
vine,43,162,4,474,0,583,742,262,0,4,3,0,511,0,4,466,3258,203.63,0 (tie),742 (ImGP)
ward_armor_trim_smithing_template,0,0,0,0,0,0,0,0,0,0,1,1,0,0,0,0,2,0.13,0 (tie),1 (tie)
warped_button,0,0,0,0,4,0,0,0,0,0,0,0,0,0,0,0,4,0.25,0 (tie),4 (BrokenPixelSK)
warped_door,0,8,0,0,2,0,0,0,0,0,0,0,0,0,0,0,10,0.63,0 (tie),8 (Artorvian)
warped_fence,0,21,1,0,0,0,0,0,0,0,0,0,0,0,0,0,22,1.38,0 (tie),21 (Artorvian)
warped_fungus,0,4,2,186,3,5,28,0,0,2,317,0,15,34,1,372,969,60.56,0 (tie),372 (WhiteFyr)
warped_fungus_on_a_stick,0,0,0,1,0,1,0,0,0,0,4,0,0,0,1,0,7,0.44,0 (tie),4 (PuffingFishHQ)
warped_hyphae,0,0,0,52,0,0,0,0,0,0,0,0,0,0,0,0,52,3.25,0 (tie),52 (Blondskunk)
warped_nylium,0,0,0,31,0,127,0,0,24,8,166,0,240,54,40,18,708,44.25,0 (tie),240 (This_is_KB)
warped_planks,0,0,0,16,0,6,26,0,0,0,2,0,2,0,2,0,54,3.38,0 (tie),26 (ImGP)
warped_roots,4,0,4,12,0,20,92,0,1,1,53,0,44,12,1,21,265,16.56,0 (tie),92 (ImGP)
warped_sign,0,0,0,0,0,0,0,0,0,0,0,0,1,0,0,0,1,0.06,0 (tie),1 (This_is_KB)
warped_slab,0,0,2,0,0,0,30,0,0,0,0,0,0,0,0,0,32,2.00,0 (tie),30 (ImGP)
warped_stairs,0,0,0,0,0,0,42,0,0,0,0,0,0,0,0,0,42,2.63,0 (tie),42 (ImGP)
warped_stem,0,35,1,222,1,350,476,0,0,0,298,0,83,64,28,1,1559,97.44,0 (tie),476 (ImGP)
warped_trapdoor,0,24,0,7,0,0,0,0,0,0,61,0,0,0,0,4,96,6.00,0 (tie),61 (PuffingFishHQ)
warped_wart_block,0,3,2,88,0,0,284,0,39,2,767,0,195,43,65,1,1489,93.06,0 (tie),767 (PuffingFishHQ)
water_bucket,4,4,10,11,4,33,1,7,5,2,26,1,9,5,42,9,173,10.81,1 (tie),42 (tinkfro)
waxed_copper_block,0,0,0,1,0,0,0,0,0,0,0,0,0,29,0,0,30,1.88,0 (tie),29 (ThisIsDoom)
waxed_cut_copper_stairs,0,12,0,0,0,0,0,0,0,1,0,0,0,12,0,0,25,1.56,0 (tie),12 (tie)
waxed_exposed_copper,0,0,0,1,0,0,0,0,0,0,0,0,4,0,0,0,5,0.31,0 (tie),4 (This_is_KB)
waxed_exposed_copper_bulb,0,0,0,15,0,0,0,0,0,0,0,0,0,0,0,0,15,0.94,0 (tie),15 (Blondskunk)
waxed_exposed_copper_grate,0,0,0,2,0,0,0,0,0,0,0,0,0,0,0,0,2,0.13,0 (tie),2 (Blondskunk)
waxed_exposed_copper_trapdoor,0,0,0,0,0,0,0,0,0,0,0,0,4,0,0,0,4,0.25,0 (tie),4 (This_is_KB)
waxed_oxidized_copper,0,0,0,0,0,0,0,0,0,1,0,0,0,0,0,0,1,0.06,0 (tie),1 (KingZee)
waxed_oxidized_cut_copper,0,44,0,0,0,0,0,0,0,0,0,0,0,0,0,0,44,2.75,0 (tie),44 (Artorvian)
waxed_weathered_cut_copper,0,0,0,0,2,0,0,0,0,0,0,0,0,0,0,0,2,0.13,0 (tie),2 (BrokenPixelSK)
waxed_weathered_cut_copper_slab,0,0,0,0,2,0,0,0,0,0,0,0,0,0,0,0,2,0.13,0 (tie),2 (BrokenPixelSK)
waxed_weathered_cut_copper_stairs,0,0,0,0,1,0,0,0,0,0,0,0,0,0,0,0,1,0.06,0 (tie),1 (BrokenPixelSK)
weathered_copper,0,2,0,0,4,0,0,0,0,80,0,0,1,84,0,0,171,10.69,0 (tie),84 (ThisIsDoom)
weathered_cut_copper,0,9,0,0,8,0,0,0,0,0,0,0,0,0,0,0,17,1.06,0 (tie),9 (Artorvian)
weathered_cut_copper_slab,0,0,0,0,52,0,0,0,0,0,0,0,0,0,0,0,52,3.25,0 (tie),52 (BrokenPixelSK)
weathered_cut_copper_stairs,0,0,0,0,10,0,0,0,0,0,0,0,0,0,0,0,10,0.63,0 (tie),10 (BrokenPixelSK)
weeping_vines,0,1,1,6,0,33,1,0,63,0,10,0,94,10,12,42,273,17.06,0 (tie),94 (This_is_KB)
wet_sponge,0,0,0,0,0,0,0,0,0,0,7,0,0,0,112,0,119,7.44,0 (tie),112 (tinkfro)
wheat,949,550,575,4211,756,903,1678,1205,2175,837,2850,0,5433,1838,2063,8786,34809,2175.56,0 (squaremario),8786 (WhiteFyr)
wheat_seeds,2725,1470,4816,8862,1899,3127,4516,3821,5328,2403,11559,21,15895,4837,6039,24190,101508,6344.25,21 (squaremario),24190 (WhiteFyr)
white_banner,0,57,6,8,0,37,0,0,141,0,656,0,21,38,54,2,1020,63.75,0 (tie),656 (PuffingFishHQ)
white_bed,0,120,1,17,55,46,2,27,39,154,80,0,172,4,16,5,738,46.13,0 (tie),172 (This_is_KB)
white_candle,0,31,1,0,0,13,0,0,0,0,0,0,0,0,402,0,447,27.94,0 (tie),402 (tinkfro)
white_carpet,0,12,1,0,0,0,1,2,3,0,5,0,10,36,62,14,146,9.13,0 (tie),62 (tinkfro)
white_concrete,0,1,0,70,263,0,0,0,0,11,0,0,931,48,49,64,1437,89.81,0 (tie),931 (This_is_KB)
white_concrete_powder,0,0,0,120,0,0,0,0,0,0,0,0,154,0,0,0,274,17.13,0 (tie),154 (This_is_KB)
white_dye,0,93,0,0,2,8,0,0,0,0,48,0,1,10,341,0,503,31.44,0 (tie),341 (tinkfro)
white_shulker_box,14,0,0,31,0,0,0,0,0,0,1,0,425,0,191,0,662,41.38,0 (tie),425 (This_is_KB)
white_stained_glass,0,2,0,153,0,0,0,0,0,8,187,0,2,0,3,241,596,37.25,0 (tie),241 (WhiteFyr)
white_stained_glass_pane,0,2,0,632,0,0,0,0,0,0,158,0,0,0,28,16,836,52.25,0 (tie),632 (Blondskunk)
white_terracotta,0,0,0,62,0,3,0,0,0,0,559,0,0,1641,339,158,2762,172.63,0 (tie),1641 (ThisIsDoom)
white_tulip,16,4,288,104,0,26,0,2,0,12,9,0,9,19,37,4,530,33.13,0 (tie),288 (Ash298)
white_wool,71,975,228,174,5,1525,944,103,281,3,521,9,248,97,1006,326,6516,407.25,3 (KingZee),1525 (HughBone)
wither_rose,0,0,0,64,0,0,0,0,2,0,573,0,12,0,1,0,652,40.75,0 (tie),573 (PuffingFishHQ)
wither_skeleton_skull,0,0,0,8,1,0,0,3,2,0,5,0,9,4,3,4,39,2.44,0 (tie),9 (This_is_KB)
wooden_axe,0,0,0,0,0,0,0,0,0,0,0,0,0,0,2,6,8,0.50,0 (tie),6 (WhiteFyr)
wooden_hoe,0,0,0,2,0,0,0,0,0,0,0,0,0,0,0,3,5,0.31,0 (tie),3 (WhiteFyr)
wooden_pickaxe,1,0,0,0,0,1,0,0,2,0,0,0,0,5,9,0,18,1.13,0 (tie),9 (tinkfro)
writable_book,0,0,0,0,0,0,0,0,0,0,4,0,0,0,0,0,4,0.25,0 (tie),4 (PuffingFishHQ)
written_book,0,0,0,0,0,0,0,4,0,0,22,0,0,0,6,0,32,2.00,0 (tie),22 (PuffingFishHQ)
yellow_banner,0,0,0,3,0,0,0,0,0,0,0,0,0,0,0,0,3,0.19,0 (tie),3 (Blondskunk)
yellow_bed,1,5,22,0,0,4,0,0,3,2,14,0,0,139,275,1,466,29.13,0 (tie),275 (tinkfro)
yellow_candle,24,0,4,4,0,0,0,0,0,0,0,0,0,0,0,0,32,2.00,0 (tie),24 (AllOutJay)
yellow_carpet,0,0,24,1,0,0,0,0,0,0,0,0,0,0,2,3,30,1.88,0 (tie),24 (Ash298)
yellow_concrete,0,852,45,49,0,0,0,0,0,0,10,0,48,0,431,0,1435,89.69,0 (tie),852 (Artorvian)
yellow_concrete_powder,0,8,14,0,0,0,0,0,0,0,0,0,48,0,113,0,183,11.44,0 (tie),113 (tinkfro)
yellow_dye,0,0,0,15,1,0,0,0,0,0,52,0,0,0,1,50,119,7.44,0 (tie),52 (PuffingFishHQ)
yellow_glazed_terracotta,0,0,0,4,0,0,0,0,0,0,0,0,0,0,0,0,4,0.25,0 (tie),4 (Blondskunk)
yellow_shulker_box,0,0,0,0,0,0,0,0,0,0,130,0,43,0,305,7,485,30.31,0 (tie),305 (tinkfro)
yellow_stained_glass,0,10,146,0,0,63,0,0,2,0,130,0,0,0,299,548,1198,74.88,0 (tie),548 (WhiteFyr)
yellow_stained_glass_pane,0,0,0,11,0,0,0,0,0,0,2,0,0,0,0,0,13,0.81,0 (tie),11 (Blondskunk)
yellow_terracotta,0,12,0,0,0,0,0,0,0,0,1,0,0,0,2,0,15,0.94,0 (tie),12 (Artorvian)
yellow_wool,0,480,206,171,0,0,0,0,30,0,40,0,14,0,61,31,1033,64.56,0 (tie),480 (Artorvian)
,,,,,,,,,,,,,,,,,,,,,,,,,,,,,,,,,,,,,,,,,
pTotal,57799,102716,98491,318146,48921,100146,77909,208422,75137,87239,537087,2402,325512,142636,279459,883545
pAvg,178.94,193.80,236.76,502.60,163.07,243.07,372.77,639.33,192.66,303.97,798.05,26.40,585.45,324.17,413.40,2108.70
pMin,1 (tie),1 (tie),1 (tie),1 (tie),1 (tie),1 (tie),1 (tie),1 (tie),1 (tie),1 (tie),1 (tie),1 (tie),1 (tie),1 (tie),1 (tie),1 (tie)
pMax,6152 (bone),5393 (raw_copper),11895 (dirt),34905 (dirt),4547 (dirt),6622 (deepslate),9114 (dirt),48216 (cobbled_deepslate),8600 (stone),13316 (deepslate),53001 (emerald),300 (cobblestone),37993 (dirt),12195 (sugar_cane),52035 (stone),311145 (stone)