used,AllOutJay,Artorvian,Ash298,Blondskunk,BrokenPixelSK,HughBone,ImGP,Jagiero,JustinL94,KingZee,PuffingFishHQ,squaremario,This_is_KB,ThisIsDoom,tinkfro,WhiteFyr,total,avg,min,max
acacia_boat,0,0,0,0,3,0,0,0,0,0,0,0,0,0,0,0,3,0.19,0 (tie),3 (BrokenPixelSK)
acacia_button,5,5,0,1,0,0,0,0,0,0,18,0,16,0,0,0,45,2.81,0 (tie),18 (PuffingFishHQ)
acacia_chest_boat,0,0,0,0,0,0,1,0,0,0,0,0,0,0,1,0,2,0.13,0 (tie),1 (tie)
acacia_fence,0,8,0,3,0,0,0,0,0,0,0,0,0,0,29,0,40,2.50,0 (tie),29 (tinkfro)
acacia_fence_gate,0,0,45,9,0,0,0,0,0,0,0,0,0,0,6,0,60,3.75,0 (tie),45 (Ash298)
acacia_hanging_sign,0,0,0,8,0,0,0,0,0,0,0,0,0,0,0,0,8,0.50,0 (tie),8 (Blondskunk)
acacia_leaves,0,0,0,0,0,0,0,0,0,0,215,0,1,0,2,0,218,13.63,0 (tie),215 (PuffingFishHQ)
acacia_log,14,13,3,20,0,0,0,0,0,0,175,0,0,4,110,0,339,21.19,0 (tie),175 (PuffingFishHQ)
acacia_planks,0,0,0,157,0,0,0,0,0,0,75,0,0,0,6,0,238,14.88,0 (tie),157 (Blondskunk)
acacia_sapling,62,3,2,18,0,0,0,0,0,0,84,0,2,13,13,0,197,12.31,0 (tie),84 (PuffingFishHQ)
acacia_sign,0,0,0,8,0,0,0,0,0,0,0,0,0,0,19,0,27,1.69,0 (tie),19 (tinkfro)
acacia_slab,0,8,0,29,0,0,0,0,0,0,0,0,0,0,0,0,37,2.31,0 (tie),29 (Blondskunk)
acacia_stairs,0,0,0,23,0,0,0,0,0,0,9,0,0,0,13,0,45,2.81,0 (tie),23 (Blondskunk)
acacia_trapdoor,0,32,0,60,0,0,0,0,0,0,0,0,0,0,622,0,714,44.63,0 (tie),622 (tinkfro)
acacia_wood,0,0,0,0,0,0,0,0,0,0,30,0,0,0,0,0,30,1.88,0 (tie),30 (PuffingFishHQ)
activator_rail,0,0,0,0,0,4,0,0,0,0,8,0,0,0,8,0,20,1.25,0 (tie),8 (tie)
air,3,0,354,633,0,14,613,73,507,0,54,0,1054,0,116,0,3421,213.81,0 (tie),1054 (This_is_KB)
allium,0,4,17,45,0,2,0,0,2,0,21,0,0,0,3,1,95,5.94,0 (tie),45 (Blondskunk)
amethyst_block,0,14,0,146,0,0,0,0,0,11,0,0,3,6,9,0,189,11.81,0 (tie),146 (Blondskunk)
amethyst_cluster,0,0,0,51,0,1,0,0,0,0,0,0,0,0,2,0,54,3.38,0 (tie),51 (Blondskunk)
ancient_debris,0,0,0,0,0,0,0,0,0,0,0,0,7,0,0,0,7,0.44,0 (tie),7 (This_is_KB)
andesite,202,216,2443,3841,28,474,198,1394,54,74,354,0,1471,93,1391,508,12741,796.31,0 (squaremario),3841 (Blondskunk)
andesite_slab,1,0,141,227,0,8,0,173,0,42,35,0,81,0,190,21,919,57.44,0 (tie),227 (Blondskunk)
andesite_stairs,0,0,41,264,0,0,0,0,0,16,3,0,0,0,12,0,336,21.00,0 (tie),264 (Blondskunk)
andesite_wall,0,24,103,251,21,292,0,0,7,1,84,0,27,0,341,24,1175,73.44,0 (tie),341 (tinkfro)
anvil,3,13,3,95,1,16,1,6,4,1,62,0,15,13,18,24,275,17.19,0 (squaremario),95 (Blondskunk)
apple,7,37,18,0,0,5,2,1,0,6,67,0,2,6,2,0,153,9.56,0 (tie),67 (PuffingFishHQ)
armor_stand,0,0,0,2,7,0,0,0,2,0,9,0,18,1,5,207,251,15.69,0 (tie),207 (WhiteFyr)
axolotl_bucket,0,0,5,1,0,0,0,0,0,0,0,0,11,9,0,0,26,1.63,0 (tie),11 (This_is_KB)
azalea,4,8,7,46,1,0,0,0,2,0,228,2,40,3,6,2,349,21.81,0 (tie),228 (PuffingFishHQ)
azalea_leaves,0,212,112,1612,2,0,0,0,103,0,452,0,840,14,20,41,3408,213.00,0 (tie),1612 (Blondskunk)
azure_bluet,1,3,29,7,3,5,0,0,0,0,11,0,0,0,53,3,115,7.19,0 (tie),53 (tinkfro)
baked_potato,9,952,1396,673,18,92,0,2,0,0,53,31,4,0,2,1107,4339,271.19,0 (tie),1396 (Ash298)
bamboo,22,5,19,0,64,3,0,12,15,0,291,0,64,43,157,5,700,43.75,0 (tie),291 (PuffingFishHQ)
bamboo_block,0,0,0,0,0,0,0,0,0,0,36,0,0,0,0,0,36,2.25,0 (tie),36 (PuffingFishHQ)
bamboo_chest_raft,0,0,0,0,0,0,0,0,0,0,1,0,0,0,0,0,1,0.06,0 (tie),1 (PuffingFishHQ)
bamboo_mosaic,0,0,0,0,0,0,0,0,0,0,4,0,0,0,0,0,4,0.25,0 (tie),4 (PuffingFishHQ)
bamboo_mosaic_slab,0,0,0,0,0,0,0,0,0,0,27,0,0,0,0,0,27,1.69,0 (tie),27 (PuffingFishHQ)
bamboo_planks,0,0,0,0,0,0,0,0,0,2,6,0,0,0,0,0,8,0.50,0 (tie),6 (PuffingFishHQ)
bamboo_pressure_plate,0,0,0,0,0,0,0,0,0,0,2,0,0,0,0,0,2,0.13,0 (tie),2 (PuffingFishHQ)
bamboo_raft,0,0,0,0,0,0,0,0,0,0,3,0,0,0,0,0,3,0.19,0 (tie),3 (PuffingFishHQ)
bamboo_sign,2,0,0,0,0,0,0,0,0,0,0,0,0,0,0,0,2,0.13,0 (tie),2 (AllOutJay)
bamboo_slab,0,0,0,1,0,0,0,0,0,2,126,0,0,0,0,0,129,8.06,0 (tie),126 (PuffingFishHQ)
bamboo_trapdoor,0,0,0,0,0,0,0,0,0,0,0,0,0,0,99,0,99,6.19,0 (tie),99 (tinkfro)
barrel,89,88,161,415,77,26,0,0,34,41,288,0,190,96,249,485,2239,139.94,0 (tie),485 (WhiteFyr)
basalt,1,0,62,1668,16,19,95,221,36,120,12,0,128,219,153,144,2894,180.88,0 (tie),1668 (Blondskunk)
beacon,5,0,0,6,0,0,0,1,0,0,15,0,6,0,9,6,48,3.00,0 (tie),15 (PuffingFishHQ)
bee_nest,0,63,8,5,0,0,0,0,0,11,17,0,0,0,11,0,115,7.19,0 (tie),63 (Artorvian)
beef,0,7,0,0,0,0,0,0,0,3,0,0,0,0,0,0,10,0.63,0 (tie),7 (Artorvian)
beehive,39,18,0,8,9,0,0,0,0,0,5,0,0,1,104,0,184,11.50,0 (tie),104 (tinkfro)
beetroot,0,3,0,0,0,0,0,0,0,0,0,0,0,2,0,1,6,0.38,0 (tie),3 (Artorvian)
beetroot_seeds,0,24,17,0,0,0,0,0,2,0,17,0,6,7,7,47,127,7.94,0 (tie),47 (WhiteFyr)
beetroot_soup,0,3,0,0,0,0,0,0,0,0,0,0,0,0,0,0,3,0.19,0 (tie),3 (Artorvian)
bell,0,4,0,1,0,0,0,0,1,4,0,0,0,3,15,0,28,1.75,0 (tie),15 (tinkfro)
big_dripleaf,0,0,3,1,0,17,0,0,0,0,2,0,4,0,1,0,28,1.75,0 (tie),17 (HughBone)
birch_boat,3,2,4,3,0,3,0,2,0,7,31,0,4,0,2,0,61,3.81,0 (tie),31 (PuffingFishHQ)
birch_button,0,0,0,0,0,0,1,0,0,0,0,0,0,0,15,0,16,1.00,0 (tie),15 (tinkfro)
birch_chest_boat,0,1,0,0,0,0,0,9,0,0,0,0,0,0,0,0,10,0.63,0 (tie),9 (Jagiero)
birch_door,0,3,0,0,0,0,0,0,0,0,5,0,0,0,6,0,14,0.88,0 (tie),6 (tinkfro)
birch_fence,0,16,0,19,0,36,0,0,0,0,9,0,17,1,9,0,107,6.69,0 (tie),36 (HughBone)
birch_fence_gate,0,0,0,0,0,0,0,0,0,0,1,0,1,0,0,0,2,0.13,0 (tie),1 (tie)
birch_leaves,0,6,13,606,0,0,0,0,0,0,1,0,18,0,133,0,777,48.56,0 (tie),606 (Blondskunk)
birch_log,11,77,43,112,0,45,8,1,0,0,298,0,0,9,187,4,795,49.69,0 (tie),298 (PuffingFishHQ)
birch_planks,0,188,88,150,10,10,1,0,1,14,205,5,0,0,17,0,689,43.06,0 (tie),205 (PuffingFishHQ)
birch_pressure_plate,0,0,0,0,0,0,0,0,0,0,0,0,0,0,26,0,26,1.63,0 (tie),26 (tinkfro)
birch_sapling,9,0,52,0,2,0,53,0,0,0,209,0,1,1,2,13,342,21.38,0 (tie),209 (PuffingFishHQ)
birch_sign,1,28,2,3,0,60,21,0,0,4,17,0,0,0,22,1,159,9.94,0 (tie),60 (HughBone)
birch_slab,0,0,0,192,0,0,0,0,0,0,157,0,0,0,7,2,358,22.38,0 (tie),192 (Blondskunk)
birch_stairs,0,0,0,21,2,0,0,0,0,0,93,0,0,0,52,0,168,10.50,0 (tie),93 (PuffingFishHQ)
birch_trapdoor,0,4,8,0,0,19,8,0,0,0,12,0,4,0,231,0,286,17.88,0 (tie),231 (tinkfro)
birch_wood,0,4,46,0,0,15,0,0,0,0,0,0,0,0,0,0,65,4.06,0 (tie),46 (Ash298)
black_banner,0,16,0,0,2,0,0,0,0,0,0,0,15,0,0,8,41,2.56,0 (tie),16 (Artorvian)
black_bed,0,6,1,2,2,14,0,0,0,0,0,0,157,3,0,29,214,13.38,0 (tie),157 (This_is_KB)
black_candle,0,15,0,0,0,0,0,0,0,0,0,0,49,0,0,0,64,4.00,0 (tie),49 (This_is_KB)
black_carpet,0,0,211,0,2,13,0,50,3,0,6,0,97,0,14,12,408,25.50,0 (tie),211 (Ash298)
black_concrete,0,0,0,0,0,32,0,699,0,0,197,0,9,0,133,4,1074,67.13,0 (tie),699 (Jagiero)
black_concrete_powder,0,2,0,2,0,35,0,2214,0,29,323,0,556,0,162,64,3387,211.69,0 (tie),2214 (Jagiero)
black_dye,0,0,0,1,0,0,0,0,0,0,0,0,0,0,1,0,2,0.13,0 (tie),1 (tie)
black_glazed_terracotta,0,0,0,0,0,0,0,0,0,0,0,0,18,0,0,0,18,1.13,0 (tie),18 (This_is_KB)
black_shulker_box,0,0,0,7,0,0,0,0,0,0,1,0,580,0,0,0,588,36.75,0 (tie),580 (This_is_KB)
black_stained_glass,12,0,0,0,0,339,0,0,88,0,450,0,142,0,48,12,1091,68.19,0 (tie),450 (PuffingFishHQ)
black_stained_glass_pane,20,10,0,0,0,1,0,0,0,0,23,0,0,0,24,0,78,4.88,0 (tie),24 (tinkfro)
black_terracotta,0,312,0,22,0,0,0,0,0,0,0,0,2,0,103,163,602,37.63,0 (tie),312 (Artorvian)
black_wool,42,530,313,1,3,9416,0,0,0,64,105,0,181,0,213,53,10921,682.56,0 (tie),9416 (HughBone)
blackstone,0,105,11,68,23,14,0,2414,103,463,47,0,785,48,57,16,4154,259.63,0 (tie),2414 (Jagiero)
blackstone_slab,0,3,0,5,3,0,0,362,0,0,1,0,0,0,0,0,374,23.38,0 (tie),362 (Jagiero)
blackstone_stairs,0,0,0,11,1,0,0,101,0,0,10,0,26,0,0,0,149,9.31,0 (tie),101 (Jagiero)
blackstone_wall,0,0,0,0,33,2,0,20,0,14,5,0,6,0,0,0,80,5.00,0 (tie),33 (BrokenPixelSK)
blast_furnace,20,0,0,2,0,0,0,11,9,108,12,0,8,4,43,2,219,13.69,0 (tie),108 (KingZee)
blue_banner,0,0,0,0,2,0,0,0,0,0,0,0,0,0,0,0,2,0.13,0 (tie),2 (BrokenPixelSK)
blue_bed,0,0,0,54,0,0,0,0,0,0,0,0,0,0,0,1,55,3.44,0 (tie),54 (Blondskunk)
blue_candle,0,0,0,0,0,0,0,0,0,0,0,0,2,0,0,0,2,0.13,0 (tie),2 (This_is_KB)
blue_carpet,0,0,0,41,2,0,0,0,0,0,0,0,0,0,0,0,43,2.69,0 (tie),41 (Blondskunk)
blue_concrete,5,0,0,0,0,0,0,0,0,0,3,0,105,0,4,0,117,7.31,0 (tie),105 (This_is_KB)
blue_concrete_powder,4,0,0,0,0,0,0,0,0,0,8,0,0,0,16,0,28,1.75,0 (tie),16 (tinkfro)
blue_dye,2,0,0,8,1,0,0,0,0,0,13,0,0,0,4,0,28,1.75,0 (tie),13 (PuffingFishHQ)
blue_ice,0,0,0,0,0,0,0,0,148,0,95,0,0,0,8,0,251,15.69,0 (tie),148 (JustinL94)
blue_orchid,0,4,59,0,0,0,0,0,0,0,0,0,0,0,0,0,63,3.94,0 (tie),59 (Ash298)
blue_shulker_box,7,0,0,0,0,0,0,0,2,0,3,0,0,0,0,3,15,0.94,0 (tie),7 (AllOutJay)
blue_stained_glass,0,0,0,0,0,0,0,0,16,0,97,0,0,0,0,0,113,7.06,0 (tie),97 (PuffingFishHQ)
blue_stained_glass_pane,0,0,0,160,0,0,0,0,0,0,20,0,695,72,0,82,1029,64.31,0 (tie),695 (This_is_KB)
blue_terracotta,0,0,0,10,0,151,0,0,0,0,0,0,0,0,0,0,161,10.06,0 (tie),151 (HughBone)
blue_wool,0,0,0,12,3,0,0,0,0,0,4,0,0,0,0,0,19,1.19,0 (tie),12 (Blondskunk)
bone_block,1,524,1,0,0,2,0,0,0,0,54,0,148,0,227,0,957,59.81,0 (tie),524 (Artorvian)
bone_meal,396,631,1616,1282,228,165,314,2550,276,244,7226,0,11514,3244,1211,6256,37153,2322.06,0 (squaremario),11514 (This_is_KB)
book,0,0,0,37,0,0,0,0,0,0,3,0,0,0,6,0,46,2.88,0 (tie),37 (Blondskunk)
bookshelf,0,0,7,51,46,48,0,53,42,0,1220,0,25,25,137,1,1655,103.44,0 (tie),1220 (PuffingFishHQ)
bow,1287,3,204,958,108,252,1,319,240,282,947,3,1162,4088,3934,596,14384,899.00,1 (ImGP),4088 (ThisIsDoom)
brain_coral,0,0,0,0,0,0,0,0,0,0,0,0,5,0,0,0,5,0.31,0 (tie),5 (This_is_KB)
brain_coral_block,0,16,0,0,0,0,0,286,0,0,0,0,0,0,0,0,302,18.88,0 (tie),286 (Jagiero)
brain_coral_fan,0,2,0,0,0,0,0,0,0,0,0,0,4,0,0,0,6,0.38,0 (tie),4 (This_is_KB)
bread,37,74,23,14,310,15,106,0,6,45,80,0,178,155,30,78,1151,71.94,0 (tie),310 (BrokenPixelSK)
brewing_stand,1,0,0,3,3,6,0,1,1,0,29,0,4,1,6,2,57,3.56,0 (tie),29 (PuffingFishHQ)
brick_slab,0,5,6,0,0,0,0,0,7,0,498,0,1,2,11,0,530,33.13,0 (tie),498 (PuffingFishHQ)
brick_stairs,0,9,16,20,0,1,0,0,11,0,409,0,2,10,86,0,564,35.25,0 (tie),409 (PuffingFishHQ)
brick_wall,0,11,1,8,11,3,0,0,0,0,248,0,0,1,427,0,710,44.38,0 (tie),427 (tinkfro)
bricks,6,640,122,65,0,9,0,0,94,1,17235,0,851,25,3805,0,22853,1428.31,0 (tie),17235 (PuffingFishHQ)
brown_banner,0,0,0,0,2,17,0,0,0,0,0,0,0,0,0,0,19,1.19,0 (tie),17 (HughBone)
brown_bed,0,0,0,0,0,0,0,0,0,0,0,0,0,0,5,0,5,0.31,0 (tie),5 (tinkfro)
brown_candle,0,0,0,8,0,0,0,0,0,0,0,0,0,1,0,0,9,0.56,0 (tie),8 (Blondskunk)
brown_carpet,0,31,2,16,9,24,0,0,2,0,0,0,0,8,0,0,92,5.75,0 (tie),31 (Artorvian)
brown_concrete_powder,0,0,0,609,0,0,0,233,0,0,0,0,508,0,0,0,1350,84.38,0 (tie),609 (Blondskunk)
brown_dye,1,0,0,1,0,0,0,0,0,0,0,0,1,0,0,0,3,0.19,0 (tie),1 (tie)
brown_mushroom,43,0,9,0,1,1,0,0,0,0,632,0,0,0,36,12,734,45.88,0 (tie),632 (PuffingFishHQ)
brown_mushroom_block,0,23,0,185,0,0,77,0,0,0,11,0,0,0,2,0,298,18.63,0 (tie),185 (Blondskunk)
brown_shulker_box,27,0,0,1,0,0,0,0,0,0,6,0,30,0,0,0,64,4.00,0 (tie),30 (This_is_KB)
brown_stained_glass_pane,0,0,0,0,0,0,0,0,0,0,0,0,0,0,0,43,43,2.69,0 (tie),43 (WhiteFyr)
brown_terracotta,0,53,0,0,0,9,0,0,0,0,0,0,0,0,0,0,62,3.88,0 (tie),53 (Artorvian)
brown_wool,0,0,0,0,3,2150,0,0,0,0,0,0,0,0,0,154,2307,144.19,0 (tie),2150 (HughBone)
brush,0,0,0,98,0,0,0,0,0,0,0,0,0,0,0,0,98,6.13,0 (tie),98 (Blondskunk)
bubble_coral,0,1,0,0,0,0,0,0,0,0,0,0,0,0,0,0,1,0.06,0 (tie),1 (Artorvian)
bubble_coral_block,0,1,0,0,0,0,0,541,0,0,1,0,0,0,0,0,543,33.94,0 (tie),541 (Jagiero)
bubble_coral_fan,0,9,0,0,0,0,0,0,0,0,0,0,0,0,0,0,9,0.56,0 (tie),9 (Artorvian)
bucket,181,219,656,600,80,908,46,343,110,57,1145,20,1070,782,2531,136,8884,555.25,20 (squaremario),2531 (tinkfro)
cactus,0,6,0,6,12,0,0,0,0,1,7,0,69,20,22,0,143,8.94,0 (tie),69 (This_is_KB)
cake,0,1,2,8,0,0,0,0,0,0,0,0,0,0,0,0,11,0.69,0 (tie),8 (Blondskunk)
calcite,0,214,126,405,255,23,100,704,0,2,134,0,113,2,49,92,2219,138.69,0 (tie),704 (Jagiero)
campfire,0,74,14,35,2,2,0,24,2,1,28,0,2,15,132,0,331,20.69,0 (tie),132 (tinkfro)
candle,0,29,0,59,7,0,0,0,0,0,0,0,0,18,0,0,113,7.06,0 (tie),59 (Blondskunk)
carrot,36,12,182,39,0,1484,434,50,428,33,1495,0,578,1533,855,232,7391,461.94,0 (tie),1533 (ThisIsDoom)
carrot_on_a_stick,5,0,13,0,0,0,0,0,0,3,27,0,54,0,0,1,103,6.44,0 (tie),54 (This_is_KB)
cartography_table,0,0,0,5,1,0,0,0,0,0,0,0,0,2,1,0,9,0.56,0 (tie),5 (Blondskunk)
carved_pumpkin,0,0,0,0,0,0,0,0,0,0,14,0,1,0,5,0,20,1.25,0 (tie),14 (PuffingFishHQ)
cauldron,1,2,0,62,3,0,1,0,3,0,33,0,43,11,90,27,276,17.25,0 (tie),90 (tinkfro)
chain,3,7,86,166,32,0,14,480,6,1,41,0,147,25,392,13,1413,88.31,0 (tie),480 (Jagiero)
chainmail_helmet,1,0,0,0,0,3,0,0,0,0,0,0,0,0,0,0,4,0.25,0 (tie),3 (HughBone)
chainmail_leggings,0,0,0,0,0,0,0,0,0,1,0,0,0,0,0,0,1,0.06,0 (tie),1 (KingZee)
cherry_boat,0,0,0,3,0,0,0,0,0,1,2,0,3,0,0,0,9,0.56,0 (tie),3 (tie)
cherry_button,0,0,0,12,0,0,0,0,0,0,0,0,101,0,0,0,113,7.06,0 (tie),101 (This_is_KB)
cherry_fence,0,0,0,0,0,0,0,0,0,0,0,0,60,0,0,0,60,3.75,0 (tie),60 (This_is_KB)
cherry_fence_gate,0,0,0,0,0,0,0,0,0,0,0,0,1,0,0,0,1,0.06,0 (tie),1 (This_is_KB)
cherry_hanging_sign,0,0,0,0,0,0,0,0,0,0,0,0,5,0,0,0,5,0.31,0 (tie),5 (This_is_KB)
cherry_leaves,0,0,0,152,0,0,0,0,0,0,0,0,263,0,6,0,421,26.31,0 (tie),263 (This_is_KB)
cherry_log,0,0,0,16,0,0,0,0,0,0,3,0,17,0,0,0,36,2.25,0 (tie),17 (This_is_KB)
cherry_planks,0,0,0,0,0,0,0,0,0,0,4,0,35,0,0,0,39,2.44,0 (tie),35 (This_is_KB)
cherry_pressure_plate,0,0,0,0,0,0,0,0,0,0,0,0,1,0,0,0,1,0.06,0 (tie),1 (This_is_KB)
cherry_sapling,0,0,0,11,0,0,0,0,0,0,9,0,41,0,3,0,64,4.00,0 (tie),41 (This_is_KB)
cherry_sign,0,0,0,0,0,0,0,0,0,0,0,0,16,0,0,0,16,1.00,0 (tie),16 (This_is_KB)
cherry_slab,0,0,0,0,0,0,0,0,0,0,0,0,45,0,0,0,45,2.81,0 (tie),45 (This_is_KB)
cherry_stairs,0,0,0,0,0,0,0,0,0,0,0,0,207,0,0,0,207,12.94,0 (tie),207 (This_is_KB)
cherry_trapdoor,0,0,0,5,0,0,0,0,0,0,0,0,692,0,0,0,697,43.56,0 (tie),692 (This_is_KB)
cherry_wood,0,0,0,30,0,0,0,0,0,0,0,0,0,0,0,0,30,1.88,0 (tie),30 (Blondskunk)
chest,11,130,147,279,206,288,57,736,482,92,1636,4,1245,58,240,761,6372,398.25,4 (squaremario),1636 (PuffingFishHQ)
chest_minecart,0,0,0,0,2,0,0,0,0,17,4,0,0,0,1,0,24,1.50,0 (tie),17 (KingZee)
chicken,0,1,0,0,0,1,0,0,0,0,0,0,0,0,0,0,2,0.13,0 (tie),1 (tie)
chipped_anvil,0,1,0,1,0,2,1,3,0,0,0,0,1,0,3,0,12,0.75,0 (tie),3 (tie)
chiseled_bookshelf,0,0,0,11,0,0,0,0,0,0,156,0,76,0,0,0,243,15.19,0 (tie),156 (PuffingFishHQ)
chiseled_deepslate,0,0,0,15,0,0,0,2,0,0,0,0,167,2,2,0,188,11.75,0 (tie),167 (This_is_KB)
chiseled_polished_blackstone,0,0,0,0,0,0,0,1,0,0,0,0,0,0,2,0,3,0.19,0 (tie),2 (tinkfro)
chiseled_quartz_block,0,0,0,79,0,0,0,0,0,0,0,0,0,0,56,0,135,8.44,0 (tie),79 (Blondskunk)
chiseled_sandstone,0,0,0,0,0,0,0,0,0,0,154,0,0,0,21,0,175,10.94,0 (tie),154 (PuffingFishHQ)
chiseled_stone_bricks,0,0,0,516,0,0,0,0,0,0,84,0,0,0,146,0,746,46.63,0 (tie),516 (Blondskunk)
chiseled_tuff,85,0,0,3,0,0,0,0,0,0,71,0,0,0,2,0,161,10.06,0 (tie),85 (AllOutJay)
chiseled_tuff_bricks,341,0,0,1,0,0,0,0,0,0,2,0,0,0,1,0,345,21.56,0 (tie),341 (AllOutJay)
chorus_flower,10,0,0,0,0,0,0,0,0,0,0,0,5,0,0,0,15,0.94,0 (tie),10 (AllOutJay)
chorus_fruit,17,32,0,0,0,26,0,0,0,0,54,0,0,0,0,0,129,8.06,0 (tie),54 (PuffingFishHQ)
clay,0,666,284,0,0,0,0,0,0,0,0,0,0,0,433,0,1383,86.44,0 (tie),666 (Artorvian)
coal_block,0,0,0,0,0,1,0,0,0,0,1,0,0,0,41,0,43,2.69,0 (tie),41 (tinkfro)
coal_ore,27,15,23,843,0,37,0,646,68,527,241,0,552,54,163,4761,7957,497.31,0 (tie),4761 (WhiteFyr)
coarse_dirt,30,115,481,1440,1208,32,271,24,0,0,369,0,678,29,821,668,6166,385.38,0 (tie),1440 (Blondskunk)
cobbled_deepslate,160,824,1115,1990,282,839,28,12270,656,77,1509,48,2268,700,420,6875,30061,1878.81,28 (ImGP),12270 (Jagiero)
cobbled_deepslate_slab,0,51,14,22,0,0,0,1001,3,0,52,0,21,40,16,0,1220,76.25,0 (tie),1001 (Jagiero)
cobbled_deepslate_stairs,0,2,59,29,0,0,0,1600,6,131,23,0,112,8,10,0,1980,123.75,0 (tie),1600 (Jagiero)
cobbled_deepslate_wall,0,34,442,413,0,0,1,936,11,0,39,0,37,0,1,0,1914,119.63,0 (tie),936 (Jagiero)
cobblestone,304,552,5161,6098,597,2037,285,3953,728,629,2220,182,2191,538,1872,969,28316,1769.75,182 (squaremario),6098 (Blondskunk)
cobblestone_slab,6,14,193,1328,1,41,0,375,0,6,236,0,21,3,238,67,2529,158.06,0 (tie),1328 (Blondskunk)
cobblestone_stairs,0,148,83,444,0,93,0,73,159,18,41,0,113,119,53,8,1352,84.50,0 (tie),444 (Blondskunk)
cobblestone_wall,0,1,71,448,40,97,0,2,0,1,46,0,0,1,135,3,845,52.81,0 (tie),448 (Blondskunk)
cobweb,0,55,0,0,0,1,0,0,0,0,0,0,0,1,0,0,57,3.56,0 (tie),55 (Artorvian)
cocoa_beans,0,20,0,112,0,4,0,118,10,0,0,0,79,33,2,6,384,24.00,0 (tie),118 (Jagiero)
cod,1,0,0,0,0,0,0,0,0,0,0,0,0,0,0,0,1,0.06,0 (tie),1 (AllOutJay)
comparator,0,25,14,3,2,8,0,8,16,8,370,0,9,0,28,0,491,30.69,0 (tie),370 (PuffingFishHQ)
composter,0,2,3,7,8,0,0,1,1,1,228,0,21,1,2,2,277,17.31,0 (tie),228 (PuffingFishHQ)
conduit,0,0,2,0,0,0,0,1,0,0,0,0,0,0,2,0,5,0.31,0 (tie),2 (tie)
cooked_beef,332,161,23,1838,172,662,139,956,461,379,662,8,1819,869,1359,852,10692,668.25,8 (squaremario),1838 (Blondskunk)
cooked_chicken,4,0,0,2,0,4,1,2,5,30,0,1,0,2,3,0,54,3.38,0 (tie),30 (KingZee)
cooked_mutton,185,186,0,0,55,285,0,1,48,0,57,6,1,0,232,70,1126,70.38,0 (tie),285 (HughBone)
cooked_porkchop,24,111,114,3,29,217,32,24,4,0,13,24,0,110,484,186,1375,85.94,0 (tie),484 (tinkfro)
cooked_rabbit,0,2,0,0,0,0,0,0,0,0,0,0,0,0,0,0,2,0.13,0 (tie),2 (Artorvian)
cooked_salmon,47,2,0,16,0,0,0,0,52,0,0,0,0,0,16,0,133,8.31,0 (tie),52 (JustinL94)
cookie,0,0,4,0,0,0,0,0,0,0,21,0,0,0,0,0,25,1.56,0 (tie),21 (PuffingFishHQ)
copper_block,0,23,0,1,55,0,0,0,0,172,465,0,20,241,24,0,1001,62.56,0 (tie),465 (PuffingFishHQ)
copper_bulb,0,0,0,5,0,0,0,0,0,0,0,0,0,0,0,0,5,0.31,0 (tie),5 (Blondskunk)
copper_ore,0,8,3,274,0,7,0,160,136,511,195,0,57,334,82,6027,7794,487.13,0 (tie),6027 (WhiteFyr)
copper_trapdoor,0,0,0,6,0,0,0,0,0,0,0,0,0,0,0,0,6,0.38,0 (tie),6 (Blondskunk)
cornflower,0,54,11,7,0,2,0,0,0,0,0,0,0,0,8,2,84,5.25,0 (tie),54 (Artorvian)
cracked_deepslate_bricks,0,33,0,0,0,0,0,0,0,0,0,0,4,9,2,0,48,3.00,0 (tie),33 (Artorvian)
cracked_polished_blackstone_bricks,0,0,6,0,0,7,0,0,0,0,0,0,0,0,153,0,166,10.38,0 (tie),153 (tinkfro)
cracked_stone_bricks,0,0,3,0,0,194,0,0,0,19,0,0,0,0,1,0,217,13.56,0 (tie),194 (HughBone)
crafter,19,0,0,1,0,0,0,0,0,0,2,0,0,0,0,0,22,1.38,0 (tie),19 (AllOutJay)
crafting_table,27,52,114,112,36,75,57,98,54,15,138,13,166,63,165,76,1261,78.81,13 (squaremario),166 (This_is_KB)
crimson_button,0,0,0,0,0,0,0,0,0,0,0,0,63,0,0,0,63,3.94,0 (tie),63 (This_is_KB)
crimson_fungus,0,0,0,2,0,0,0,0,0,0,0,0,0,0,0,0,2,0.13,0 (tie),2 (Blondskunk)
crimson_hanging_sign,0,0,0,6,0,0,0,0,0,0,0,0,0,0,0,0,6,0.38,0 (tie),6 (Blondskunk)
crimson_nylium,0,22,0,8,0,74,0,0,0,0,0,0,0,0,0,7,111,6.94,0 (tie),74 (HughBone)
crimson_planks,0,14,0,0,153,154,0,0,0,0,0,0,0,29,0,0,350,21.88,0 (tie),154 (HughBone)
crimson_roots,0,0,0,6,0,0,0,0,0,0,0,0,0,0,0,11,17,1.06,0 (tie),11 (WhiteFyr)
crimson_sign,0,0,0,4,0,0,0,0,0,0,0,0,0,0,57,0,61,3.81,0 (tie),57 (tinkfro)
crimson_slab,0,0,0,0,0,14,0,0,0,0,0,0,0,0,18,0,32,2.00,0 (tie),18 (tinkfro)
crimson_stairs,0,16,0,0,0,11,0,0,0,0,0,0,0,0,0,0,27,1.69,0 (tie),16 (Artorvian)
crimson_stem,0,0,0,7,0,105,0,0,0,0,87,0,0,0,2,0,201,12.56,0 (tie),105 (HughBone)
crimson_trapdoor,0,0,0,0,0,0,0,0,0,0,0,0,0,0,432,0,432,27.00,0 (tie),432 (tinkfro)
crossbow,0,4,0,450,0,2,0,0,3,0,5,0,0,2,65,0,531,33.19,0 (tie),450 (Blondskunk)
crying_obsidian,0,0,0,1,0,0,0,0,0,0,14,0,0,0,8,0,23,1.44,0 (tie),14 (PuffingFishHQ)
cut_copper,0,79,0,0,0,0,0,0,0,0,0,0,0,0,0,0,79,4.94,0 (tie),79 (Artorvian)
cut_copper_stairs,0,4,0,49,0,0,0,0,0,1,0,0,0,15,0,0,69,4.31,0 (tie),49 (Blondskunk)
cut_sandstone,0,0,2,0,16,12,0,0,165,0,3826,0,0,0,27,0,4048,253.00,0 (tie),3826 (PuffingFishHQ)
cut_sandstone_slab,0,0,0,0,0,0,0,0,0,0,294,0,0,0,0,0,294,18.38,0 (tie),294 (PuffingFishHQ)
cyan_banner,0,0,0,32,5,0,0,0,0,0,0,0,0,0,0,0,37,2.31,0 (tie),32 (Blondskunk)
cyan_bed,3,0,0,529,105,0,0,0,1,0,0,0,0,0,0,0,638,39.88,0 (tie),529 (Blondskunk)
cyan_candle,0,0,0,24,0,0,0,0,0,0,0,0,0,0,0,0,24,1.50,0 (tie),24 (Blondskunk)
cyan_carpet,0,0,0,166,3,0,0,0,0,0,0,0,20,11,4,13,217,13.56,0 (tie),166 (Blondskunk)
cyan_concrete,0,0,0,63,0,0,0,0,0,0,0,0,221,0,49,0,333,20.81,0 (tie),221 (This_is_KB)
cyan_concrete_powder,0,0,0,48,0,0,0,0,0,0,0,0,0,0,67,0,115,7.19,0 (tie),67 (tinkfro)
cyan_dye,0,0,0,11,0,0,0,0,0,0,2,0,0,0,5,0,18,1.13,0 (tie),11 (Blondskunk)
cyan_glazed_terracotta,0,0,0,0,0,0,0,0,0,0,60,0,0,0,12,0,72,4.50,0 (tie),60 (PuffingFishHQ)
cyan_shulker_box,0,0,0,129,0,0,0,0,0,0,0,0,0,0,0,0,129,8.06,0 (tie),129 (Blondskunk)
cyan_stained_glass,0,0,0,92,0,0,0,0,0,0,157,0,0,0,0,0,249,15.56,0 (tie),157 (PuffingFishHQ)
cyan_terracotta,600,0,0,0,0,0,0,0,0,0,0,0,714,0,980,26,2320,145.00,0 (tie),980 (tinkfro)
cyan_wool,0,2,0,225,5,322,0,0,0,0,0,0,0,99,13,0,666,41.63,0 (tie),322 (HughBone)
damaged_anvil,0,0,0,0,0,0,0,0,3,0,4,0,3,0,0,0,10,0.63,0 (tie),4 (PuffingFishHQ)
dandelion,0,40,17,1,15,9,1,0,1,0,2,0,2,2,9,5,104,6.50,0 (tie),40 (Artorvian)
dark_oak_boat,0,0,0,0,0,0,0,1,2,0,1,0,0,0,2,0,6,0.38,0 (tie),2 (tie)
dark_oak_button,0,4,11,88,0,0,0,0,0,0,11,0,0,2,73,0,189,11.81,0 (tie),88 (Blondskunk)
dark_oak_chest_boat,0,0,0,0,11,0,0,0,0,0,9,0,0,28,4,0,52,3.25,0 (tie),28 (ThisIsDoom)
dark_oak_door,0,23,0,8,0,0,0,0,0,0,0,0,5,0,23,0,59,3.69,0 (tie),23 (tie)
dark_oak_fence,0,24,147,262,24,0,31,0,14,0,6,0,212,9,69,0,798,49.88,0 (tie),262 (Blondskunk)
dark_oak_fence_gate,0,33,77,19,26,0,18,7,0,0,0,0,2,4,26,0,212,13.25,0 (tie),77 (Ash298)
dark_oak_hanging_sign,0,0,0,57,0,0,0,0,0,0,0,0,0,0,0,0,57,3.56,0 (tie),57 (Blondskunk)
dark_oak_leaves,1,1,0,2,0,0,0,64,0,0,12,0,0,0,0,0,80,5.00,0 (tie),64 (Jagiero)
dark_oak_log,0,229,706,578,0,1,43,841,136,21,554,0,114,14,0,114,3351,209.44,0 (tie),841 (Jagiero)
dark_oak_planks,0,168,810,442,0,1,7,27,22,0,353,0,83,0,36,47,1996,124.75,0 (tie),810 (Ash298)
dark_oak_pressure_plate,0,0,0,0,0,0,0,0,0,0,2,0,0,0,0,0,2,0.13,0 (tie),2 (PuffingFishHQ)
dark_oak_sapling,33,8,71,167,0,3,48,168,67,53,125,0,4,155,8,28,938,58.63,0 (tie),168 (Jagiero)
dark_oak_sign,3,6,0,178,19,0,0,0,3,0,111,0,14,8,97,11,450,28.13,0 (tie),178 (Blondskunk)
dark_oak_slab,0,78,89,600,9,15,17,33,182,3,623,0,103,2,160,52,1966,122.88,0 (tie),623 (PuffingFishHQ)
dark_oak_stairs,0,458,393,1014,4,6,52,0,34,4,66,0,19,4,90,132,2276,142.25,0 (tie),1014 (Blondskunk)
dark_oak_trapdoor,0,352,203,1030,53,0,9,0,2,6,576,0,32,21,345,11,2640,165.00,0 (tie),1030 (Blondskunk)
dark_oak_wood,0,296,18,70,0,0,0,3,0,0,75,0,3,0,0,0,465,29.06,0 (tie),296 (Artorvian)
dark_prismarine,0,0,0,0,0,10,0,0,0,1,138,0,0,0,0,0,149,9.31,0 (tie),138 (PuffingFishHQ)
dark_prismarine_slab,0,0,0,0,0,0,0,0,0,0,108,0,0,0,0,0,108,6.75,0 (tie),108 (PuffingFishHQ)
dark_prismarine_stairs,0,0,0,0,0,0,0,0,0,4,68,0,0,0,0,0,72,4.50,0 (tie),68 (PuffingFishHQ)
daylight_detector,0,6,0,0,4,0,0,0,0,0,0,0,0,0,0,0,10,0.63,0 (tie),6 (Artorvian)
dead_brain_coral_block,0,27,0,0,0,0,0,348,0,0,0,0,0,0,0,0,375,23.44,0 (tie),348 (Jagiero)
dead_bubble_coral_block,0,0,0,0,0,0,0,638,0,0,0,0,0,0,0,0,638,39.88,0 (tie),638 (Jagiero)
dead_bubble_coral_fan,0,8,0,0,0,0,0,0,0,0,0,0,0,0,0,0,8,0.50,0 (tie),8 (Artorvian)
dead_bush,0,0,0,18,0,0,0,0,0,0,5,0,0,0,30,0,53,3.31,0 (tie),30 (tinkfro)
dead_fire_coral_block,0,19,0,0,0,0,0,0,0,0,0,0,0,0,0,0,19,1.19,0 (tie),19 (Artorvian)
dead_horn_coral,0,0,0,0,0,0,0,0,0,0,6,0,0,0,0,0,6,0.38,0 (tie),6 (PuffingFishHQ)
decorated_pot,12,0,0,58,0,0,0,0,0,0,14,0,0,0,43,0,127,7.94,0 (tie),58 (Blondskunk)
deepslate,497,214,668,791,0,1394,0,2707,80,923,1130,0,551,79,316,1324,10674,667.13,0 (tie),2707 (Jagiero)
deepslate_brick_slab,0,5,47,493,0,0,0,1181,67,0,2,0,0,29,2414,150,4388,274.25,0 (tie),2414 (tinkfro)
deepslate_brick_stairs,0,18,191,1979,0,0,0,2062,26,0,0,0,31,31,194,156,4688,293.00,0 (tie),2062 (Jagiero)
deepslate_brick_wall,0,0,120,123,0,0,0,683,0,0,0,0,0,0,26,0,952,59.50,0 (tie),683 (Jagiero)
deepslate_bricks,144,24,688,3722,47,0,0,13588,59,0,761,0,5,12,1110,6527,26687,1667.94,0 (tie),13588 (Jagiero)
deepslate_coal_ore,0,0,0,0,0,0,0,0,0,0,0,0,14,0,0,6,20,1.25,0 (tie),14 (This_is_KB)
deepslate_copper_ore,0,9,0,0,0,0,0,0,0,78,57,0,224,0,0,135,503,31.44,0 (tie),224 (This_is_KB)
deepslate_diamond_ore,37,48,33,265,0,95,0,285,38,62,117,0,160,0,3,335,1478,92.38,0 (tie),335 (WhiteFyr)
deepslate_emerald_ore,0,0,0,0,0,0,0,0,0,0,0,0,0,0,0,2,2,0.13,0 (tie),2 (WhiteFyr)
deepslate_gold_ore,0,82,0,286,0,42,0,285,33,53,137,0,107,0,36,535,1596,99.75,0 (tie),535 (WhiteFyr)
deepslate_iron_ore,0,41,19,195,0,0,0,301,41,18,19,0,88,0,0,387,1109,69.31,0 (tie),387 (WhiteFyr)
deepslate_lapis_ore,0,0,2,132,0,11,0,100,24,37,14,0,46,0,21,329,716,44.75,0 (tie),329 (WhiteFyr)
deepslate_redstone_ore,2,5,0,781,0,12,0,215,48,24,201,0,40,0,92,1095,2515,157.19,0 (tie),1095 (WhiteFyr)
deepslate_tile_slab,4,231,0,1717,0,0,0,79,93,0,1865,0,132,0,8,0,4129,258.06,0 (tie),1865 (PuffingFishHQ)
deepslate_tile_stairs,0,22,0,176,0,0,0,187,78,0,0,0,1876,0,30,1,2370,148.13,0 (tie),1876 (This_is_KB)
deepslate_tile_wall,0,25,18,268,4,0,0,230,0,0,28,0,0,0,24,0,597,37.31,0 (tie),268 (Blondskunk)
deepslate_tiles,0,416,0,1105,134,0,0,7343,186,0,192,0,712,0,10,6112,16210,1013.13,0 (tie),7343 (Jagiero)
detector_rail,0,0,0,0,0,0,0,0,0,0,54,0,0,0,7,0,61,3.81,0 (tie),54 (PuffingFishHQ)
diamond_axe,4293,6942,7917,21851,1634,4364,6441,14361,4074,3025,36687,0,30439,5136,4539,6405,158108,9881.75,0 (squaremario),36687 (PuffingFishHQ)
diamond_block,0,0,0,0,0,0,0,9,0,0,0,0,0,0,2,0,11,0.69,0 (tie),9 (Jagiero)
diamond_boots,2,9,9,1,0,11,0,0,0,1,8,0,5,0,2,0,48,3.00,0 (tie),11 (HughBone)
diamond_chestplate,1,2,5,10,0,0,0,0,0,0,3,0,43,0,2,0,66,4.13,0 (tie),43 (This_is_KB)
diamond_helmet,0,3,4,1,0,1,0,0,1,0,12,0,3,0,0,0,25,1.56,0 (tie),12 (PuffingFishHQ)
diamond_hoe,2614,2551,675,9323,0,3124,914,34514,2443,0,33979,0,3705,422,3098,0,97362,6085.13,0 (tie),34514 (Jagiero)
diamond_leggings,0,5,6,1,0,3,0,0,0,0,8,0,13,0,3,0,39,2.44,0 (tie),13 (This_is_KB)
diamond_ore,0,0,0,0,0,0,0,0,6,0,0,0,0,0,1,2,9,0.56,0 (tie),6 (JustinL94)
diamond_pickaxe,27606,12682,23315,109109,6874,28716,9307,78234,19391,31699,107722,445,104342,18224,11451,213620,802737,50171.06,445 (squaremario),213620 (WhiteFyr)
diamond_shovel,3736,4987,19167,78253,315,9589,6124,22817,2714,11869,70901,0,62152,5636,20112,32846,351218,21951.13,0 (squaremario),78253 (Blondskunk)
diamond_sword,1259,4222,1547,4874,535,1966,0,7546,2921,4408,39406,0,13606,606,2895,7986,93777,5861.06,0 (tie),39406 (PuffingFishHQ)
diorite,20,275,379,426,219,26,130,540,36,76,94,6,72,8,1246,99,3652,228.25,6 (squaremario),1246 (tinkfro)
diorite_slab,0,220,17,61,0,7,40,0,0,0,0,0,3,0,26,8,382,23.88,0 (tie),220 (Artorvian)
diorite_stairs,0,32,30,32,0,0,19,0,0,0,0,0,0,0,5,9,127,7.94,0 (tie),32 (tie)
diorite_wall,3,124,76,30,130,0,0,555,0,0,3,0,9,0,8,23,961,60.06,0 (tie),555 (Jagiero)
dirt,2375,2827,7534,27973,1564,3887,1844,13417,1369,3252,10795,8,19446,2111,10934,1271,110607,6912.94,8 (squaremario),27973 (Blondskunk)
dispenser,0,22,16,8,25,80,0,15,10,8,60,0,7,0,34,0,285,17.81,0 (tie),80 (HughBone)
dragon_head,0,0,0,0,0,2,0,0,0,0,2,0,1,0,0,0,5,0.31,0 (tie),2 (tie)
dried_kelp,0,0,0,0,0,0,0,0,0,0,12,0,0,0,0,0,12,0.75,0 (tie),12 (PuffingFishHQ)
dried_kelp_block,0,0,2,0,0,0,0,0,0,0,17,0,0,0,11,0,30,1.88,0 (tie),17 (PuffingFishHQ)
dripstone_block,6,9,120,1,55,29,13,407,0,0,1078,0,17,63,149,10,1957,122.31,0 (tie),1078 (PuffingFishHQ)
dropper,0,0,2,1,0,4,0,5,0,0,77,0,0,0,16,0,105,6.56,0 (tie),77 (PuffingFishHQ)
egg,61,16,26,96,14,27,53,1,22,36,175,2,75,170,162,102,1038,64.88,1 (Jagiero),175 (PuffingFishHQ)
elytra,10,9,7,79,0,1,1,1,0,1,18,3,75,0,8,90,303,18.94,0 (tie),90 (WhiteFyr)
emerald_block,0,0,0,0,0,4,0,0,0,0,776,0,0,0,8,0,788,49.25,0 (tie),776 (PuffingFishHQ)
emerald_ore,0,0,1,2,0,2,0,0,0,0,0,0,0,0,0,17,22,1.38,0 (tie),17 (WhiteFyr)
enchanted_book,0,0,0,0,0,0,0,0,0,2,4,0,0,0,0,0,6,0.38,0 (tie),4 (PuffingFishHQ)
enchanted_golden_apple,0,0,0,0,0,1,0,0,0,0,0,0,0,0,0,0,1,0.06,0 (tie),1 (HughBone)
enchanting_table,0,5,0,1,2,0,0,3,1,0,2,0,1,1,2,0,18,1.13,0 (tie),5 (Artorvian)
end_crystal,0,0,0,0,0,0,0,0,0,0,4,0,0,0,0,0,4,0.25,0 (tie),4 (PuffingFishHQ)
end_rod,147,0,2,13,0,61,0,0,6,0,104,0,22,0,176,0,531,33.19,0 (tie),176 (tinkfro)
end_stone,256,80,811,0,0,10,0,7,254,0,749,0,62,983,14,0,3226,201.63,0 (tie),983 (ThisIsDoom)
end_stone_brick_slab,0,0,0,0,0,0,0,0,8,0,48,0,0,0,0,0,56,3.50,0 (tie),48 (PuffingFishHQ)
end_stone_bricks,35,0,0,0,0,0,0,0,4,0,45,0,0,14,393,0,491,30.69,0 (tie),393 (tinkfro)
ender_chest,35,2,2,373,0,57,1,17,22,0,91,0,355,1,518,179,1653,103.31,0 (tie),518 (tinkfro)
ender_eye,13,0,0,0,0,0,0,0,0,0,0,0,0,0,0,0,13,0.81,0 (tie),13 (AllOutJay)
ender_pearl,126,5,56,4,0,170,0,1,17,5,850,5,8,2,51,94,1394,87.13,0 (tie),850 (PuffingFishHQ)
experience_bottle,0,0,0,0,0,0,0,0,2,0,5,0,0,0,3,0,10,0.63,0 (tie),5 (PuffingFishHQ)
exposed_copper,0,0,0,0,0,0,0,0,0,23,0,0,0,36,0,0,59,3.69,0 (tie),36 (ThisIsDoom)
exposed_cut_copper,0,1,0,0,0,0,0,0,0,0,0,0,0,0,0,0,1,0.06,0 (tie),1 (Artorvian)
exposed_cut_copper_slab,0,0,0,0,1,0,0,0,0,0,0,0,0,0,0,0,1,0.06,0 (tie),1 (BrokenPixelSK)
fern,0,0,0,363,0,0,0,0,0,0,0,0,0,0,162,1,526,32.88,0 (tie),363 (Blondskunk)
fire_charge,0,0,0,0,0,1,0,0,0,0,6,1,0,0,2,0,10,0.63,0 (tie),6 (PuffingFishHQ)
fire_coral,0,1,0,0,0,0,0,0,0,0,0,0,0,0,0,0,1,0.06,0 (tie),1 (Artorvian)
fire_coral_block,0,21,0,0,0,0,0,0,0,0,5,0,0,0,0,0,26,1.63,0 (tie),21 (Artorvian)
fire_coral_fan,0,5,0,0,0,0,0,0,0,0,0,0,0,0,0,0,5,0.31,0 (tie),5 (Artorvian)
firework_rocket,491,234,1372,6586,0,1304,10,1507,613,199,9047,35,6106,0,3023,6554,37081,2317.56,0 (tie),9047 (PuffingFishHQ)
fishing_rod,97,0,6,63,0,0,18,0,0,0,29,24,41,34,52,0,364,22.75,0 (tie),97 (AllOutJay)
fletching_table,0,0,0,6,1,0,0,0,0,0,64,0,0,0,0,0,71,4.44,0 (tie),64 (PuffingFishHQ)
flint_and_steel,6,61,3,116,6,128,0,145,59,0,425,1,66,14,77,35,1142,71.38,0 (tie),425 (PuffingFishHQ)
flower_pot,0,11,44,115,10,0,0,0,2,0,1,0,19,10,56,4,272,17.00,0 (tie),115 (Blondskunk)
flowering_azalea,1,2,14,76,0,0,0,0,1,0,110,0,9,5,78,2,298,18.63,0 (tie),110 (PuffingFishHQ)
flowering_azalea_leaves,0,103,20,670,40,0,0,0,30,0,376,0,102,10,1,33,1385,86.56,0 (tie),670 (Blondskunk)
furnace,1,79,11,47,15,38,20,25,4,8,129,11,82,27,52,28,577,36.06,1 (AllOutJay),129 (PuffingFishHQ)
furnace_minecart,0,0,0,0,0,4,0,0,0,0,7,0,0,0,1,0,12,0.75,0 (tie),7 (PuffingFishHQ)
gilded_blackstone,0,0,0,0,0,4,0,0,0,0,0,0,0,0,21,0,25,1.56,0 (tie),21 (tinkfro)
glass,0,339,0,889,124,60,0,147,113,39,2011,0,418,4,609,1,4754,297.13,0 (tie),2011 (PuffingFishHQ)
glass_bottle,7,44,377,647,0,24,612,81,515,0,334,0,1074,0,150,16,3881,242.56,0 (tie),1074 (This_is_KB)
glass_pane,0,2,0,0,0,37,33,0,0,0,6,0,530,0,540,0,1148,71.75,0 (tie),540 (tinkfro)
glow_berries,0,49,45,34,0,46,2,0,6,0,0,0,0,5,0,0,187,11.69,0 (tie),49 (Artorvian)
glow_ink_sac,7,6,8,290,1,5,0,0,4,3,111,0,64,0,100,43,642,40.13,0 (tie),290 (Blondskunk)
glow_item_frame,0,0,0,11,0,0,0,0,0,0,8,0,0,0,8,0,27,1.69,0 (tie),11 (Blondskunk)
glow_lichen,0,38,0,55,0,0,0,0,0,0,0,0,6,0,0,0,99,6.19,0 (tie),55 (Blondskunk)
glowstone,0,0,0,0,19,45,0,0,3,0,423,0,4,0,7,10,511,31.94,0 (tie),423 (PuffingFishHQ)
goat_horn,3,0,0,11,0,0,0,0,0,0,0,0,0,0,0,6,20,1.25,0 (tie),11 (Blondskunk)
gold_block,0,24,0,11,0,1,0,0,0,0,47,0,0,0,9,0,92,5.75,0 (tie),47 (PuffingFishHQ)
gold_ore,0,3,0,13,0,0,0,21,3,0,3,0,0,0,13,115,171,10.69,0 (tie),115 (WhiteFyr)
golden_apple,1,0,0,7,0,2,0,0,3,0,1,0,13,0,0,4,31,1.94,0 (tie),13 (This_is_KB)
golden_boots,0,0,1,1,0,0,0,0,0,0,1,0,5,0,0,0,8,0.50,0 (tie),5 (This_is_KB)
golden_carrot,66,13,66,0,0,160,0,0,51,0,1888,13,58,0,973,4,3292,205.75,0 (tie),1888 (PuffingFishHQ)
golden_chestplate,0,0,0,1,0,0,0,0,0,0,1,0,0,0,0,0,2,0.13,0 (tie),1 (tie)
golden_helmet,0,0,0,3,0,0,0,0,0,0,1,0,0,1,9,0,14,0.88,0 (tie),9 (tinkfro)
golden_hoe,0,0,0,0,0,0,0,0,0,32,0,0,0,0,32,0,64,4.00,0 (tie),32 (tie)
golden_leggings,1,0,0,2,0,0,0,0,0,0,3,1,9,0,0,0,16,1.00,0 (tie),9 (This_is_KB)
golden_pickaxe,0,0,0,32,0,0,0,0,0,0,0,0,0,0,1,0,33,2.06,0 (tie),32 (Blondskunk)
golden_shovel,0,0,0,0,32,0,0,0,0,0,0,0,0,0,0,0,32,2.00,0 (tie),32 (BrokenPixelSK)
golden_sword,0,0,0,0,0,10,0,0,0,0,0,0,0,0,0,0,10,0.63,0 (tie),10 (HughBone)
granite,0,378,182,63,14,102,0,291,192,1,226,0,251,65,229,34,2028,126.75,0 (tie),378 (Artorvian)
granite_slab,0,0,0,0,3,4,0,0,0,0,0,0,1,0,65,0,73,4.56,0 (tie),65 (tinkfro)
granite_stairs,0,0,13,2,0,0,0,0,0,0,0,0,2,0,0,0,17,1.06,0 (tie),13 (Ash298)
granite_wall,0,13,8,5,109,0,0,0,0,0,11,0,0,0,167,0,313,19.56,0 (tie),167 (tinkfro)
grass,0,0,0,0,107,70,0,0,0,0,0,0,0,0,0,0,177,11.06,0 (tie),107 (BrokenPixelSK)
grass_block,73,1013,1383,20434,0,1124,0,7,279,5,5725,0,6923,30,7486,2321,46803,2925.19,0 (tie),20434 (Blondskunk)
gravel,2,42,212,25,6,96,2,745,10,690,140,0,421,26,1056,422,3895,243.44,0 (squaremario),1056 (tinkfro)
gray_banner,0,0,0,0,2,0,0,0,0,0,0,0,0,0,0,0,2,0.13,0 (tie),2 (BrokenPixelSK)
gray_carpet,2,20,6,13,3,0,0,0,0,0,28,0,0,7,20,31,130,8.13,0 (tie),31 (WhiteFyr)
gray_concrete,0,24,0,841,0,0,0,0,0,1,0,0,1875,0,0,0,2741,171.31,0 (tie),1875 (This_is_KB)
gray_concrete_powder,213,24,0,1161,0,0,0,0,0,0,0,0,5482,0,11,1,6892,430.75,0 (tie),5482 (This_is_KB)
gray_dye,0,0,0,0,0,0,0,0,0,0,0,0,0,0,1,0,1,0.06,0 (tie),1 (tinkfro)
gray_shulker_box,30,0,0,0,0,0,0,0,0,0,25,0,0,0,153,0,208,13.00,0 (tie),153 (tinkfro)
gray_stained_glass,0,0,0,0,0,631,0,0,0,6,8,0,0,0,41,0,686,42.88,0 (tie),631 (HughBone)
gray_stained_glass_pane,0,0,0,0,0,0,0,0,0,0,0,0,0,0,160,0,160,10.00,0 (tie),160 (tinkfro)
gray_terracotta,0,19,0,0,0,0,0,0,0,0,0,0,0,0,0,0,19,1.19,0 (tie),19 (Artorvian)
gray_wool,0,0,0,13,3,1300,0,0,0,0,17,0,0,0,43,0,1376,86.00,0 (tie),1300 (HughBone)
green_banner,0,14,0,0,2,0,0,0,0,0,0,0,0,0,0,0,16,1.00,0 (tie),14 (Artorvian)
green_bed,0,0,0,0,0,0,0,0,4,0,22,0,0,0,0,0,26,1.63,0 (tie),22 (PuffingFishHQ)
green_carpet,0,0,0,17,4,0,0,0,0,0,0,0,26,0,12,0,59,3.69,0 (tie),26 (This_is_KB)
green_concrete,0,0,0,122,0,0,0,0,0,0,1,0,21,0,0,0,144,9.00,0 (tie),122 (Blondskunk)
green_concrete_powder,0,0,0,0,1,0,0,0,0,0,9,0,8,0,0,0,18,1.13,0 (tie),9 (PuffingFishHQ)
green_dye,0,0,0,5,0,0,0,0,0,0,11,0,0,0,3,0,19,1.19,0 (tie),11 (PuffingFishHQ)
green_shulker_box,7,0,0,0,0,0,0,0,0,0,17,0,0,0,0,0,24,1.50,0 (tie),17 (PuffingFishHQ)
green_stained_glass_pane,0,0,0,22,0,0,0,0,0,0,0,0,96,0,0,74,192,12.00,0 (tie),96 (This_is_KB)
green_terracotta,0,0,0,108,0,0,0,0,0,0,183,0,124,0,1053,0,1468,91.75,0 (tie),1053 (tinkfro)
green_wool,0,0,0,232,3,0,0,0,0,0,0,0,12,0,0,0,247,15.44,0 (tie),232 (Blondskunk)
grindstone,7,4,2,12,2,0,3,15,5,128,13,0,1,3,2,0,197,12.31,0 (tie),128 (KingZee)
hanging_roots,0,0,0,0,0,0,0,0,0,0,0,0,8,11,0,0,19,1.19,0 (tie),11 (ThisIsDoom)
hay_block,1,2,0,5,0,0,6,0,0,0,10,0,30,82,82,71,289,18.06,0 (tie),82 (tie)
heavy_weighted_pressure_plate,0,0,0,10,0,0,0,0,0,0,0,0,8,0,22,0,40,2.50,0 (tie),22 (tinkfro)
honey_block,0,36,6,1,0,0,0,0,0,0,88,0,0,0,4,0,135,8.44,0 (tie),88 (PuffingFishHQ)
honey_bottle,4,24,42,2,2,0,0,0,0,0,32,0,0,0,4,0,110,6.88,0 (tie),42 (Ash298)
honeycomb,0,24,0,173,0,0,0,0,0,0,0,0,4,0,0,1,202,12.63,0 (tie),173 (Blondskunk)
honeycomb_block,0,97,286,0,0,0,0,0,0,0,0,0,0,0,0,0,383,23.94,0 (tie),286 (Ash298)
hopper,0,48,86,40,52,70,0,120,255,40,1530,0,73,3,212,24,2553,159.56,0 (tie),1530 (PuffingFishHQ)
hopper_minecart,0,0,10,3,26,16,0,4,0,0,4,0,0,7,10,0,80,5.00,0 (tie),26 (BrokenPixelSK)
horn_coral,0,0,0,0,0,0,0,0,0,0,8,0,0,0,0,0,8,0.50,0 (tie),8 (PuffingFishHQ)
horn_coral_block,0,2,0,0,0,0,0,0,0,0,0,0,0,0,0,0,2,0.13,0 (tie),2 (Artorvian)
horn_coral_fan,0,5,0,0,0,0,0,0,0,0,0,0,0,0,3,0,8,0.50,0 (tie),5 (Artorvian)
ice,2,0,0,0,0,0,0,0,2,0,1376,0,0,0,0,0,1380,86.25,0 (tie),1376 (PuffingFishHQ)
iron_axe,675,1826,3732,701,2856,1686,165,813,1120,937,695,73,998,2626,558,556,20017,1251.06,73 (squaremario),3732 (Ash298)
iron_bars,8,2,30,16,0,38,67,412,18,0,62,0,297,3,1073,0,2026,126.63,0 (tie),1073 (tinkfro)
iron_block,192,0,2,507,0,0,0,155,0,0,2458,0,805,0,6878,668,11665,729.06,0 (tie),6878 (tinkfro)
iron_boots,4,2,4,0,0,16,0,1,0,0,9,3,0,0,3,10,52,3.25,0 (tie),16 (HughBone)
iron_chestplate,4,2,3,1,0,30,0,0,0,1,7,3,0,1,4,5,61,3.81,0 (tie),30 (HughBone)
iron_door,0,3,2,2,1,3,2,20,0,0,11,0,15,0,28,0,87,5.44,0 (tie),28 (tinkfro)
iron_helmet,2,2,4,1,0,18,0,0,1,1,9,3,0,0,0,4,45,2.81,0 (tie),18 (HughBone)
iron_hoe,0,250,500,1006,1022,87,0,1071,320,0,41,0,26,0,314,0,4637,289.81,0 (tie),1071 (Jagiero)
iron_leggings,4,1,7,1,0,31,0,0,1,0,13,1,0,1,2,8,70,4.38,0 (tie),31 (HughBone)
iron_ore,0,12,35,67,0,0,0,343,9,59,52,0,18,184,96,1038,1913,119.56,0 (tie),1038 (WhiteFyr)
iron_pickaxe,2599,6029,2395,780,3457,5149,436,5486,367,2351,1240,350,10790,10271,1012,2092,54804,3425.25,350 (squaremario),10790 (This_is_KB)
iron_shovel,941,2096,3860,2003,5462,1416,0,2012,334,250,1106,0,2378,2457,1471,218,26004,1625.25,0 (tie),5462 (BrokenPixelSK)
iron_sword,934,525,927,393,1500,483,236,1277,664,147,770,13,502,1857,2382,467,13077,817.31,13 (squaremario),2382 (tinkfro)
iron_trapdoor,100,48,8,42,5,7,0,0,1,122,40,0,10,0,1128,0,1511,94.44,0 (tie),1128 (tinkfro)
item_frame,0,0,0,27,25,22,0,47,0,0,28,0,435,10,14,1,609,38.06,0 (tie),435 (This_is_KB)
jack_o_lantern,0,67,128,0,0,0,0,0,0,0,69,0,0,0,0,0,264,16.50,0 (tie),128 (Ash298)
jukebox,4,1,5,2,0,0,0,0,0,0,3,0,7,0,2,0,24,1.50,0 (tie),7 (This_is_KB)
jungle_boat,0,0,0,0,0,0,0,2,0,0,8,0,0,0,0,0,10,0.63,0 (tie),8 (PuffingFishHQ)
jungle_button,0,0,0,0,0,0,0,0,0,0,7,0,27,0,0,0,34,2.13,0 (tie),27 (This_is_KB)
jungle_door,0,0,0,2,0,0,0,0,0,3,2,0,1,14,0,1,23,1.44,0 (tie),14 (ThisIsDoom)
jungle_fence,0,0,29,0,0,0,0,0,0,0,126,0,105,17,69,0,346,21.63,0 (tie),126 (PuffingFishHQ)
jungle_fence_gate,0,0,43,0,0,0,0,0,0,0,393,0,46,9,4,0,495,30.94,0 (tie),393 (PuffingFishHQ)
jungle_hanging_sign,0,0,0,0,0,0,0,0,0,0,3,0,13,0,0,0,16,1.00,0 (tie),13 (This_is_KB)
jungle_leaves,0,0,0,0,0,0,0,0,0,0,135,0,0,0,0,1,136,8.50,0 (tie),135 (PuffingFishHQ)
jungle_log,0,57,304,48,0,0,2,8,8,18,211,0,69,7,185,0,917,57.31,0 (tie),304 (Ash298)
jungle_planks,0,2,377,0,0,0,0,0,2,0,1223,0,0,220,1066,0,2890,180.63,0 (tie),1223 (PuffingFishHQ)
jungle_pressure_plate,0,0,0,0,0,0,0,0,0,0,2,0,0,0,0,0,2,0.13,0 (tie),2 (PuffingFishHQ)
jungle_sapling,0,4,29,0,0,0,2,4,8,24,71,0,34,18,16,0,210,13.13,0 (tie),71 (PuffingFishHQ)
jungle_sign,0,0,15,0,0,0,5,0,0,0,11,0,5,0,16,0,52,3.25,0 (tie),16 (tinkfro)
jungle_slab,0,0,168,0,0,0,0,0,0,0,111,0,1037,37,87,0,1440,90.00,0 (tie),1037 (This_is_KB)
jungle_stairs,0,2,64,0,0,0,0,0,0,0,41,0,44,46,246,0,443,27.69,0 (tie),246 (tinkfro)
jungle_trapdoor,0,32,70,0,0,0,0,0,2,11,27,0,135,28,1185,0,1490,93.13,0 (tie),1185 (tinkfro)
jungle_wood,0,0,381,4,0,0,0,0,0,0,0,0,98,0,0,0,483,30.19,0 (tie),381 (Ash298)
kelp,0,0,24,0,10,328,0,390,0,0,1369,0,345,0,0,0,2466,154.13,0 (tie),1369 (PuffingFishHQ)
ladder,0,35,72,46,20,397,28,468,61,0,262,0,212,1,101,291,1994,124.63,0 (tie),468 (Jagiero)
lantern,7,6,23,200,24,31,4,386,39,0,275,0,158,16,106,215,1490,93.13,0 (tie),386 (Jagiero)
lapis_block,0,0,0,2,0,0,0,0,0,0,15,0,0,0,11,0,28,1.75,0 (tie),15 (PuffingFishHQ)
lapis_ore,0,0,0,13,0,2,0,34,20,9,24,0,2,0,0,140,244,15.25,0 (tie),140 (WhiteFyr)
lava_bucket,0,0,0,10,1,59,0,4,6,0,53,0,1,20,16,0,170,10.63,0 (tie),59 (HughBone)
lead,1,1,0,1,14,0,0,0,0,0,1,0,2,13,9,0,42,2.63,0 (tie),14 (BrokenPixelSK)
leather_boots,0,0,1,0,0,1,0,0,0,0,0,0,0,1,0,0,3,0.19,0 (tie),1 (tie)
leather_helmet,0,1,0,0,0,0,0,0,0,0,0,0,0,0,0,0,1,0.06,0 (tie),1 (Artorvian)
lectern,1,12,11,4,18,2,0,0,134,20,1019,0,7,2,74,0,1304,81.50,0 (tie),1019 (PuffingFishHQ)
lever,14,7,75,33,5,93,0,18,10,218,337,0,77,9,157,2,1055,65.94,0 (tie),337 (PuffingFishHQ)
light_blue_banner,0,0,0,21,3,0,0,0,0,0,0,0,0,0,0,0,24,1.50,0 (tie),21 (Blondskunk)
light_blue_bed,131,0,0,379,0,0,0,0,0,0,0,0,0,0,0,1,511,31.94,0 (tie),379 (Blondskunk)
light_blue_candle,0,0,0,72,0,0,0,0,0,0,0,0,32,0,0,0,104,6.50,0 (tie),72 (Blondskunk)
light_blue_carpet,0,0,0,119,1,0,0,0,0,0,0,0,0,0,0,0,120,7.50,0 (tie),119 (Blondskunk)
light_blue_concrete,0,0,0,753,0,0,0,0,0,0,0,0,575,0,0,0,1328,83.00,0 (tie),753 (Blondskunk)
light_blue_concrete_powder,0,0,0,707,0,0,0,0,0,0,0,0,0,0,0,0,707,44.19,0 (tie),707 (Blondskunk)
light_blue_dye,0,0,0,6,0,0,0,0,0,0,0,0,0,0,7,0,13,0.81,0 (tie),7 (tinkfro)
light_blue_shulker_box,31,0,0,584,0,7,0,0,0,3,7,0,54,0,163,98,947,59.19,0 (tie),584 (Blondskunk)
light_blue_stained_glass,0,0,0,116,0,2,0,0,0,0,0,0,30,0,0,0,148,9.25,0 (tie),116 (Blondskunk)
light_blue_stained_glass_pane,0,6,0,116,0,0,0,0,0,0,0,0,41,0,0,0,163,10.19,0 (tie),116 (Blondskunk)
light_blue_terracotta,0,0,0,0,0,0,0,0,0,0,95,0,0,0,14,0,109,6.81,0 (tie),95 (PuffingFishHQ)
light_blue_wool,243,0,0,1120,3,25,0,0,0,0,63,64,0,0,0,0,1518,94.88,0 (tie),1120 (Blondskunk)
light_gray_banner,1,0,0,0,2,0,0,0,0,0,0,0,0,0,0,0,3,0.19,0 (tie),2 (BrokenPixelSK)
light_gray_bed,2,0,0,216,0,0,0,0,6,0,2,0,0,0,19,10,255,15.94,0 (tie),216 (Blondskunk)
light_gray_carpet,3,5,0,45,13,12,0,0,21,0,2,0,0,1,369,2,473,29.56,0 (tie),369 (tinkfro)
light_gray_concrete,0,0,0,0,0,0,0,0,0,0,0,0,0,0,0,17,17,1.06,0 (tie),17 (WhiteFyr)
light_gray_concrete_powder,0,97,0,0,0,0,0,0,0,0,0,0,0,16,2,64,179,11.19,0 (tie),97 (Artorvian)
light_gray_dye,0,0,0,1,0,0,0,0,0,0,8,0,0,0,29,0,38,2.38,0 (tie),29 (tinkfro)
light_gray_shulker_box,0,0,0,0,0,0,0,0,0,0,70,0,7,0,134,32,243,15.19,0 (tie),134 (tinkfro)
light_gray_stained_glass,0,105,66,15,0,0,0,0,0,0,380,0,0,0,0,22,588,36.75,0 (tie),380 (PuffingFishHQ)
light_gray_stained_glass_pane,0,41,37,0,0,0,0,0,0,0,0,0,0,0,42,0,120,7.50,0 (tie),42 (tinkfro)
light_gray_terracotta,0,268,0,0,0,8,0,0,0,1,164,0,0,0,5,4,450,28.13,0 (tie),268 (Artorvian)
light_gray_wool,0,37,0,0,2,667,0,0,1,0,0,0,0,0,0,13,720,45.00,0 (tie),667 (HughBone)
light_weighted_pressure_plate,0,0,0,0,0,0,0,0,0,0,0,0,0,0,1,0,1,0.06,0 (tie),1 (tinkfro)
lightning_rod,0,0,11,23,68,0,0,0,0,95,19,0,0,0,4,0,220,13.75,0 (tie),95 (KingZee)
lilac,0,1,16,0,1,0,0,0,4,0,9,0,0,0,24,0,55,3.44,0 (tie),24 (tinkfro)
lily_of_the_valley,0,6,5,2,0,1,0,0,2,0,3,3,0,0,22,0,44,2.75,0 (tie),22 (tinkfro)
lime_banner,0,2,0,0,2,0,0,0,0,0,0,0,0,0,0,0,4,0.25,0 (tie),2 (tie)
lime_bed,0,0,9,0,0,0,0,0,3,0,0,0,0,0,1,0,13,0.81,0 (tie),9 (Ash298)
lime_carpet,0,0,35,0,1,0,0,0,0,0,34,0,0,0,61,0,131,8.19,0 (tie),61 (tinkfro)
lime_dye,0,0,0,6,0,0,0,0,0,0,0,0,0,0,19,0,25,1.56,0 (tie),19 (tinkfro)
lime_shulker_box,0,0,0,151,0,0,0,0,0,0,0,0,1,0,96,8,256,16.00,0 (tie),151 (Blondskunk)
lime_stained_glass,0,0,131,0,0,0,0,0,0,0,11,0,132,0,135,0,409,25.56,0 (tie),135 (tinkfro)
lime_stained_glass_pane,0,0,0,1,0,0,0,0,0,0,1338,0,94,0,0,0,1433,89.56,0 (tie),1338 (PuffingFishHQ)
lime_terracotta,0,0,0,0,0,0,0,0,0,0,0,0,124,0,34,0,158,9.88,0 (tie),124 (This_is_KB)
lime_wool,0,0,65,0,2,0,0,0,0,0,0,0,0,0,0,0,67,4.19,0 (tie),65 (Ash298)
lodestone,0,0,0,0,0,0,0,0,0,0,0,0,0,0,4,0,4,0.25,0 (tie),4 (tinkfro)
loom,0,14,13,5,1,0,0,0,10,0,62,0,5,3,0,0,113,7.06,0 (tie),62 (PuffingFishHQ)
magenta_banner,0,0,0,0,2,0,0,0,0,0,0,0,0,0,0,0,2,0.13,0 (tie),2 (BrokenPixelSK)
magenta_carpet,0,0,0,9,0,0,0,0,0,0,0,0,0,0,0,0,9,0.56,0 (tie),9 (Blondskunk)
magenta_dye,0,0,0,0,0,0,0,0,0,0,4,0,0,0,4,0,8,0.50,0 (tie),4 (tie)
magenta_shulker_box,0,0,0,0,0,0,0,0,0,0,0,0,0,0,81,0,81,5.06,0 (tie),81 (tinkfro)
magenta_stained_glass,0,0,0,0,0,0,0,0,0,0,0,0,0,0,3,0,3,0.19,0 (tie),3 (tinkfro)
magenta_terracotta,0,0,0,0,0,0,0,0,0,0,0,0,0,0,29,0,29,1.81,0 (tie),29 (tinkfro)
magenta_wool,0,0,0,0,4,0,0,0,0,0,0,0,0,0,0,0,4,0.25,0 (tie),4 (BrokenPixelSK)
magma_block,0,0,0,275,0,25,1,1,1,0,374,0,9,0,40,1,727,45.44,0 (tie),374 (PuffingFishHQ)
mangrove_boat,0,0,0,0,0,0,0,0,0,0,1,0,0,0,0,0,1,0.06,0 (tie),1 (PuffingFishHQ)
mangrove_button,0,0,0,76,0,0,0,0,0,0,33,0,56,0,0,0,165,10.31,0 (tie),76 (Blondskunk)
mangrove_chest_boat,0,0,0,0,0,0,1,0,0,0,0,0,0,0,0,0,1,0.06,0 (tie),1 (ImGP)
mangrove_door,0,2,0,7,1,0,0,4,0,2,3,0,3,0,2,4,28,1.75,0 (tie),7 (Blondskunk)
mangrove_fence,0,15,6,303,17,0,12,156,0,0,109,0,82,0,1,0,701,43.81,0 (tie),303 (Blondskunk)
mangrove_fence_gate,0,23,0,79,0,0,0,6,0,0,4,0,8,0,9,0,129,8.06,0 (tie),79 (Blondskunk)
mangrove_hanging_sign,0,0,0,2,0,0,0,0,0,0,0,0,0,0,0,0,2,0.13,0 (tie),2 (Blondskunk)
mangrove_leaves,7,12,681,574,0,0,0,0,2,22,451,0,95,0,696,679,3219,201.19,0 (tie),696 (tinkfro)
mangrove_log,3,30,34,855,108,0,210,291,85,1,2,0,156,442,31,1176,3424,214.00,0 (tie),1176 (WhiteFyr)
mangrove_planks,0,24,303,781,84,0,317,2224,1,0,187,0,357,122,240,150,4790,299.38,0 (tie),2224 (Jagiero)
mangrove_propagule,4,16,12,75,10,0,32,145,14,20,7,0,83,47,10,145,620,38.75,0 (tie),145 (tie)
mangrove_roots,17,21,19,273,80,80,237,0,124,48,3,0,490,148,241,994,2775,173.44,0 (tie),994 (WhiteFyr)
mangrove_sign,0,0,0,9,3,0,0,0,0,0,0,0,15,10,20,0,57,3.56,0 (tie),20 (tinkfro)
mangrove_slab,1,2,117,294,0,0,4,4276,160,0,8,0,257,0,75,4932,10126,632.88,0 (tie),4932 (WhiteFyr)
mangrove_stairs,0,37,39,85,15,0,24,1129,58,0,2,0,306,4,84,159,1942,121.38,0 (tie),1129 (Jagiero)
mangrove_trapdoor,0,2,11,306,0,0,0,681,11,0,4,0,201,0,26,40,1282,80.13,0 (tie),681 (Jagiero)
mangrove_wood,0,0,19,5,0,0,0,0,0,135,36,0,57,0,0,561,813,50.81,0 (tie),561 (WhiteFyr)
map,0,0,0,6,0,1,0,0,0,0,0,0,0,5,4,0,16,1.00,0 (tie),6 (Blondskunk)
medium_amethyst_bud,0,0,0,1,0,0,0,0,0,0,0,0,0,0,0,0,1,0.06,0 (tie),1 (Blondskunk)
melon,0,0,0,0,6,0,0,0,0,0,0,0,0,0,20,0,26,1.63,0 (tie),20 (tinkfro)
melon_seeds,0,0,6,0,14,0,0,0,3,0,0,0,0,0,2,0,25,1.56,0 (tie),14 (BrokenPixelSK)
melon_slice,0,2,81,0,0,0,0,0,0,5,12,0,0,0,0,0,100,6.25,0 (tie),81 (Ash298)
milk_bucket,0,1,2,2,0,21,0,1,3,0,2,0,21,1,5,0,59,3.69,0 (tie),21 (tie)
minecart,0,0,3,0,0,14,0,0,2,16,39,0,8,0,0,3,85,5.31,0 (tie),39 (PuffingFishHQ)
moss_block,11,298,591,8131,363,78,204,434,21,0,2398,4,872,26,28,253,13712,857.00,0 (KingZee),8131 (Blondskunk)
moss_carpet,3,10,44,5879,138,3,6,9,33,0,1416,1,2849,35,92,242,10760,672.50,0 (KingZee),5879 (Blondskunk)
mossy_cobblestone,200,4,710,697,7,213,64,3508,1,0,277,0,461,64,367,276,6849,428.06,0 (tie),3508 (Jagiero)
mossy_cobblestone_slab,0,4,0,35,0,0,0,109,0,0,34,0,159,0,12,0,353,22.06,0 (tie),159 (This_is_KB)
mossy_cobblestone_stairs,0,4,0,7,0,0,0,76,0,0,0,0,7,0,0,0,94,5.88,0 (tie),76 (Jagiero)
mossy_cobblestone_wall,0,2,0,13,0,0,0,18,0,0,0,0,0,0,0,0,33,2.06,0 (tie),18 (Jagiero)
mossy_stone_brick_slab,0,0,0,8,0,0,0,128,0,0,0,0,115,0,0,0,251,15.69,0 (tie),128 (Jagiero)
mossy_stone_brick_stairs,0,0,0,7,0,0,0,48,0,0,0,0,8,0,0,0,63,3.94,0 (tie),48 (Jagiero)
mossy_stone_brick_wall,0,3,0,17,0,0,0,8,0,0,0,0,0,0,0,0,28,1.75,0 (tie),17 (Blondskunk)
mossy_stone_bricks,0,6,8,60,0,191,0,3696,0,0,24,0,186,0,0,0,4171,260.69,0 (tie),3696 (Jagiero)
mud,0,349,476,1832,110,0,81,1,14,213,654,0,477,20,218,225,4670,291.88,0 (tie),1832 (Blondskunk)
mud_brick_slab,0,0,2,184,55,0,0,0,2,0,39,0,61,0,5,0,348,21.75,0 (tie),184 (Blondskunk)
mud_brick_stairs,0,0,8,369,8,1,0,0,16,0,3,0,47,25,29,12,518,32.38,0 (tie),369 (Blondskunk)
mud_brick_wall,0,0,0,518,28,0,14,0,50,0,10,0,65,6,155,0,846,52.88,0 (tie),518 (Blondskunk)
mud_bricks,2,0,149,970,188,12,22,35,304,0,630,0,40,0,277,191,2820,176.25,0 (tie),970 (Blondskunk)
muddy_mangrove_roots,0,0,0,4,55,0,1,0,0,52,0,0,49,2,26,58,247,15.44,0 (tie),58 (WhiteFyr)
mushroom_stem,0,40,0,0,0,0,0,0,0,0,0,0,21,0,58,0,119,7.44,0 (tie),58 (tinkfro)
music_disc_13,4,1,0,0,0,0,0,0,0,0,0,0,0,0,1,0,6,0.38,0 (tie),4 (AllOutJay)
music_disc_5,0,0,0,0,0,0,0,0,0,0,0,0,0,0,1,0,1,0.06,0 (tie),1 (tinkfro)
music_disc_blocks,0,0,0,0,0,0,0,0,0,0,0,0,0,0,1,0,1,0.06,0 (tie),1 (tinkfro)
music_disc_cat,0,0,0,3,0,0,0,0,0,0,1,0,12,0,0,0,16,1.00,0 (tie),12 (This_is_KB)
music_disc_chirp,0,0,0,0,0,0,0,0,0,0,0,0,0,0,2,0,2,0.13,0 (tie),2 (tinkfro)
music_disc_far,0,1,1,0,0,0,0,0,0,0,0,0,0,0,0,0,2,0.13,0 (tie),1 (tie)
music_disc_otherside,0,2,4,0,0,0,0,0,1,0,2,0,0,0,0,0,9,0.56,0 (tie),4 (Ash298)
music_disc_pigstep,0,1,1,1,0,0,0,0,0,0,0,0,0,0,0,0,3,0.19,0 (tie),1 (tie)
music_disc_ward,0,0,0,0,0,0,0,0,0,0,0,0,0,0,1,0,1,0.06,0 (tie),1 (tinkfro)
mutton,0,3,0,0,0,3,0,0,2,0,4,0,0,0,0,0,12,0.75,0 (tie),4 (PuffingFishHQ)
mycelium,0,0,0,0,0,41,0,0,0,0,0,0,0,0,0,0,41,2.56,0 (tie),41 (HughBone)
nether_brick_fence,0,0,0,36,0,0,1,0,0,0,0,0,0,6,0,0,43,2.69,0 (tie),36 (Blondskunk)
nether_brick_slab,0,15,0,12,0,0,0,0,0,0,0,0,34,0,0,0,61,3.81,0 (tie),34 (This_is_KB)
nether_brick_stairs,0,2,0,5,0,35,0,0,0,0,3,0,0,0,1,0,46,2.88,0 (tie),35 (HughBone)
nether_brick_wall,0,0,0,6,0,0,0,0,0,0,0,0,0,0,0,0,6,0.38,0 (tie),6 (Blondskunk)
nether_bricks,0,29,0,2,185,6,0,0,18,0,120,0,0,21,16,607,1004,62.75,0 (tie),607 (WhiteFyr)
nether_gold_ore,0,0,0,0,0,3,0,0,11,52,0,0,0,0,9,68,143,8.94,0 (tie),68 (WhiteFyr)
nether_quartz_ore,0,1,0,6100,0,290,0,59,0,36,12,0,822,399,0,0,7719,482.44,0 (tie),6100 (Blondskunk)
nether_sprouts,0,0,0,0,0,39,0,0,0,0,0,0,0,0,0,0,39,2.44,0 (tie),39 (HughBone)
nether_wart,0,0,0,0,0,12,0,6,12,0,26,0,43,59,0,105,263,16.44,0 (tie),105 (WhiteFyr)
nether_wart_block,0,117,2,11,0,50,0,0,17,0,45,0,0,20,5,0,267,16.69,0 (tie),117 (Artorvian)
netherite_axe,0,0,0,2,0,0,0,0,0,0,2150,0,2463,0,13663,19171,37449,2340.56,0 (tie),19171 (WhiteFyr)
netherite_boots,0,0,0,2,0,0,0,0,0,0,11,0,5,0,4,7,29,1.81,0 (tie),11 (PuffingFishHQ)
netherite_chestplate,0,0,0,57,0,0,0,0,0,0,3,0,18,0,0,85,163,10.19,0 (tie),85 (WhiteFyr)
netherite_helmet,0,0,0,4,0,0,0,0,0,0,0,0,4,0,0,5,13,0.81,0 (tie),5 (WhiteFyr)
netherite_hoe,0,0,0,0,0,0,0,0,0,0,0,0,0,0,0,8569,8569,535.56,0 (tie),8569 (WhiteFyr)
netherite_leggings,0,0,0,2,0,0,0,0,0,0,2,0,4,0,2,9,19,1.19,0 (tie),9 (WhiteFyr)
netherite_pickaxe,0,0,0,0,0,0,0,34267,0,0,45222,0,14134,0,78220,417712,589555,36847.19,0 (tie),417712 (WhiteFyr)
netherite_shovel,0,0,0,0,0,0,0,0,0,0,5186,0,6349,0,33145,4898,49578,3098.63,0 (tie),33145 (tinkfro)
netherite_sword,0,254,0,2243,0,0,0,0,0,0,102,0,575,0,4360,3515,11049,690.56,0 (tie),4360 (tinkfro)
netherrack,63,479,1064,4945,242,2563,384,633,319,42,5125,0,1310,1484,1744,1222,21619,1351.19,0 (squaremario),5125 (PuffingFishHQ)
note_block,0,2,11,1,0,3,0,0,0,0,136,0,2,0,48,0,203,12.69,0 (tie),136 (PuffingFishHQ)
oak_boat,12,1,0,13,0,11,1,6,49,5,60,0,20,0,2,4,184,11.50,0 (tie),60 (PuffingFishHQ)
oak_button,2,0,31,0,20,4,0,20,2,0,10,0,28,0,64,0,181,11.31,0 (tie),64 (tinkfro)
oak_chest_boat,0,1,1,0,0,0,6,0,0,8,2,0,0,4,2,4,28,1.75,0 (tie),8 (KingZee)
oak_door,1,1,2,2,3,17,0,0,0,1,3,0,1,0,90,1,122,7.63,0 (tie),90 (tinkfro)
oak_fence,46,2,84,22,8,898,80,0,20,22,65,0,167,3,709,3,2129,133.06,0 (tie),898 (HughBone)
oak_fence_gate,0,0,22,68,14,0,0,0,8,0,9,0,22,0,78,0,221,13.81,0 (tie),78 (tinkfro)
oak_hanging_sign,0,0,0,0,0,0,0,0,0,0,51,0,11,0,0,0,62,3.88,0 (tie),51 (PuffingFishHQ)
oak_leaves,0,209,948,894,133,111,0,0,4,1,275,0,188,1,1208,5,3977,248.56,0 (tie),1208 (tinkfro)
oak_log,213,162,405,234,123,365,136,1,1,26,642,0,345,41,470,51,3215,200.94,0 (squaremario),642 (PuffingFishHQ)
oak_planks,212,145,1354,28,290,456,0,1,79,40,253,61,35,2,326,10,3292,205.75,0 (ImGP),1354 (Ash298)
oak_pressure_plate,0,0,0,0,0,2,0,0,0,0,3,0,3,0,3,0,11,0.69,0 (tie),3 (tie)
oak_sapling,87,3,236,14,0,2,142,8,14,0,55,0,72,150,37,129,949,59.31,0 (tie),236 (Ash298)
oak_sign,1,33,29,76,74,33,0,5,34,4,213,0,245,3,361,88,1199,74.94,0 (tie),361 (tinkfro)
oak_slab,0,2,145,0,51,581,0,0,23,0,113,0,48,0,231,0,1194,74.63,0 (tie),581 (HughBone)
oak_stairs,0,0,334,2,2,200,0,0,14,0,87,0,3,0,179,0,821,51.31,0 (tie),334 (Ash298)
oak_trapdoor,7,38,158,698,164,104,0,53,28,0,198,0,172,0,1409,11,3040,190.00,0 (tie),1409 (tinkfro)
oak_wood,0,0,631,49,0,0,0,0,0,0,17,0,0,0,12,0,709,44.31,0 (tie),631 (Ash298)
observer,6,2,78,3,24,99,0,47,14,0,1134,0,2,0,52,0,1461,91.31,0 (tie),1134 (PuffingFishHQ)
obsidian,10,10,37,129,0,147,0,146,10,0,748,2,333,0,166,41,1779,111.19,0 (tie),748 (PuffingFishHQ)
ochre_froglight,198,0,43,941,0,0,0,0,1,0,185,0,214,0,213,69,1864,116.50,0 (tie),941 (Blondskunk)
orange_banner,0,8,0,0,2,0,0,0,0,0,0,0,0,0,0,0,10,0.63,0 (tie),8 (Artorvian)
orange_bed,1,0,0,106,0,2,0,0,0,0,0,0,0,0,0,1,110,6.88,0 (tie),106 (Blondskunk)
orange_candle,0,0,0,0,0,0,0,0,0,0,0,0,8,0,0,0,8,0.50,0 (tie),8 (This_is_KB)
orange_carpet,0,11,0,12,4,0,0,0,0,0,0,0,0,0,0,0,27,1.69,0 (tie),12 (Blondskunk)
orange_concrete_powder,0,0,0,0,0,0,0,0,0,0,0,0,0,0,12,0,12,0.75,0 (tie),12 (tinkfro)
orange_dye,0,0,0,2,0,0,0,0,2,0,0,0,0,0,17,0,21,1.31,0 (tie),17 (tinkfro)
orange_shulker_box,1,0,0,114,0,0,0,0,1,24,0,0,0,0,181,1,322,20.13,0 (tie),181 (tinkfro)
orange_stained_glass_pane,0,27,30,78,0,0,0,0,0,0,0,0,0,0,0,0,135,8.44,0 (tie),78 (Blondskunk)
orange_terracotta,0,66,0,186,0,5,0,0,0,0,271,0,0,0,95,0,623,38.94,0 (tie),271 (PuffingFishHQ)
orange_tulip,0,4,7,0,0,1,0,0,1,8,37,0,0,1,6,1,66,4.13,0 (tie),37 (PuffingFishHQ)
orange_wool,0,0,0,0,3,0,0,0,0,0,0,0,121,0,0,0,124,7.75,0 (tie),121 (This_is_KB)
oxeye_daisy,1,4,15,10,0,0,0,0,0,0,0,0,0,0,9,4,43,2.69,0 (tie),15 (Ash298)
oxidized_copper,0,0,0,0,13,0,0,0,0,24,69,0,0,89,0,0,195,12.19,0 (tie),89 (ThisIsDoom)
oxidized_copper_bulb,0,0,0,0,0,0,0,0,0,0,4,0,0,0,0,0,4,0.25,0 (tie),4 (PuffingFishHQ)
oxidized_copper_trapdoor,0,0,0,0,0,0,0,0,0,5,18,0,0,0,0,0,23,1.44,0 (tie),18 (PuffingFishHQ)
oxidized_cut_copper,0,9,30,0,26,0,0,0,0,0,10,0,0,12,0,0,87,5.44,0 (tie),30 (Ash298)
oxidized_cut_copper_slab,0,0,0,0,140,0,0,0,0,0,0,0,0,29,0,0,169,10.56,0 (tie),140 (BrokenPixelSK)
oxidized_cut_copper_stairs,0,0,0,0,31,0,0,0,0,0,10,0,0,272,0,0,313,19.56,0 (tie),272 (ThisIsDoom)
packed_ice,36,0,0,67,0,0,0,0,29,86,1427,0,86,0,174,23,1928,120.50,0 (tie),1427 (PuffingFishHQ)
packed_mud,0,0,457,1025,442,3,152,100,162,0,388,0,532,25,16,141,3443,215.19,0 (tie),1025 (Blondskunk)
painting,0,22,2,79,13,0,0,0,7,21,0,0,45,41,52,14,296,18.50,0 (tie),79 (Blondskunk)
pearlescent_froglight,0,0,0,70,0,0,0,0,0,0,2,0,0,0,356,2,430,26.88,0 (tie),356 (tinkfro)
peony,0,7,51,0,1,1,1,0,3,0,28,0,0,0,50,0,142,8.88,0 (tie),51 (Ash298)
pink_banner,0,0,0,0,2,0,0,0,0,0,0,0,0,0,0,0,2,0.13,0 (tie),2 (BrokenPixelSK)
pink_bed,0,0,0,1,0,0,0,0,0,0,18,0,82,0,0,0,101,6.31,0 (tie),82 (This_is_KB)
pink_carpet,0,0,0,0,3,0,0,0,0,0,0,0,0,0,0,0,3,0.19,0 (tie),3 (BrokenPixelSK)
pink_concrete_powder,0,0,0,0,0,0,0,0,0,0,0,0,301,0,1,0,302,18.88,0 (tie),301 (This_is_KB)
pink_dye,0,0,0,0,0,0,0,0,0,0,2,0,3,0,11,0,16,1.00,0 (tie),11 (tinkfro)
pink_petals,0,0,0,83,0,0,0,0,0,2,20,0,6856,0,11,1,6973,435.81,0 (tie),6856 (This_is_KB)
pink_shulker_box,0,0,0,1,0,0,0,0,0,0,14,0,166,0,0,0,181,11.31,0 (tie),166 (This_is_KB)
pink_stained_glass,0,0,0,0,0,0,0,0,0,0,7,0,0,0,0,0,7,0.44,0 (tie),7 (PuffingFishHQ)
pink_stained_glass_pane,0,0,0,0,0,0,0,0,0,0,0,0,495,0,0,0,495,30.94,0 (tie),495 (This_is_KB)
pink_tulip,0,5,15,42,0,0,0,0,0,0,0,0,0,0,7,1,70,4.38,0 (tie),42 (Blondskunk)
pink_wool,0,0,0,0,2,0,0,0,0,55,0,0,315,0,0,0,372,23.25,0 (tie),315 (This_is_KB)
piston,0,0,52,21,5,11,0,61,27,3,404,0,64,0,40,0,688,43.00,0 (tie),404 (PuffingFishHQ)
pitcher_plant,0,0,0,19,0,0,0,0,0,0,0,0,0,0,0,0,19,1.19,0 (tie),19 (Blondskunk)
pitcher_pod,0,0,0,26,0,0,0,0,0,0,0,0,0,0,0,0,26,1.63,0 (tie),26 (Blondskunk)
player_head,6,58,4,18,6,26,7,5,20,9,227,0,62,3,336,19,806,50.38,0 (squaremario),336 (tinkfro)
podzol,0,0,94,13,0,0,0,1,3,0,172,0,32,0,1142,1,1458,91.13,0 (tie),1142 (tinkfro)
pointed_dripstone,0,0,5,4,2,6,8,2,0,7,62,0,1,5,56,0,158,9.88,0 (tie),62 (PuffingFishHQ)
polished_andesite,98,9,8,3073,50,60,0,0,8,36,1052,0,428,0,274,26,5122,320.13,0 (tie),3073 (Blondskunk)
polished_andesite_slab,0,16,3,492,95,91,0,0,8,31,1299,0,9,0,45,5,2094,130.88,0 (tie),1299 (PuffingFishHQ)
polished_andesite_stairs,0,22,18,1364,0,84,0,0,22,16,479,0,24,0,90,2594,4713,294.56,0 (tie),2594 (WhiteFyr)
polished_basalt,0,0,0,0,0,23,15,0,0,2,91,0,0,0,483,0,614,38.38,0 (tie),483 (tinkfro)
polished_blackstone,0,7,0,22,2,0,0,28,0,0,17,0,599,0,4,0,679,42.44,0 (tie),599 (This_is_KB)
polished_blackstone_brick_slab,0,49,0,0,0,0,0,189,0,0,1,0,0,0,0,0,239,14.94,0 (tie),189 (Jagiero)
polished_blackstone_brick_stairs,0,8,0,0,0,0,0,206,0,0,11,0,0,0,3,0,228,14.25,0 (tie),206 (Jagiero)
polished_blackstone_brick_wall,0,20,1,0,0,1,0,155,0,0,0,0,123,0,6,0,306,19.13,0 (tie),155 (Jagiero)
polished_blackstone_bricks,0,54,33,26,0,10,0,4002,0,0,16,0,0,0,427,13,4581,286.31,0 (tie),4002 (Jagiero)
polished_blackstone_button,0,0,0,4,13,2,0,0,0,0,20,0,0,0,269,0,308,19.25,0 (tie),269 (tinkfro)
polished_blackstone_pressure_plate,6,0,0,7,0,2,0,0,0,0,0,0,0,0,0,0,15,0.94,0 (tie),7 (Blondskunk)
polished_blackstone_slab,0,0,0,67,0,0,1,0,0,1,2,0,189,0,1,0,261,16.31,0 (tie),189 (This_is_KB)
polished_blackstone_stairs,0,0,0,2,0,0,0,0,0,9,3,0,146,0,0,0,160,10.00,0 (tie),146 (This_is_KB)
polished_blackstone_wall,0,0,16,0,6,0,0,0,0,0,9,0,24,0,7,0,62,3.88,0 (tie),24 (This_is_KB)
polished_deepslate,780,38,0,363,74,36,0,607,103,0,992,0,176,0,97,6502,9768,610.50,0 (tie),6502 (WhiteFyr)
polished_deepslate_slab,39,1,0,533,5,0,0,211,15,0,387,0,285,0,64,165,1705,106.56,0 (tie),533 (Blondskunk)
polished_deepslate_stairs,15,34,0,25,0,0,0,0,20,0,2,0,12,0,60,243,411,25.69,0 (tie),243 (WhiteFyr)
polished_deepslate_wall,4,4,49,1,6,0,0,0,14,0,22,0,0,0,36,0,136,8.50,0 (tie),49 (Ash298)
polished_diorite,0,40,199,140,72,4,0,0,0,2,16,0,448,0,800,126,1847,115.44,0 (tie),800 (tinkfro)
polished_diorite_slab,0,18,86,96,0,0,0,0,0,0,0,0,0,0,158,29,387,24.19,0 (tie),158 (tinkfro)
polished_diorite_stairs,0,9,25,21,0,0,0,0,0,0,0,0,0,0,124,38,217,13.56,0 (tie),124 (tinkfro)
polished_granite,0,36,12,61,0,0,0,0,0,0,113,0,27,0,13,0,262,16.38,0 (tie),113 (PuffingFishHQ)
polished_granite_slab,0,0,0,1,0,0,0,0,0,0,0,0,0,0,0,0,1,0.06,0 (tie),1 (Blondskunk)
polished_granite_stairs,0,8,0,14,0,0,0,0,0,0,0,0,0,0,0,0,22,1.38,0 (tie),14 (Blondskunk)
polished_tuff,239,0,0,0,0,0,0,0,0,0,68,0,194,0,0,0,501,31.31,0 (tie),239 (AllOutJay)
polished_tuff_slab,218,0,0,0,0,0,0,0,0,0,146,0,1536,0,0,0,1900,118.75,0 (tie),1536 (This_is_KB)
polished_tuff_stairs,60,0,0,0,0,0,0,0,0,0,0,0,0,0,0,0,60,3.75,0 (tie),60 (AllOutJay)
poppy,0,16,9,5,1,0,1,0,0,0,122,0,0,1,3,3,161,10.06,0 (tie),122 (PuffingFishHQ)
porkchop,0,1,0,0,0,0,0,0,0,0,0,0,0,0,0,0,1,0.06,0 (tie),1 (Artorvian)
potato,21,519,783,780,6,19,81,40,608,3,83,0,16,56,493,534,4042,252.63,0 (squaremario),783 (Ash298)
potion,3,2,354,642,0,17,613,75,515,0,102,0,1067,0,127,7,3524,220.25,0 (tie),1067 (This_is_KB)
powder_snow_bucket,0,0,0,56,1,0,0,0,0,0,27,0,0,0,45,0,129,8.06,0 (tie),56 (Blondskunk)
powered_rail,0,0,60,39,7,11,0,30,0,270,1289,0,16,12,188,0,1922,120.13,0 (tie),1289 (PuffingFishHQ)
prismarine,0,0,26,0,0,1,0,0,0,0,0,0,0,0,0,0,27,1.69,0 (tie),26 (Ash298)
prismarine_bricks,0,0,0,0,0,14,0,45,0,0,0,0,0,0,0,0,59,3.69,0 (tie),45 (Jagiero)
prismarine_slab,0,0,0,0,0,0,0,0,0,0,0,0,0,0,13,0,13,0.81,0 (tie),13 (tinkfro)
prismarine_stairs,0,0,0,0,0,0,0,0,0,0,0,0,0,0,8,0,8,0.50,0 (tie),8 (tinkfro)
prismarine_wall,0,0,0,0,0,0,0,0,0,0,0,0,0,0,38,0,38,2.38,0 (tie),38 (tinkfro)
pufferfish_bucket,0,0,0,0,0,0,0,0,0,0,17,0,0,0,0,0,17,1.06,0 (tie),17 (PuffingFishHQ)
pumpkin,0,235,0,0,7,0,0,0,3,0,133,0,32,0,135,0,545,34.06,0 (tie),235 (Artorvian)
pumpkin_pie,0,0,0,0,0,0,0,0,0,0,244,0,0,0,0,0,244,15.25,0 (tie),244 (PuffingFishHQ)
pumpkin_seeds,0,27,0,1,0,0,0,0,3,0,58,0,25,0,17,0,131,8.19,0 (tie),58 (PuffingFishHQ)
purple_banner,0,0,0,0,4,0,0,0,0,0,0,0,0,0,0,0,4,0.25,0 (tie),4 (BrokenPixelSK)
purple_candle,0,0,0,260,9,0,0,0,0,0,20,0,0,0,0,0,289,18.06,0 (tie),260 (Blondskunk)
purple_carpet,0,0,0,0,14,0,0,0,0,0,0,0,0,0,0,0,14,0.88,0 (tie),14 (BrokenPixelSK)
purple_dye,0,0,0,1,0,0,0,0,0,0,0,0,0,0,0,0,1,0.06,0 (tie),1 (Blondskunk)
purple_shulker_box,1,0,0,43,0,0,0,0,0,0,0,0,0,0,0,0,44,2.75,0 (tie),43 (Blondskunk)
purple_stained_glass,0,0,0,20,0,0,0,0,0,0,0,0,0,0,0,0,20,1.25,0 (tie),20 (Blondskunk)
purple_stained_glass_pane,0,0,0,42,0,0,0,0,0,0,0,0,0,0,0,0,42,2.63,0 (tie),42 (Blondskunk)
purple_terracotta,0,0,0,0,0,0,0,0,1,0,0,0,0,0,0,0,1,0.06,0 (tie),1 (JustinL94)
purple_wool,0,0,0,0,5,0,0,0,0,0,0,0,0,0,0,0,5,0.31,0 (tie),5 (BrokenPixelSK)
purpur_block,5,5,6,3,0,0,0,0,0,0,65,0,25,50,0,0,159,9.94,0 (tie),65 (PuffingFishHQ)
purpur_pillar,3,1,9,0,0,0,0,0,4,0,0,0,0,31,1,0,49,3.06,0 (tie),31 (ThisIsDoom)
purpur_slab,0,0,4,0,0,0,0,0,0,0,0,0,0,0,0,0,4,0.25,0 (tie),4 (Ash298)
purpur_stairs,0,0,0,0,0,1,0,0,1,0,0,0,0,0,0,0,2,0.13,0 (tie),1 (tie)
quartz_block,0,1,0,0,0,0,0,0,0,2,90,0,1108,0,4,0,1205,75.31,0 (tie),1108 (This_is_KB)
quartz_bricks,0,0,0,1314,0,0,0,0,0,0,0,0,60,0,0,0,1374,85.88,0 (tie),1314 (Blondskunk)
quartz_pillar,0,32,0,148,0,0,0,0,0,0,0,0,183,0,2,0,365,22.81,0 (tie),183 (This_is_KB)
quartz_slab,0,72,18,0,0,0,0,0,0,0,79,0,1015,0,3,0,1187,74.19,0 (tie),1015 (This_is_KB)
quartz_stairs,0,89,0,0,0,3,0,0,0,0,72,0,417,0,0,0,581,36.31,0 (tie),417 (This_is_KB)
rail,0,9,337,458,40,561,1,0,362,596,1741,0,128,88,171,9,4501,281.31,0 (tie),1741 (PuffingFishHQ)
raw_copper_block,0,3,0,0,0,14,0,0,0,0,15,0,0,1,52,0,85,5.31,0 (tie),52 (tinkfro)
raw_gold_block,0,5,4,2,0,0,0,0,0,0,0,0,0,0,23,0,34,2.13,0 (tie),23 (tinkfro)
raw_iron_block,0,2,0,0,0,0,0,0,0,0,2,0,0,0,19,0,23,1.44,0 (tie),19 (tinkfro)
red_banner,0,2,0,2,26,0,0,0,0,0,0,0,0,0,0,0,30,1.88,0 (tie),26 (BrokenPixelSK)
red_bed,0,2,0,0,51,0,0,0,0,0,21,0,28,0,35,0,137,8.56,0 (tie),51 (BrokenPixelSK)
red_candle,0,0,0,2,0,0,0,0,0,0,0,0,2,1,28,0,33,2.06,0 (tie),28 (tinkfro)
red_carpet,0,0,0,13,35,8,0,0,1,0,35,0,46,16,42,0,196,12.25,0 (tie),46 (This_is_KB)
red_concrete,0,0,0,12,38,0,0,0,0,0,3,0,0,0,189,0,242,15.13,0 (tie),189 (tinkfro)
red_concrete_powder,0,0,0,0,65,0,0,247,0,0,8,0,0,0,202,0,522,32.63,0 (tie),247 (Jagiero)
red_dye,0,0,0,2,0,1,0,0,0,0,20,0,0,0,10,0,33,2.06,0 (tie),20 (PuffingFishHQ)
red_mushroom,0,0,40,0,0,0,0,0,0,0,0,0,9,0,60,18,127,7.94,0 (tie),60 (tinkfro)
red_mushroom_block,0,0,0,0,0,0,0,0,0,0,0,0,286,0,14,0,300,18.75,0 (tie),286 (This_is_KB)
red_nether_brick_stairs,0,5,0,0,0,0,0,0,0,0,0,0,0,0,0,0,5,0.31,0 (tie),5 (Artorvian)
red_nether_bricks,0,0,0,10,0,0,0,0,0,0,0,0,0,0,0,0,10,0.63,0 (tie),10 (Blondskunk)
red_sand,0,0,0,0,0,0,0,27,0,0,0,0,0,0,6,0,33,2.06,0 (tie),27 (Jagiero)
red_sandstone,0,1,0,0,0,0,0,0,0,0,0,0,0,0,0,0,1,0.06,0 (tie),1 (Artorvian)
red_sandstone_wall,0,0,0,0,0,0,0,0,0,0,0,0,0,0,16,0,16,1.00,0 (tie),16 (tinkfro)
red_shulker_box,13,0,0,98,0,6,0,0,1,0,11,0,71,0,257,98,555,34.69,0 (tie),257 (tinkfro)
red_stained_glass,0,77,2,0,0,0,0,1553,65,0,0,0,5,0,64,0,1766,110.38,0 (tie),1553 (Jagiero)
red_stained_glass_pane,0,17,0,10,0,2,0,0,0,0,0,0,0,0,40,0,69,4.31,0 (tie),40 (tinkfro)
red_terracotta,0,126,0,72,0,64,0,0,0,0,1589,0,1377,2,0,0,3230,201.88,0 (tie),1589 (PuffingFishHQ)
red_tulip,5,6,10,0,0,7,0,0,0,0,6,0,0,2,46,1,83,5.19,0 (tie),46 (tinkfro)
red_wool,0,0,0,10,81,3,0,0,0,206,15,0,472,1,4,0,792,49.50,0 (tie),472 (This_is_KB)
redstone,15,119,870,46,28,184,0,89,153,40,1229,0,60,0,1158,0,3991,249.44,0 (tie),1229 (PuffingFishHQ)
redstone_block,0,1,7,15,0,5,0,17,77,3,215,0,119,10,25,0,494,30.88,0 (tie),215 (PuffingFishHQ)
redstone_lamp,0,0,0,0,1,0,0,0,1,0,29,0,0,0,317,0,348,21.75,0 (tie),317 (tinkfro)
redstone_ore,0,0,0,0,0,0,0,13,0,0,2,0,0,0,15,51,81,5.06,0 (tie),51 (WhiteFyr)
redstone_torch,5,0,44,26,7,23,0,2,27,70,610,0,2,2,100,0,918,57.38,0 (tie),610 (PuffingFishHQ)
repeater,2,2,82,22,3,21,0,58,31,0,502,0,29,0,102,0,854,53.38,0 (tie),502 (PuffingFishHQ)
rooted_dirt,1,0,1,17,0,0,0,0,0,0,80,0,116,1,2,0,218,13.63,0 (tie),116 (This_is_KB)
rose_bush,0,5,23,62,17,5,0,1,5,0,27,0,2,0,68,0,215,13.44,0 (tie),68 (tinkfro)
rotten_flesh,9,46,11,0,0,3,0,0,0,2,34,0,0,0,4,0,109,6.81,0 (tie),46 (Artorvian)
salmon,0,0,0,0,0,0,0,0,2,0,0,0,0,0,3,0,5,0.31,0 (tie),3 (tinkfro)
sand,2,102,3843,108,48,92,72,1216,26,3,127,0,2375,30,124,2,8170,510.63,0 (squaremario),3843 (Ash298)
sandstone,1,0,195,429,6,121,159,0,0,0,191,0,0,6,7,19,1134,70.88,0 (tie),429 (Blondskunk)
sandstone_slab,0,0,518,6,0,0,21,0,0,0,1498,0,0,0,0,0,2043,127.69,0 (tie),1498 (PuffingFishHQ)
sandstone_stairs,0,0,126,20,14,0,0,0,0,0,38,0,0,0,0,0,198,12.38,0 (tie),126 (Ash298)
sandstone_wall,0,0,0,0,6,0,27,0,0,0,0,0,0,0,128,0,161,10.06,0 (tie),128 (tinkfro)
scaffolding,176,26,335,3011,170,959,0,3279,576,616,4054,1,7226,660,911,4380,26380,1648.75,0 (ImGP),7226 (This_is_KB)
sculk,0,1,26,0,0,0,0,2587,4,3,0,0,176,0,40,5804,8641,540.06,0 (tie),5804 (WhiteFyr)
sculk_catalyst,0,0,0,0,0,1,0,6,0,0,0,0,0,0,5,0,12,0.75,0 (tie),6 (Jagiero)
sculk_sensor,0,0,0,0,0,1,0,0,0,0,2,0,0,0,5,0,8,0.50,0 (tie),5 (tinkfro)
sculk_shrieker,1,1,0,0,0,0,0,0,0,0,5,0,0,0,6,0,13,0.81,0 (tie),6 (tinkfro)
sculk_vein,0,1,0,0,0,0,0,1,0,0,0,0,0,0,2,0,4,0.25,0 (tie),2 (tinkfro)
sea_lantern,67,0,0,0,0,8,0,0,0,0,87,0,0,0,6,0,168,10.50,0 (tie),87 (PuffingFishHQ)
sea_pickle,0,8,0,31,3,0,0,0,0,0,76,0,15,24,48,0,205,12.81,0 (tie),76 (PuffingFishHQ)
seagrass,0,0,0,20,0,0,0,0,0,0,0,0,25,0,0,0,45,2.81,0 (tie),25 (This_is_KB)
shears,252,905,2725,3556,475,981,1142,399,0,1312,1160,0,2397,244,1832,1239,18619,1163.69,0 (tie),3556 (Blondskunk)
shield,27,108,146,53,63,661,0,97,3,1,181,23,220,119,235,84,2021,126.31,0 (ImGP),661 (HughBone)
short_grass,18,55,195,470,0,0,207,0,0,0,61,0,120,0,363,59,1548,96.75,0 (tie),470 (Blondskunk)
shroomlight,0,85,12,12,0,7,0,0,2,4,54,0,1,3,20,0,200,12.50,0 (tie),85 (Artorvian)
shulker_box,77,1,281,451,0,70,0,0,67,1,987,0,289,7,232,1044,3507,219.19,0 (tie),1044 (WhiteFyr)
skeleton_skull,0,0,0,0,0,0,0,0,0,0,0,0,0,0,3,0,3,0.19,0 (tie),3 (tinkfro)
slime_block,0,0,0,1,0,9,0,1,0,0,129,0,0,0,153,0,293,18.31,0 (tie),153 (tinkfro)
small_amethyst_bud,0,2,0,0,0,0,0,0,0,0,0,0,0,0,0,0,2,0.13,0 (tie),2 (Artorvian)
small_dripleaf,0,0,0,0,0,0,0,0,0,0,0,0,5,0,0,0,5,0.31,0 (tie),5 (This_is_KB)
smithing_table,0,0,0,3,0,0,0,1,0,0,8,0,1,1,1,3,18,1.13,0 (tie),8 (PuffingFishHQ)
smoker,14,0,1,4,4,0,0,2,8,0,16,0,1,5,0,2,57,3.56,0 (tie),16 (PuffingFishHQ)
smooth_basalt,8,27,0,81,28,13,0,5,0,0,0,0,0,3,19,6375,6559,409.94,0 (tie),6375 (WhiteFyr)
smooth_quartz,94,69,0,626,155,0,0,0,0,0,35,0,876,0,2882,0,4737,296.06,0 (tie),2882 (tinkfro)
smooth_quartz_slab,60,27,0,338,0,0,0,0,0,0,33,0,135,0,99,0,692,43.25,0 (tie),338 (Blondskunk)
smooth_quartz_stairs,13,88,0,305,0,0,0,0,0,0,19,0,313,0,279,0,1017,63.56,0 (tie),313 (This_is_KB)
smooth_red_sandstone,0,46,0,0,0,0,0,13,0,0,0,0,0,0,15,0,74,4.63,0 (tie),46 (Artorvian)
smooth_red_sandstone_slab,0,2,0,0,0,0,0,0,0,0,0,0,0,0,6,0,8,0.50,0 (tie),6 (tinkfro)
smooth_red_sandstone_stairs,0,0,0,0,0,0,0,0,0,0,0,0,0,0,16,0,16,1.00,0 (tie),16 (tinkfro)
smooth_sandstone,0,0,0,51,157,0,126,0,0,0,108,0,0,0,532,0,974,60.88,0 (tie),532 (tinkfro)
smooth_sandstone_slab,0,0,0,10,1,0,2,0,4,0,156,0,0,0,279,0,452,28.25,0 (tie),279 (tinkfro)
smooth_sandstone_stairs,0,0,0,26,9,0,0,0,0,0,142,0,0,0,106,0,283,17.69,0 (tie),142 (PuffingFishHQ)
smooth_stone,6,26,38,606,0,10,0,0,219,0,945,0,97,0,719,0,2666,166.63,0 (tie),945 (PuffingFishHQ)
smooth_stone_slab,5,23,28,2961,0,81,0,0,29,161,4742,0,3984,0,122,0,12136,758.50,0 (tie),4742 (PuffingFishHQ)
sniffer_egg,0,0,0,7,0,0,0,0,0,0,0,0,0,0,0,0,7,0.44,0 (tie),7 (Blondskunk)
snow_block,0,35,0,0,0,0,0,0,0,0,1126,40,130,0,184,1,1516,94.75,0 (tie),1126 (PuffingFishHQ)
snowball,16,0,0,0,0,17,0,0,0,0,37,3,5,0,24,0,102,6.38,0 (tie),37 (PuffingFishHQ)
soul_campfire,0,0,0,0,0,0,0,0,0,4,109,0,1,0,16,0,130,8.13,0 (tie),109 (PuffingFishHQ)
soul_lantern,0,2,0,40,0,15,0,0,0,0,0,0,11,0,18,0,86,5.38,0 (tie),40 (Blondskunk)
soul_sand,0,1,1,44,1,67,0,14,43,11,533,0,41,7,18,19,800,50.00,0 (tie),533 (PuffingFishHQ)
soul_soil,0,0,8,30,0,116,0,0,0,9,590,0,13,7,375,2,1150,71.88,0 (tie),590 (PuffingFishHQ)
soul_torch,0,0,0,0,0,0,0,0,0,0,10,0,257,0,1,0,268,16.75,0 (tie),257 (This_is_KB)
spider_eye,0,1,0,0,0,0,0,0,0,0,2,0,0,0,0,0,3,0.19,0 (tie),2 (PuffingFishHQ)
splash_potion,3,0,0,2,0,3,0,0,18,0,60,2,5,0,17,0,110,6.88,0 (tie),60 (PuffingFishHQ)
sponge,0,0,0,0,0,0,0,0,0,0,6,0,0,0,0,0,6,0.38,0 (tie),6 (PuffingFishHQ)
spore_blossom,0,0,2,3,0,0,0,0,1,0,0,0,1,0,8,0,15,0.94,0 (tie),8 (tinkfro)
spruce_boat,0,0,0,3,0,1,0,4,3,7,12,0,1,0,6,0,37,2.31,0 (tie),12 (PuffingFishHQ)
spruce_button,4,11,9,368,0,2,2,0,0,0,0,0,77,0,0,1,474,29.63,0 (tie),368 (Blondskunk)
spruce_chest_boat,0,0,0,0,0,0,0,3,0,0,0,0,0,0,0,0,3,0.19,0 (tie),3 (Jagiero)
spruce_door,0,14,0,6,5,0,0,1,4,5,7,0,23,4,13,4,86,5.38,0 (tie),23 (This_is_KB)
spruce_fence,1,33,885,625,183,53,141,34,57,95,182,0,211,1,176,1264,3941,246.31,0 (squaremario),1264 (WhiteFyr)
spruce_fence_gate,0,22,396,27,34,0,0,0,18,8,36,0,30,0,87,9,667,41.69,0 (tie),396 (Ash298)
spruce_hanging_sign,5,0,0,10,0,0,0,0,0,0,0,0,0,0,0,3,18,1.13,0 (tie),10 (Blondskunk)
spruce_leaves,0,2,0,0,0,0,0,0,1,0,0,0,16,0,2,0,21,1.31,0 (tie),16 (This_is_KB)
spruce_log,14,214,265,530,254,0,7,12,75,45,1009,0,84,84,2223,4256,9072,567.00,0 (tie),4256 (WhiteFyr)
spruce_planks,2,492,228,3910,787,4,126,4,4,146,385,0,430,0,328,144,6990,436.88,0 (tie),3910 (Blondskunk)
spruce_pressure_plate,0,0,0,8,0,0,0,0,0,0,10,0,0,0,4,4,26,1.63,0 (tie),10 (PuffingFishHQ)
spruce_sapling,27,105,108,117,8,17,83,105,78,87,259,0,58,196,156,370,1774,110.88,0 (squaremario),370 (WhiteFyr)
spruce_sign,1,14,34,594,13,9,13,0,43,3,40,0,21,4,61,203,1053,65.81,0 (tie),594 (Blondskunk)
spruce_slab,0,96,740,832,647,12,1139,0,204,89,145,0,92,46,1042,347,5431,339.44,0 (tie),1139 (ImGP)
spruce_stairs,0,186,940,1074,157,19,242,0,128,14,117,0,499,7,336,1044,4763,297.69,0 (tie),1074 (Blondskunk)
spruce_trapdoor,0,265,394,2328,464,2,119,275,92,47,337,0,581,55,1165,39,6163,385.19,0 (tie),2328 (Blondskunk)
spruce_wood,0,8,239,0,8,0,0,0,0,68,117,0,0,0,315,42,797,49.81,0 (tie),315 (tinkfro)
spyglass,266,0,0,429,0,0,0,0,0,0,0,0,0,0,33,0,728,45.50,0 (tie),429 (Blondskunk)
sticky_piston,9,7,136,1,0,98,0,1,8,0,404,0,0,0,24,0,688,43.00,0 (tie),404 (PuffingFishHQ)
stone,142,196,2097,7191,165,700,134,6440,1396,1074,3064,1,3312,119,8647,2962,37640,2352.50,1 (squaremario),8647 (tinkfro)
stone_axe,87,1004,140,0,10,362,53,134,87,509,221,57,100,2442,136,16,5358,334.88,0 (Blondskunk),2442 (ThisIsDoom)
stone_brick_slab,0,18,2,1248,0,3,0,203,505,4,315,0,2,0,2238,22,4560,285.00,0 (tie),2238 (tinkfro)
stone_brick_stairs,0,25,11,3334,0,10,0,43,2,11,157,0,5,0,1327,0,4925,307.81,0 (tie),3334 (Blondskunk)
stone_brick_wall,0,9,0,490,19,0,0,0,8,0,93,0,0,0,464,0,1083,67.69,0 (tie),490 (Blondskunk)
stone_bricks,2,18,157,6197,400,320,73,242,396,44,1708,0,1,0,6015,220,15793,987.06,0 (tie),6197 (Blondskunk)
stone_button,1,4,3,522,6,2,0,0,173,10,151,0,51,4,126,2,1055,65.94,0 (tie),522 (Blondskunk)
stone_hoe,0,333,114,0,493,18,0,735,0,185,8,0,3636,2083,298,5,7908,494.25,0 (tie),3636 (This_is_KB)
stone_pickaxe,134,262,100,0,2516,647,131,527,105,2760,494,45,1375,1581,144,416,11237,702.31,0 (Blondskunk),2760 (KingZee)
stone_pressure_plate,3,2,0,1,0,15,0,0,0,0,44,0,2,0,1,1,69,4.31,0 (tie),44 (PuffingFishHQ)
stone_shovel,0,262,133,0,1331,759,131,931,461,675,264,0,17,1102,0,7,6073,379.56,0 (tie),1331 (BrokenPixelSK)
stone_slab,9,0,24,656,10,0,0,774,145,159,76,0,380,0,109,206,2548,159.25,0 (tie),774 (Jagiero)
stone_stairs,9,0,20,438,0,0,0,2,37,182,0,0,40,0,162,519,1409,88.06,0 (tie),519 (WhiteFyr)
stone_sword,445,75,211,189,0,502,66,484,10,194,274,0,317,247,0,66,3080,192.50,0 (tie),502 (HughBone)
stonecutter,8,4,9,33,10,6,0,13,0,7,26,0,44,1,9,8,178,11.13,0 (tie),44 (This_is_KB)
string,0,1,18,6,0,6,27,9,1,0,204,0,26,2,37,8,345,21.56,0 (tie),204 (PuffingFishHQ)
stripped_acacia_log,0,33,0,0,0,0,0,0,0,0,3,0,0,0,1,0,37,2.31,0 (tie),33 (Artorvian)
stripped_birch_log,0,0,0,113,0,0,0,0,0,0,99,0,0,0,0,0,212,13.25,0 (tie),113 (Blondskunk)
stripped_birch_wood,0,0,3,0,0,0,0,0,0,0,0,0,0,0,0,0,3,0.19,0 (tie),3 (Ash298)
stripped_cherry_log,0,0,0,0,0,0,0,0,0,0,0,0,85,0,0,0,85,5.31,0 (tie),85 (This_is_KB)
stripped_cherry_wood,0,0,0,0,0,0,0,0,0,0,0,0,8,0,0,0,8,0.50,0 (tie),8 (This_is_KB)
stripped_dark_oak_log,0,467,328,1469,0,0,0,1088,0,2,8,0,86,0,1,22,3471,216.94,0 (tie),1469 (Blondskunk)
stripped_dark_oak_wood,0,250,4,55,0,0,0,6,0,1,0,0,0,0,0,0,316,19.75,0 (tie),250 (Artorvian)
stripped_jungle_log,0,3,31,0,0,0,0,0,0,0,6,0,39,0,0,0,79,4.94,0 (tie),39 (This_is_KB)
stripped_jungle_wood,0,0,0,0,0,0,0,0,0,0,0,0,92,0,0,0,92,5.75,0 (tie),92 (This_is_KB)
stripped_mangrove_log,0,12,2,136,99,0,0,271,2,0,0,0,129,7,3,47,708,44.25,0 (tie),271 (Jagiero)
stripped_mangrove_wood,0,0,4,14,0,0,0,0,0,0,0,0,25,0,0,2,45,2.81,0 (tie),25 (This_is_KB)
stripped_oak_log,0,0,11,6,112,8,0,0,0,0,9,0,0,0,0,0,146,9.13,0 (tie),112 (BrokenPixelSK)
stripped_oak_wood,0,0,20,0,0,0,0,0,0,0,0,0,0,0,0,0,20,1.25,0 (tie),20 (Ash298)
stripped_spruce_log,0,113,141,600,207,0,0,0,9,13,17,0,0,0,91,130,1321,82.56,0 (tie),600 (Blondskunk)
stripped_spruce_wood,0,81,19,0,5,0,0,0,0,10,0,0,0,0,85,75,275,17.19,0 (tie),85 (tinkfro)
stripped_warped_stem,0,5,36,0,0,0,0,0,0,0,1,0,0,0,0,0,42,2.63,0 (tie),36 (Ash298)
sugar_cane,0,55,24,4,5,67,30,55,88,41,85,0,81,71,676,9,1291,80.69,0 (tie),676 (tinkfro)
sunflower,0,0,0,0,0,0,0,3,0,0,10,0,0,0,1,0,14,0.88,0 (tie),10 (PuffingFishHQ)
suspicious_stew,0,0,0,0,0,1,0,0,0,0,6,0,0,0,1,0,8,0.50,0 (tie),6 (PuffingFishHQ)
sweet_berries,3,12,24,0,0,12,0,0,3,2,6,0,0,0,309,0,371,23.19,0 (tie),309 (tinkfro)
tadpole_bucket,0,0,0,12,0,0,0,0,0,0,0,0,0,0,2,0,14,0.88,0 (tie),12 (Blondskunk)
target,0,5,0,0,0,2,0,0,0,0,66,0,0,0,1,0,74,4.63,0 (tie),66 (PuffingFishHQ)
terracotta,0,0,0,0,0,8,0,0,0,14,544,0,39,0,315,4,924,57.75,0 (tie),544 (PuffingFishHQ)
tinted_glass,0,33,18,0,0,97,0,0,0,0,26,0,547,0,280,0,1001,62.56,0 (tie),547 (This_is_KB)
tnt,0,0,0,0,0,286,0,90,0,0,1300,0,10,3,46,345,2080,130.00,0 (tie),1300 (PuffingFishHQ)
torch,1684,1664,1779,3388,697,1906,1231,3721,1346,2645,4964,60,6845,1390,2831,5129,41280,2580.00,60 (squaremario),6845 (This_is_KB)
torchflower,0,0,0,11,0,0,0,0,0,0,0,0,0,0,0,0,11,0.69,0 (tie),11 (Blondskunk)
torchflower_seeds,0,0,0,24,0,0,0,0,0,0,0,0,0,0,0,0,24,1.50,0 (tie),24 (Blondskunk)
totem_of_undying,0,1,0,0,0,9,0,0,0,0,6,0,0,0,28,0,44,2.75,0 (tie),28 (tinkfro)
trapped_chest,0,0,0,0,0,0,0,0,2,0,0,0,0,0,0,0,2,0.13,0 (tie),2 (JustinL94)
trident,0,0,0,0,0,0,0,0,0,0,0,0,0,0,2407,0,2407,150.44,0 (tie),2407 (tinkfro)
tripwire_hook,1,1,0,2,2,0,0,0,0,0,7,0,0,0,52,0,65,4.06,0 (tie),52 (tinkfro)
tropical_fish,0,0,0,0,0,0,0,0,3,0,0,0,0,0,16,0,19,1.19,0 (tie),16 (tinkfro)
tropical_fish_bucket,0,0,0,2,0,0,0,0,0,0,0,0,0,0,0,0,2,0.13,0 (tie),2 (Blondskunk)
tube_coral_block,0,2,0,0,0,0,0,0,0,0,0,0,0,0,0,0,2,0.13,0 (tie),2 (Artorvian)
tube_coral_fan,0,2,0,0,0,0,0,0,0,0,0,0,0,0,0,0,2,0.13,0 (tie),2 (Artorvian)
tuff,472,257,925,1492,4,129,2,2320,144,13,452,2,119,154,666,357,7508,469.25,2 (tie),2320 (Jagiero)
tuff_brick_slab,0,0,0,0,0,0,0,0,0,0,127,0,0,0,0,0,127,7.94,0 (tie),127 (PuffingFishHQ)
tuff_brick_stairs,10,0,0,0,0,0,0,0,0,0,27,0,0,0,0,0,37,2.31,0 (tie),27 (PuffingFishHQ)
tuff_brick_wall,8,0,0,0,0,0,0,0,0,0,0,0,0,0,0,0,8,0.50,0 (tie),8 (AllOutJay)
tuff_bricks,185,0,0,2,0,0,0,0,0,0,93,0,0,0,0,0,280,17.50,0 (tie),185 (AllOutJay)
tuff_stairs,3,0,0,0,0,0,0,0,0,0,0,0,0,0,0,0,3,0.19,0 (tie),3 (AllOutJay)
turtle_egg,0,0,0,7,0,0,0,0,0,0,0,0,0,0,10,0,17,1.06,0 (tie),10 (tinkfro)
twisting_vines,0,0,18,11,0,9,0,0,0,0,0,0,0,0,1,0,39,2.44,0 (tie),18 (Ash298)
verdant_froglight,1,0,0,257,0,0,0,0,0,0,60,0,36,0,90,21,465,29.06,0 (tie),257 (Blondskunk)
vine,0,12,85,22,0,48,30,9,0,0,0,0,74,0,1,0,281,17.56,0 (tie),85 (Ash298)
warped_button,0,0,0,0,6,0,0,0,0,0,0,0,0,0,0,0,6,0.38,0 (tie),6 (BrokenPixelSK)
warped_door,0,7,0,0,3,0,0,0,0,0,0,0,0,0,0,0,10,0.63,0 (tie),7 (Artorvian)
warped_fence,0,0,18,0,0,0,0,0,0,0,0,0,0,0,0,0,18,1.13,0 (tie),18 (Ash298)
warped_fence_gate,0,0,14,0,0,0,0,0,0,0,0,0,0,0,0,0,14,0.88,0 (tie),14 (Ash298)
warped_fungus,0,0,4,0,0,0,0,0,0,0,7,0,0,1,1,0,13,0.81,0 (tie),7 (PuffingFishHQ)
warped_fungus_on_a_stick,0,0,0,0,0,0,0,0,0,0,1,0,0,0,0,0,1,0.06,0 (tie),1 (PuffingFishHQ)
warped_hanging_sign,0,0,0,6,0,0,0,0,0,0,0,0,0,0,0,0,6,0.38,0 (tie),6 (Blondskunk)
warped_hyphae,0,0,0,12,0,0,0,0,0,0,0,0,0,0,0,0,12,0.75,0 (tie),12 (Blondskunk)
warped_nylium,0,0,0,26,0,41,0,0,0,2,6,0,109,0,1,0,185,11.56,0 (tie),109 (This_is_KB)
warped_planks,0,5,6,16,0,8,1,0,0,0,2,0,0,0,0,0,38,2.38,0 (tie),16 (Blondskunk)
warped_roots,1,0,4,0,0,0,0,0,1,0,2,0,0,0,0,0,8,0.50,0 (tie),4 (Ash298)
warped_sign,0,0,0,3,0,0,0,0,0,0,0,0,2,0,0,0,5,0.31,0 (tie),3 (Blondskunk)
warped_slab,0,0,5,0,0,0,101,0,0,0,0,0,0,0,0,0,106,6.63,0 (tie),101 (ImGP)
warped_stairs,0,6,6,0,0,0,46,0,0,0,0,0,0,0,0,0,58,3.63,0 (tie),46 (ImGP)
warped_stem,0,0,1,27,0,287,8,0,0,0,34,0,0,0,9,0,366,22.88,0 (tie),287 (HughBone)
warped_trapdoor,0,10,14,5,0,0,0,0,0,0,25,0,5,0,0,0,59,3.69,0 (tie),25 (PuffingFishHQ)
warped_wart_block,0,2,2,12,0,0,0,0,0,0,56,0,0,9,8,1,90,5.63,0 (tie),56 (PuffingFishHQ)
water_bucket,180,215,647,496,76,829,45,325,95,56,930,19,1059,717,2422,134,8245,515.31,19 (squaremario),2422 (tinkfro)
waxed_cut_copper_slab,0,0,0,0,0,0,0,0,0,8,0,0,0,0,0,0,8,0.50,0 (tie),8 (KingZee)
waxed_cut_copper_stairs,0,2,0,0,2,0,0,0,0,21,0,0,0,0,0,0,25,1.56,0 (tie),21 (KingZee)
waxed_exposed_copper,0,0,0,1,0,0,0,0,0,0,0,0,0,0,0,0,1,0.06,0 (tie),1 (Blondskunk)
waxed_exposed_copper_bulb,0,0,0,45,0,0,0,0,0,0,0,0,0,0,0,0,45,2.81,0 (tie),45 (Blondskunk)
waxed_exposed_copper_grate,0,0,0,16,0,0,0,0,0,0,0,0,0,0,0,0,16,1.00,0 (tie),16 (Blondskunk)
waxed_exposed_copper_trapdoor,0,0,0,0,0,0,0,0,0,0,0,0,68,0,0,0,68,4.25,0 (tie),68 (This_is_KB)
waxed_exposed_cut_copper_stairs,0,0,0,13,0,0,0,0,0,0,0,0,0,0,0,0,13,0.81,0 (tie),13 (Blondskunk)
waxed_oxidized_copper,0,0,0,0,0,0,0,0,0,38,0,0,0,0,0,0,38,2.38,0 (tie),38 (KingZee)
waxed_oxidized_cut_copper,0,24,0,0,0,0,0,0,0,0,0,0,0,0,0,0,24,1.50,0 (tie),24 (Artorvian)
waxed_oxidized_cut_copper_slab,0,0,0,0,0,0,0,0,0,10,0,0,0,0,0,0,10,0.63,0 (tie),10 (KingZee)
waxed_oxidized_cut_copper_stairs,0,0,0,0,0,0,0,0,0,4,0,0,0,0,0,0,4,0.25,0 (tie),4 (KingZee)
waxed_weathered_copper,0,0,0,0,4,0,0,0,0,0,0,0,0,0,0,0,4,0.25,0 (tie),4 (BrokenPixelSK)
waxed_weathered_cut_copper,0,0,0,0,10,0,0,0,0,0,0,0,0,0,0,0,10,0.63,0 (tie),10 (BrokenPixelSK)
waxed_weathered_cut_copper_slab,0,0,0,0,52,0,0,0,0,0,0,0,0,0,0,0,52,3.25,0 (tie),52 (BrokenPixelSK)
waxed_weathered_cut_copper_stairs,0,0,0,0,9,0,0,0,0,0,0,0,0,0,0,0,9,0.56,0 (tie),9 (BrokenPixelSK)
weathered_copper,0,0,0,0,0,0,0,0,0,80,0,0,0,84,0,0,164,10.25,0 (tie),84 (ThisIsDoom)
weathered_cut_copper,0,4,0,0,0,0,0,0,0,0,0,0,0,0,0,0,4,0.25,0 (tie),4 (Artorvian)
weeping_vines,0,0,0,13,0,0,1,0,19,0,4,0,34,0,1,16,88,5.50,0 (tie),34 (This_is_KB)
wet_sponge,0,0,0,0,0,0,0,0,0,0,6,0,0,0,56,0,62,3.88,0 (tie),56 (tinkfro)
wheat,0,1,0,0,0,0,0,0,0,11,0,0,0,278,0,0,290,18.13,0 (tie),278 (ThisIsDoom)
wheat_seeds,991,548,608,3052,966,1329,1706,2072,2132,1628,2819,0,6647,2073,1835,9633,38039,2377.44,0 (squaremario),9633 (WhiteFyr)
white_banner,0,17,2,1,2,15,0,0,0,0,41,0,35,2,15,0,130,8.13,0 (tie),41 (PuffingFishHQ)
white_bed,0,117,0,14,54,36,4,26,35,148,91,0,175,0,9,6,715,44.69,0 (tie),175 (This_is_KB)
white_candle,0,0,0,0,0,0,0,0,0,0,0,0,0,0,7,0,7,0.44,0 (tie),7 (tinkfro)
white_carpet,0,12,0,28,2,0,0,9,8,0,7,0,26,15,74,42,223,13.94,0 (tie),74 (tinkfro)
white_concrete,0,0,0,42,249,0,0,0,0,11,0,0,723,0,35,2,1062,66.38,0 (tie),723 (This_is_KB)
white_concrete_powder,0,0,0,272,256,0,0,0,0,0,0,0,417,24,32,64,1065,66.56,0 (tie),417 (This_is_KB)
white_dye,0,0,13,240,0,5,0,0,0,3,28,0,71,0,17,53,430,26.88,0 (tie),240 (Blondskunk)
white_shulker_box,14,0,0,31,0,0,0,0,0,0,0,0,427,0,191,0,663,41.44,0 (tie),427 (This_is_KB)
white_stained_glass,0,2,6,1025,0,0,0,0,2,35,2671,0,11,0,3,164,3919,244.94,0 (tie),2671 (PuffingFishHQ)
white_stained_glass_pane,0,2,60,57,0,0,0,0,45,2,1660,0,12,0,48,4,1890,118.13,0 (tie),1660 (PuffingFishHQ)
white_terracotta,0,0,0,0,0,0,0,0,0,0,0,0,0,0,0,2,2,0.13,0 (tie),2 (WhiteFyr)
white_tulip,15,0,12,15,0,3,0,0,0,0,2,0,0,0,2,1,50,3.13,0 (tie),15 (tie)
white_wool,0,140,84,305,103,7081,95,0,1,0,171,1,14,27,4423,187,12632,789.50,0 (tie),7081 (HughBone)
wither_rose,0,0,0,0,0,0,0,0,0,0,0,0,1,0,0,0,1,0.06,0 (tie),1 (This_is_KB)
wither_skeleton_skull,0,0,0,3,0,0,0,3,0,0,0,0,9,0,3,4,22,1.38,0 (tie),9 (This_is_KB)
wooden_axe,47,45,0,2,40,0,6,31,0,0,0,0,25,0,0,49,245,15.31,0 (tie),49 (WhiteFyr)
wooden_hoe,0,0,0,0,0,0,1,0,0,0,0,0,177,0,0,22,200,12.50,0 (tie),177 (This_is_KB)
wooden_pickaxe,48,0,13,17,5,12,3,43,17,22,20,10,20,96,12,10,348,21.75,0 (Artorvian),96 (ThisIsDoom)
wooden_sword,1107,46,0,0,0,0,0,27,59,0,0,6,701,0,0,0,1946,121.63,0 (tie),1107 (AllOutJay)
writable_book,5,8,0,51,1,7,0,0,3,0,23,0,0,2,5,8,113,7.06,0 (tie),51 (Blondskunk)
written_book,0,0,2,0,1,0,0,3,0,2,3,0,0,0,3,1,15,0.94,0 (tie),3 (tie)
yellow_banner,0,2,0,15,2,0,0,0,0,0,4,0,0,0,0,0,23,1.44,0 (tie),15 (Blondskunk)
yellow_bed,1,2,18,0,0,0,0,0,7,3,13,0,0,136,248,0,428,26.75,0 (tie),248 (tinkfro)
yellow_candle,24,0,0,0,0,0,0,0,0,0,0,0,0,0,0,0,24,1.50,0 (tie),24 (AllOutJay)
yellow_carpet,0,0,0,27,0,0,0,0,0,0,0,0,0,0,2,16,45,2.81,0 (tie),27 (Blondskunk)
yellow_concrete,0,20,400,45,0,0,0,0,0,0,5,0,0,0,376,0,846,52.88,0 (tie),400 (Ash298)
yellow_concrete_powder,0,409,0,0,0,0,0,0,0,0,8,0,48,0,1013,0,1478,92.38,0 (tie),1013 (tinkfro)
yellow_dye,5,0,0,6,0,0,0,0,0,0,7,0,0,0,13,0,31,1.94,0 (tie),13 (tinkfro)
yellow_glazed_terracotta,0,0,0,4,0,0,0,0,0,0,6,0,0,0,0,0,10,0.63,0 (tie),6 (PuffingFishHQ)
yellow_shulker_box,0,0,0,0,0,0,0,0,0,0,143,0,43,0,305,7,498,31.13,0 (tie),305 (tinkfro)
yellow_stained_glass,19,6,87,234,0,0,0,0,1,0,116,0,0,0,29,145,637,39.81,0 (tie),234 (Blondskunk)
yellow_stained_glass_pane,0,12,0,318,0,0,0,0,0,0,0,0,0,0,0,0,330,20.63,0 (tie),318 (Blondskunk)
yellow_terracotta,0,7,0,0,0,0,0,0,0,0,0,0,0,0,57,0,64,4.00,0 (tie),57 (tinkfro)
yellow_wool,0,8,192,81,4,0,0,0,0,0,0,0,4,0,11,58,358,22.38,0 (tie),192 (Ash298)
,,,,,,,,,,,,,,,,,,,,,,,,,,,,,,,,,,,,,,,,,
pTotal,64648,75994,135708,458442,46989,118692,40146,344925,58256,81119,530632,1753,423594,84139,329946,853358
pAvg,266.04,173.50,374.88,838.10,163.16,375.61,278.79,1413.63,205.13,367.05,944.19,33.08,928.93,342.03,576.83,2770.64
pMin,1 (tie),1 (tie),1 (tie),1 (tie),1 (tie),1 (tie),1 (tie),1 (tie),1 (tie),1 (tie),1 (tie),1 (tie),1 (tie),1 (tie),1 (tie),1 (tie)
pMax,27606 (diamond_pickaxe),12682 (diamond_pickaxe),23315 (diamond_pickaxe),109109 (diamond_pickaxe),6874 (diamond_pickaxe),28716 (diamond_pickaxe),9307 (diamond_pickaxe),78234 (diamond_pickaxe),19391 (diamond_pickaxe),31699 (diamond_pickaxe),107722 (diamond_pickaxe),445 (diamond_pickaxe),104342 (diamond_pickaxe),18224 (diamond_pickaxe),78220 (netherite_pickaxe),417712 (netherite_pickaxe)